-- Midsummer Event
-- Initial Fixes & spawns for Eastern Kingdoms and Kalimdor
-- Outland and Northrend look fine from TrinityCore as it is
-- 1240 object spawns & 665 creatures
USE dev_tc_world;
SET @CGUID = 170000; -- 665 Required
SET @OGUID = 190000; -- 1240 Required


-- Fix event start time
UPDATE `game_event` SET `start_time` = '2024-06-21 01:01:00', `end_time` = '2030-12-31 06:00:00' WHERE (`eventEntry` = '1');

-- Midsummer Celebrant has bugged faction for now. Will use 35 for now.
UPDATE `creature_template` SET `faction` = '35' WHERE (`entry` = '16781');

-- Eastern Kingdoms Flame Wardens update
UPDATE `creature_template` SET `AIName` = 'SmartAI', `flags_extra` = '64' WHERE (`entry` = '51574');
UPDATE `creature_template` SET `AIName` = 'SmartAI', `flags_extra` = '64' WHERE (`entry` = '51585');
UPDATE `creature_template` SET `AIName` = 'SmartAI', `flags_extra` = '64' WHERE (`entry` = '51602');

-- Kalimdor Flame Wardens update
UPDATE `creature_template` SET `AIName` = 'SmartAI', `flags_extra` = '64' WHERE (`entry` = '51586');
UPDATE `creature_template` SET `AIName` = 'SmartAI', `flags_extra` = '64' WHERE (`entry` = '51588');
UPDATE `creature_template` SET `AIName` = 'SmartAI', `flags_extra` = '64' WHERE (`entry` = '51606');

-- Eastern Kingdoms Flame Keepers update
UPDATE `creature_template` SET `AIName` = 'SmartAI', `flags_extra` = '64' WHERE (`entry` = '51582');
UPDATE `creature_template` SET `AIName` = 'SmartAI', `flags_extra` = '64' WHERE (`entry` = '51603');
UPDATE `creature_template` SET `AIName` = 'SmartAI', `flags_extra` = '64' WHERE (`entry` = '51604');

-- Kalimdor Flame Keepers update
UPDATE `creature_template` SET `AIName` = 'SmartAI', `flags_extra` = '64' WHERE (`entry` = '51575');
UPDATE `creature_template` SET `AIName` = 'SmartAI', `flags_extra` = '64' WHERE (`entry` = '51587');


-- remove left over spawns before adding complete sets
-- remove also game_event creature guids/objects
-- Feralas flame warden is so lonely so we get rid of him
DELETE FROM `game_event_creature` WHERE `eventEntry` = 1 AND `guid` IN (SELECT `guid` FROM `creature` WHERE `id` IN (25899));
DELETE FROM `creature` WHERE `id` IN (25899);

-- smart scripts for the alliance flames
 -- GameObject 181334 smart ai
SET @ENTRY := 181334;
UPDATE `gameobject_template` SET `AIName` = 'SmartGameObjectAI' WHERE `entry` = @ENTRY;
DELETE FROM `smart_scripts` WHERE `source_type` = 1 AND `entryOrGuid` = @ENTRY;
INSERT INTO `smart_scripts` (`entryorguid`, `source_type`, `id`, `link`, `Difficulties`, `event_type`, `event_phase_mask`, `event_chance`, `event_flags`, `event_param1`, `event_param2`, `event_param3`, `event_param4`, `action_type`, `action_param1`, `action_param2`, `action_param3`, `action_param4`, `action_param5`, `action_param6`, `target_type`, `target_param1`, `target_param2`, `target_param3`, `target_x`, `target_y`, `target_z`, `target_o`, `comment`) VALUES 
(@ENTRY, 1, 0, 0, '', 64, 0, 100, 0, 0, 0, 0, 0, 134, 29099, 0, 0, 0, 0, 0, 7, 0, 0, 0, 0, 0, 0, 0, 'On player opened gossip - Gossip player: Cast spell 29099 on Gossip player');
DELETE FROM `conditions` WHERE `SourceTypeOrReferenceId` = 22 AND `SourceEntry` = 181334 AND `SourceId` = 1;

 -- GameObject 181333 smart ai
SET @ENTRY := 181333;
UPDATE `gameobject_template` SET `AIName` = 'SmartGameObjectAI' WHERE `entry` = @ENTRY;
DELETE FROM `smart_scripts` WHERE `source_type` = 1 AND `entryOrGuid` = @ENTRY;
INSERT INTO `smart_scripts` (`entryorguid`, `source_type`, `id`, `link`, `Difficulties`, `event_type`, `event_phase_mask`, `event_chance`, `event_flags`, `event_param1`, `event_param2`, `event_param3`, `event_param4`, `action_type`, `action_param1`, `action_param2`, `action_param3`, `action_param4`, `action_param5`, `action_param6`, `target_type`, `target_param1`, `target_param2`, `target_param3`, `target_x`, `target_y`, `target_z`, `target_o`, `comment`) VALUES 
(@ENTRY, 1, 0, 0, '', 64, 0, 100, 0, 0, 0, 0, 0, 134, 29102, 0, 0, 0, 0, 0, 7, 0, 0, 0, 0, 0, 0, 0, 'On player opened gossip - Gossip player: Cast spell 29102 on Gossip player');
DELETE FROM `conditions` WHERE `SourceTypeOrReferenceId` = 22 AND `SourceEntry` = 181333 AND `SourceId` = 1;

 -- GameObject 181332 smart ai
SET @ENTRY := 181332;
UPDATE `gameobject_template` SET `AIName` = 'SmartGameObjectAI' WHERE `entry` = @ENTRY;
DELETE FROM `smart_scripts` WHERE `source_type` = 1 AND `entryOrGuid` = @ENTRY;
INSERT INTO `smart_scripts` (`entryorguid`, `source_type`, `id`, `link`, `Difficulties`, `event_type`, `event_phase_mask`, `event_chance`, `event_flags`, `event_param1`, `event_param2`, `event_param3`, `event_param4`, `action_type`, `action_param1`, `action_param2`, `action_param3`, `action_param4`, `action_param5`, `action_param6`, `target_type`, `target_param1`, `target_param2`, `target_param3`, `target_x`, `target_y`, `target_z`, `target_o`, `comment`) VALUES 
(@ENTRY, 1, 0, 0, '', 64, 0, 100, 0, 0, 0, 0, 0, 134, 29101, 0, 0, 0, 0, 0, 7, 0, 0, 0, 0, 0, 0, 0, 'On player opened gossip - Gossip player: Cast spell 29101 on Gossip player');
DELETE FROM `conditions` WHERE `SourceTypeOrReferenceId` = 22 AND `SourceEntry` = 181332 AND `SourceId` = 1;

 -- GameObject 188128 smart ai
SET @ENTRY := 188128;
UPDATE `gameobject_template` SET `AIName` = 'SmartGameObjectAI' WHERE `entry` = @ENTRY;
DELETE FROM `smart_scripts` WHERE `source_type` = 1 AND `entryOrGuid` = @ENTRY;
INSERT INTO `smart_scripts` (`entryorguid`, `source_type`, `id`, `link`, `Difficulties`, `event_type`, `event_phase_mask`, `event_chance`, `event_flags`, `event_param1`, `event_param2`, `event_param3`, `event_param4`, `action_type`, `action_param1`, `action_param2`, `action_param3`, `action_param4`, `action_param5`, `action_param6`, `target_type`, `target_param1`, `target_param2`, `target_param3`, `target_x`, `target_y`, `target_z`, `target_o`, `comment`) VALUES 
(@ENTRY, 1, 0, 0, '', 64, 0, 100, 0, 0, 0, 0, 0, 134, 46690, 0, 0, 0, 0, 0, 7, 0, 0, 0, 0, 0, 0, 0, 'On player opened gossip - Gossip player: Cast spell 46690 on Gossip player');
DELETE FROM `conditions` WHERE `SourceTypeOrReferenceId` = 22 AND `SourceEntry` = 188128 AND `SourceId` = 1;

 -- smart scripts for the horde flames
 -- GameObject 181335 smart ai
SET @ENTRY := 181335;
UPDATE `gameobject_template` SET `AIName` = 'SmartGameObjectAI' WHERE `entry` = @ENTRY;
DELETE FROM `smart_scripts` WHERE `source_type` = 1 AND `entryOrGuid` = @ENTRY;
INSERT INTO `smart_scripts` (`entryorguid`, `source_type`, `id`, `link`, `Difficulties`, `event_type`, `event_phase_mask`, `event_chance`, `event_flags`, `event_param1`, `event_param2`, `event_param3`, `event_param4`, `action_type`, `action_param1`, `action_param2`, `action_param3`, `action_param4`, `action_param5`, `action_param6`, `target_type`, `target_param1`, `target_param2`, `target_param3`, `target_x`, `target_y`, `target_z`, `target_o`, `comment`) VALUES 
(@ENTRY, 1, 0, 0, '', 64, 0, 100, 0, 0, 0, 0, 0, 134, 29133, 0, 0, 0, 0, 0, 7, 0, 0, 0, 0, 0, 0, 0, 'On player opened gossip - Gossip player: Cast spell 29133 on Gossip player');
DELETE FROM `conditions` WHERE `SourceTypeOrReferenceId` = 22 AND `SourceEntry` = 181335 AND `SourceId` = 1;

 -- GameObject 181336 smart ai
SET @ENTRY := 181336;
UPDATE `gameobject_template` SET `AIName` = 'SmartGameObjectAI' WHERE `entry` = @ENTRY;
DELETE FROM `smart_scripts` WHERE `source_type` = 1 AND `entryOrGuid` = @ENTRY;
INSERT INTO `smart_scripts` (`entryorguid`, `source_type`, `id`, `link`, `Difficulties`, `event_type`, `event_phase_mask`, `event_chance`, `event_flags`, `event_param1`, `event_param2`, `event_param3`, `event_param4`, `action_type`, `action_param1`, `action_param2`, `action_param3`, `action_param4`, `action_param5`, `action_param6`, `target_type`, `target_param1`, `target_param2`, `target_param3`, `target_x`, `target_y`, `target_z`, `target_o`, `comment`) VALUES 
(@ENTRY, 1, 0, 0, '', 64, 0, 100, 0, 0, 0, 0, 0, 134, 29130, 0, 0, 0, 0, 0, 7, 0, 0, 0, 0, 0, 0, 0, 'On player opened gossip - Gossip player: Cast spell 29130 on Gossip player');
DELETE FROM `conditions` WHERE `SourceTypeOrReferenceId` = 22 AND `SourceEntry` = 181336 AND `SourceId` = 1;

 -- GameObject 181337 smart ai
SET @ENTRY := 181337;
UPDATE `gameobject_template` SET `AIName` = 'SmartGameObjectAI' WHERE `entry` = @ENTRY;
DELETE FROM `smart_scripts` WHERE `source_type` = 1 AND `entryOrGuid` = @ENTRY;
INSERT INTO `smart_scripts` (`entryorguid`, `source_type`, `id`, `link`, `Difficulties`, `event_type`, `event_phase_mask`, `event_chance`, `event_flags`, `event_param1`, `event_param2`, `event_param3`, `event_param4`, `action_type`, `action_param1`, `action_param2`, `action_param3`, `action_param4`, `action_param5`, `action_param6`, `target_type`, `target_param1`, `target_param2`, `target_param3`, `target_x`, `target_y`, `target_z`, `target_o`, `comment`) VALUES 
(@ENTRY, 1, 0, 0, '', 64, 0, 100, 0, 0, 0, 0, 0, 134, 29132, 0, 0, 0, 0, 0, 7, 0, 0, 0, 0, 0, 0, 0, 'On player opened gossip - Gossip player: Cast spell 29132 on Gossip player');
DELETE FROM `conditions` WHERE `SourceTypeOrReferenceId` = 22 AND `SourceEntry` = 181337 AND `SourceId` = 1;

 -- GameObject 188129 smart ai
SET @ENTRY := 188129;
UPDATE `gameobject_template` SET `AIName` = 'SmartGameObjectAI' WHERE `entry` = @ENTRY;
DELETE FROM `smart_scripts` WHERE `source_type` = 1 AND `entryOrGuid` = @ENTRY;
INSERT INTO `smart_scripts` (`entryorguid`, `source_type`, `id`, `link`, `Difficulties`, `event_type`, `event_phase_mask`, `event_chance`, `event_flags`, `event_param1`, `event_param2`, `event_param3`, `event_param4`, `action_type`, `action_param1`, `action_param2`, `action_param3`, `action_param4`, `action_param5`, `action_param6`, `target_type`, `target_param1`, `target_param2`, `target_param3`, `target_x`, `target_y`, `target_z`, `target_o`, `comment`) VALUES 
(@ENTRY, 1, 0, 0, '', 64, 0, 100, 0, 0, 0, 0, 0, 134, 46689, 0, 0, 0, 0, 0, 7, 0, 0, 0, 0, 0, 0, 0, 'On player opened gossip - Gossip player: Cast spell 46689 on Gossip player');
DELETE FROM `conditions` WHERE `SourceTypeOrReferenceId` = 22 AND `SourceEntry` = 188129 AND `SourceId` = 1;

-- Kalimdor & Eastern Kingdoms creature spawns
-- Before removing any existing, we need to remove the game_event link
DELETE FROM `game_event_creature` WHERE `eventEntry` = 1 AND `guid` IN (
SELECT `guid` FROM `creature` WHERE map IN (0,1) AND id IN (
26221, -- earthen ring elder. do not forget the one in silvermoon
16781, -- celebrant
25884,25919,25921,25922,25928,25929,25930,25932,25936,25940,25943,51587,
25945,51575, -- flame keepers kalimdor
25920,51582,25923,25925,25927,25931,25933,25935,25939,25941,25944,25946,
51603,51604, -- flame keepers eastern k
51588,25883, 25897, 51586, 25906, 25899, 25894, 25888, 25916, 25891,
25893, 51606, 25914, 25917, -- flame wardens kalimdor
25898,25910,25904,25896,51574,25915,25902,25911,
51585,25895,25892,25909,25887,25908,51602,25890, -- flame wardens ek
26123,16817,25962,25975,26113,16818,26124,25994, -- camp npcs
17066,16592, 16606,222680, 25536, 25535 -- debug creatures
)
);
DELETE FROM `creature` WHERE `map` IN (0,1) AND `id` IN (
26221, -- earthen ring elder. do not forget the one in silvermoon
16781, -- celebrant
25884,25919,25921,25922,25928,25929,25930,25932,25936,25940,25943,51587,
25945,51575, -- flame keepers kalimdor
25920,51582,25923,25925,25927,25931,25933,25935,25939,25941,25944,25946,
51603,51604, -- flame keepers eastern k
51588,25883, 25897, 51586, 25906, 25899, 25894, 25888, 25916, 25891,
25893, 51606, 25914, 25917, -- flame wardens kalimdor
25898,25910,25904,25896,51574,25915,25902,25911,
51585,25895,25892,25909,25887,25908,51602,25890, -- flame wardens ek
26123,16817,25962,25975,26113,16818,26124,25994, -- camp npcs
17066,16592, 16606,222680, 25536, 25535 -- debug creatures
);
INSERT INTO `creature` VALUES
(@CGUID+0,16592,0,4,1437,0,0,0,0,-1,11686,0,-10928.7,-2888.43,10.7333,2.70526,300,0,0,100,0,NULL,NULL,NULL,NULL,"","",0,-1),
(@CGUID+1,16592,0,4,5076,0,0,0,0,-1,11686,0,-10951.5,-3218.1,41.3475,1.9199,300,0,0,100,0,NULL,NULL,NULL,NULL,"","",0,-1),
(@CGUID+2,16592,0,0,0,0,0,0,0,-1,0,0,-9399.2,45.9685,60.1017,3.46235,300,0,0,100,0,NULL,NULL,NULL,NULL,"","",0,-1),
(@CGUID+3,16592,0,0,0,0,0,0,0,-1,0,0,-10847.3,1429.45,43.4095,2.31336,300,0,0,100,0,NULL,NULL,NULL,NULL,"","",0,-1),
(@CGUID+4,16592,0,0,0,0,0,0,0,-1,0,0,-9425.52,-2082.42,62.1551,3.10652,300,0,0,100,0,NULL,NULL,NULL,NULL,"","",0,-1),
(@CGUID+5,16592,0,0,0,0,0,0,0,-1,0,0,-10694.3,-1148.28,25.6244,3.98861,300,0,0,100,0,NULL,NULL,NULL,NULL,"","",0,-1),
(@CGUID+6,16592,0,0,0,0,0,0,0,-1,0,0,-12746.7,-372.3,12.8561,5.98983,300,0,0,100,0,NULL,NULL,NULL,NULL,"","",0,-1),
(@CGUID+7,16592,0,0,0,0,0,0,0,-1,0,0,-14314.9,84.6753,1.74538,4.97382,300,0,0,100,0,NULL,NULL,NULL,NULL,"","",0,-1),
(@CGUID+8,16592,0,0,0,0,0,0,0,-1,0,0,-5198.2,-2866.01,333.608,4.67027,300,0,0,100,0,NULL,NULL,NULL,NULL,"","",0,-1),
(@CGUID+9,16592,0,0,0,0,0,0,0,-1,0,0,-3479.98,-912.198,10.827,1.30643,300,0,0,100,0,NULL,NULL,NULL,NULL,"","",0,-1),
(@CGUID+10,16592,0,0,0,0,0,0,0,-1,0,0,-7000.45,-2464.97,241.76,0.33738,300,0,0,100,0,NULL,NULL,NULL,NULL,"","",0,-1),
(@CGUID+11,16592,0,0,0,0,0,0,0,-1,0,0,-5433.37,-488.378,396.88,1.81595,300,0,0,100,0,NULL,NULL,NULL,NULL,"","",0,-1),
(@CGUID+12,16592,0,0,0,0,0,0,0,-1,0,0,-8238.2,-2612.62,133.154,1.60566,300,0,0,100,0,NULL,NULL,NULL,NULL,"","",0,-1),
(@CGUID+13,16592,0,0,0,0,0,0,0,-1,0,0,985.424,-1455.32,61.1702,1.76101,300,0,0,100,0,NULL,NULL,NULL,NULL,"","",0,-1),
(@CGUID+14,16592,0,0,0,0,0,0,0,-1,0,0,-1233.7,-2664.88,46.3649,5.78115,300,0,0,100,0,NULL,NULL,NULL,NULL,"","",0,-1),
(@CGUID+15,16592,0,0,0,0,0,0,0,-1,0,0,181.525,-2135.54,102.066,5.21441,300,0,0,100,0,NULL,NULL,NULL,NULL,"","",0,-1),
(@CGUID+16,16592,0,0,0,0,0,0,0,-1,0,0,-9766.78,-3991.13,23.5177,1.82879,300,0,0,100,0,NULL,NULL,NULL,NULL,"","",0,-1),
(@CGUID+17,16592,0,0,0,0,0,0,0,-1,0,0,-10951.8,-3217.77,41.3485,6.16417,300,0,0,100,0,NULL,NULL,NULL,NULL,"","",0,-1),
(@CGUID+18,16592,1,0,0,0,0,0,0,-1,0,0,3050.47,-3320.15,148.471,2.93886,300,0,0,100,0,NULL,NULL,NULL,NULL,"","",0,-1),
(@CGUID+19,16592,1,0,0,0,0,0,0,-1,0,0,9782.43,992.152,1297.32,4.35858,300,0,0,100,0,NULL,NULL,NULL,NULL,"","",0,-1),
(@CGUID+20,16592,1,0,0,0,0,0,0,-1,0,0,-72.5927,1269.86,90.5119,4.8658,300,0,0,100,0,NULL,NULL,NULL,NULL,"","",0,-1),
(@CGUID+21,16592,1,0,0,0,0,0,0,-1,0,0,1440.77,1020.75,150.548,1.69879,300,0,0,100,0,NULL,NULL,NULL,NULL,"","",0,-1),
(@CGUID+22,16592,1,0,0,0,0,0,0,-1,0,0,-4401.25,2166.19,11.1289,5.94056,300,0,0,100,0,NULL,NULL,NULL,NULL,"","",0,-1),
(@CGUID+23,16592,1,0,0,0,0,0,0,-1,0,0,-3295.92,-2206.51,92.1926,4.2751,300,0,0,100,0,NULL,NULL,NULL,NULL,"","",0,-1),
(@CGUID+24,16592,1,0,0,0,0,0,0,-1,0,0,-7020.07,-3896.69,10.9889,5.86535,300,0,0,100,0,NULL,NULL,NULL,NULL,"","",0,-1),
(@CGUID+25,16592,1,0,0,0,0,0,0,-1,0,0,-7527.44,-1697.8,-279,3.9957,300,0,0,100,0,NULL,NULL,NULL,NULL,"","",0,-1),
(@CGUID+26,16592,1,0,0,0,0,0,0,-1,0,0,7262.09,-143.306,15.0541,1.55036,300,0,0,100,0,NULL,NULL,NULL,NULL,"","",0,-1),
(@CGUID+27,16592,1,0,0,0,0,0,0,-1,0,0,-3434.8,-4236.32,9.95921,2.45941,300,0,0,100,0,NULL,NULL,NULL,NULL,"","",0,-1),
(@CGUID+28,16592,1,0,0,0,0,0,0,-1,0,0,-6765.72,576.43,5.08813,4.18807,300,0,0,100,0,NULL,NULL,NULL,NULL,"","",0,-1),
(@CGUID+29,16592,1,0,0,0,0,0,0,-1,0,0,6854.6,-4752.32,696.822,6.21685,300,0,0,100,0,NULL,NULL,NULL,NULL,"","",0,-1),
(@CGUID+30,16592,1,0,0,0,0,0,0,-1,0,0,9984.94,2200.63,1328.47,2.28779,300,0,0,100,0,NULL,NULL,NULL,NULL,"","",0,-1),
(@CGUID+31,16592,1,0,0,0,0,0,0,-1,0,0,2050.66,-4315.16,95.472,4.46527,300,0,0,100,0,NULL,NULL,NULL,NULL,"","",0,-1),
(@CGUID+32,16592,0,0,0,0,0,0,0,-1,0,0,-1103.69,-3490.91,50.0042,6.1916,300,0,0,100,0,NULL,NULL,NULL,NULL,"","",0,-1),
(@CGUID+33,16592,0,0,0,0,0,0,0,-1,0,0,-10929.8,-2890.36,10.556,0.112626,300,0,0,100,0,NULL,NULL,NULL,NULL,"","",0,-1),
(@CGUID+34,16592,0,0,0,0,0,0,0,-1,0,0,-133.498,-803.903,55.1231,2.81898,300,0,0,100,0,NULL,NULL,NULL,NULL,"","",0,-1),
(@CGUID+35,16592,0,0,0,0,0,0,0,-1,0,0,-14380,132.643,0.369493,0.95385,300,0,0,100,0,NULL,NULL,NULL,NULL,"","",0,-1),
(@CGUID+36,16592,0,0,0,0,0,0,0,-1,0,0,2285.22,485.215,34.0509,5.19353,300,0,0,100,0,NULL,NULL,NULL,NULL,"","",0,-1),
(@CGUID+37,16592,0,0,0,0,0,0,0,-1,0,0,-6610.61,-2638.61,265.838,6.18311,300,0,0,100,0,NULL,NULL,NULL,NULL,"","",0,-1),
(@CGUID+38,16592,0,0,0,0,0,0,0,-1,0,0,-7592.82,-2085.05,125.302,4.99784,300,0,0,100,0,NULL,NULL,NULL,NULL,"","",0,-1),
(@CGUID+39,16592,0,0,0,0,0,0,0,-1,0,0,-12424,82.9419,3.71307,1.59238,300,0,0,100,0,NULL,NULL,NULL,NULL,"","",0,-1),
(@CGUID+40,16592,0,0,0,0,0,0,0,-1,0,0,-9780.55,-3838.44,23.0067,5.26258,300,0,0,100,0,NULL,NULL,NULL,NULL,"","",0,-1),
(@CGUID+41,16592,0,0,0,0,0,0,0,-1,0,0,-493.94,-4576.63,8.87222,4.09049,300,0,0,100,0,NULL,NULL,NULL,NULL,"","",0,-1),
(@CGUID+42,16592,0,0,0,0,0,0,0,-1,0,0,1760.21,-843.863,60.4893,3.51093,300,0,0,100,0,NULL,NULL,NULL,NULL,"","",0,-1),
(@CGUID+43,16592,0,0,0,0,0,0,0,-1,0,0,1832.61,220.067,60.3987,5.56235,300,0,0,100,0,NULL,NULL,NULL,NULL,"","",0,-1),
(@CGUID+44,16592,0,0,0,0,0,0,0,-1,0,0,583.448,1346.72,89.1394,2.16865,300,0,0,100,0,NULL,NULL,NULL,NULL,"","",0,-1),
(@CGUID+45,16592,1,0,0,0,0,0,0,-1,0,0,2135.2,-1281.25,95.0749,1.37521,300,0,0,100,0,NULL,NULL,NULL,NULL,"","",0,-1),
(@CGUID+46,16592,1,0,0,0,0,0,0,-1,0,0,-1867.76,3061.27,1.00209,2.93975,300,0,0,100,0,NULL,NULL,NULL,NULL,"","",0,-1),
(@CGUID+47,16592,1,0,0,0,0,0,0,-1,0,0,-3109.44,-2699.46,35.8498,4.85729,300,0,0,100,0,NULL,NULL,NULL,NULL,"","",0,-1),
(@CGUID+48,16592,1,0,0,0,0,0,0,-1,0,0,-2298.3,-547.527,-5.06802,0.368352,300,0,0,100,0,NULL,NULL,NULL,NULL,"","",0,-1),
(@CGUID+49,16592,1,0,0,0,0,0,0,-1,0,0,-1038.88,277.229,135.745,4.73579,300,0,0,100,0,NULL,NULL,NULL,NULL,"","",0,-1),
(@CGUID+50,16592,1,0,0,0,0,0,0,-1,0,0,-6991.19,925.291,8.6508,5.7836,300,0,0,100,0,NULL,NULL,NULL,NULL,"","",0,-1),
(@CGUID+51,16592,1,0,0,0,0,0,0,-1,0,0,968.064,765.405,106.549,1.29895,300,0,0,100,0,NULL,NULL,NULL,NULL,"","",0,-1),
(@CGUID+52,16592,1,0,0,0,0,0,0,-1,0,0,-7599.36,-1554.37,-270.868,1.49384,300,0,0,100,0,NULL,NULL,NULL,NULL,"","",0,-1),
(@CGUID+53,16592,1,0,0,0,0,0,0,-1,0,0,129.151,-4719.42,18.4647,1.75364,300,0,0,100,0,NULL,NULL,NULL,NULL,"","",0,-1),
(@CGUID+54,16592,1,0,0,0,0,0,0,-1,0,0,-4501.19,432.858,47.4123,5.27065,300,0,0,100,0,NULL,NULL,NULL,NULL,"","",0,-1),
(@CGUID+55,16592,1,0,0,0,0,0,0,-1,0,0,-297.086,-2663.69,93.6125,1.2555,300,0,0,100,0,NULL,NULL,NULL,NULL,"","",0,-1),
(@CGUID+56,16592,1,0,0,0,0,0,0,-1,0,0,-3163.31,-1649.44,91.9202,1.38405,300,0,0,100,0,NULL,NULL,NULL,NULL,"","",0,-1),
(@CGUID+57,16592,1,0,0,0,0,0,0,-1,0,0,-7069.04,-3624.9,9.02753,0.642607,300,0,0,100,0,NULL,NULL,NULL,NULL,"","",0,-1),
(@CGUID+58,16592,1,0,0,0,0,0,0,-1,0,0,6830.77,-4574.6,709.094,2.75636,300,0,0,100,0,NULL,NULL,NULL,NULL,"","",0,-1),
(@CGUID+59,16606,0,0,0,0,0,0,0,-1,0,0,-9399.2,45.9685,60.1017,0,300,0,0,100,0,NULL,NULL,NULL,NULL,"","",0,-1),
(@CGUID+60,16606,0,0,0,0,0,0,0,-1,0,0,-10847.3,1429.45,43.4095,2.31336,300,0,0,100,0,NULL,NULL,NULL,NULL,"","",0,-1),
(@CGUID+61,16606,0,0,0,0,0,0,0,-1,0,0,-9425.52,-2082.42,62.1551,3.10652,300,0,0,100,0,NULL,NULL,NULL,NULL,"","",0,-1),
(@CGUID+62,16606,0,0,0,0,0,0,0,-1,0,0,-10694.3,-1148.28,25.6244,3.98861,300,0,0,100,0,NULL,NULL,NULL,NULL,"","",0,-1),
(@CGUID+63,16606,0,0,0,0,0,0,0,-1,0,0,-12746.7,-372.3,12.8561,5.98983,300,0,0,100,0,NULL,NULL,NULL,NULL,"","",0,-1),
(@CGUID+64,16606,0,0,0,0,0,0,0,-1,0,0,-14314.9,84.6753,1.74538,4.97382,300,0,0,100,0,NULL,NULL,NULL,NULL,"","",0,-1),
(@CGUID+65,16606,0,0,0,0,0,0,0,-1,0,0,-5198.2,-2866.01,333.608,4.67027,300,0,0,100,0,NULL,NULL,NULL,NULL,"","",0,-1),
(@CGUID+66,16606,0,0,0,0,0,0,0,-1,0,0,-3479.98,-912.198,10.827,1.30643,300,0,0,100,0,NULL,NULL,NULL,NULL,"","",0,-1),
(@CGUID+67,16606,0,0,0,0,0,0,0,-1,0,0,-7000.45,-2464.97,241.76,0.33738,300,0,0,100,0,NULL,NULL,NULL,NULL,"","",0,-1),
(@CGUID+68,16606,0,0,0,0,0,0,0,-1,0,0,-5433.37,-488.378,396.88,1.81595,300,0,0,100,0,NULL,NULL,NULL,NULL,"","",0,-1),
(@CGUID+69,16606,0,0,0,0,0,0,0,-1,0,0,-8238.2,-2612.62,133.154,1.60566,300,0,0,100,0,NULL,NULL,NULL,NULL,"","",0,-1),
(@CGUID+70,16606,0,0,0,0,0,0,0,-1,0,0,985.424,-1455.32,61.1702,1.76101,300,0,0,100,0,NULL,NULL,NULL,NULL,"","",0,-1),
(@CGUID+71,16606,0,0,0,0,0,0,0,-1,0,0,-1233.7,-2664.88,46.3649,5.78115,300,0,0,100,0,NULL,NULL,NULL,NULL,"","",0,-1),
(@CGUID+72,16606,0,0,0,0,0,0,0,-1,0,0,181.525,-2135.54,102.066,5.21441,300,0,0,100,0,NULL,NULL,NULL,NULL,"","",0,-1),
(@CGUID+73,16606,0,0,0,0,0,0,0,-1,0,0,-9766.78,-3991.13,23.5177,1.82879,300,0,0,100,0,NULL,NULL,NULL,NULL,"","",0,-1),
(@CGUID+74,16606,0,0,0,0,0,0,0,-1,0,0,-10951.8,-3217.77,41.3485,6.16417,300,0,0,100,0,NULL,NULL,NULL,NULL,"","",0,-1),
(@CGUID+75,16606,1,0,0,0,0,0,0,-1,0,0,3050.47,-3320.15,148.471,2.93886,300,0,0,100,0,NULL,NULL,NULL,NULL,"","",0,-1),
(@CGUID+76,16606,1,0,0,0,0,0,0,-1,0,0,9782.43,992.152,1297.32,4.35858,300,0,0,100,0,NULL,NULL,NULL,NULL,"","",0,-1),
(@CGUID+77,16606,1,0,0,0,0,0,0,-1,0,0,-72.5927,1269.86,90.5119,4.8658,300,0,0,100,0,NULL,NULL,NULL,NULL,"","",0,-1),
(@CGUID+78,16606,1,0,0,0,0,0,0,-1,0,0,1440.77,1020.75,150.548,1.69879,300,0,0,100,0,NULL,NULL,NULL,NULL,"","",0,-1),
(@CGUID+79,16606,1,0,0,0,0,0,0,-1,0,0,-4401.25,2166.19,11.1289,5.94056,300,0,0,100,0,NULL,NULL,NULL,NULL,"","",0,-1),
(@CGUID+80,16606,1,0,0,0,0,0,0,-1,0,0,-3295.92,-2206.51,92.1926,4.2751,300,0,0,100,0,NULL,NULL,NULL,NULL,"","",0,-1),
(@CGUID+81,16606,1,0,0,0,0,0,0,-1,0,0,-7020.07,-3896.69,10.9889,5.86535,300,0,0,100,0,NULL,NULL,NULL,NULL,"","",0,-1),
(@CGUID+82,16606,1,0,0,0,0,0,0,-1,0,0,-7527.44,-1697.8,-279,3.9957,300,0,0,100,0,NULL,NULL,NULL,NULL,"","",0,-1),
(@CGUID+83,16606,1,0,0,0,0,0,0,-1,0,0,7262.09,-143.306,15.0541,1.55036,300,0,0,100,0,NULL,NULL,NULL,NULL,"","",0,-1),
(@CGUID+84,16606,1,0,0,0,0,0,0,-1,0,0,-3434.8,-4236.32,9.95921,2.45941,300,0,0,100,0,NULL,NULL,NULL,NULL,"","",0,-1),
(@CGUID+85,16606,1,0,0,0,0,0,0,-1,0,0,-6765.72,576.43,5.08813,4.18807,300,0,0,100,0,NULL,NULL,NULL,NULL,"","",0,-1),
(@CGUID+86,16606,1,0,0,0,0,0,0,-1,0,0,6854.6,-4752.32,696.822,6.21685,300,0,0,100,0,NULL,NULL,NULL,NULL,"","",0,-1),
(@CGUID+87,16606,1,0,0,0,0,0,0,-1,0,0,9984.94,2200.63,1328.47,2.28779,300,0,0,100,0,NULL,NULL,NULL,NULL,"","",0,-1),
(@CGUID+88,16606,1,0,0,0,0,0,0,-1,0,0,2050.66,-4315.16,95.472,4.46527,300,0,0,100,0,NULL,NULL,NULL,NULL,"","",0,-1),
(@CGUID+89,16606,0,0,0,0,0,0,0,-1,0,0,-1103.69,-3490.91,50.0042,6.1916,300,0,0,100,0,NULL,NULL,NULL,NULL,"","",0,-1),
(@CGUID+90,16606,0,0,0,0,0,0,0,-1,0,0,-10929.8,-2890.36,10.556,0.112626,300,0,0,100,0,NULL,NULL,NULL,NULL,"","",0,-1),
(@CGUID+91,16606,0,0,0,0,0,0,0,-1,0,0,-133.498,-803.903,55.1231,2.81898,300,0,0,100,0,NULL,NULL,NULL,NULL,"","",0,-1),
(@CGUID+92,16606,0,0,0,0,0,0,0,-1,0,0,-14380,132.643,0.369493,0.95385,300,0,0,100,0,NULL,NULL,NULL,NULL,"","",0,-1),
(@CGUID+93,16606,0,0,0,0,0,0,0,-1,0,0,2285.22,485.215,34.0509,5.19353,300,0,0,100,0,NULL,NULL,NULL,NULL,"","",0,-1),
(@CGUID+94,16606,0,0,0,0,0,0,0,-1,0,0,-6610.61,-2638.61,265.838,6.18311,300,0,0,100,0,NULL,NULL,NULL,NULL,"","",0,-1),
(@CGUID+95,16606,0,0,0,0,0,0,0,-1,0,0,-7592.82,-2085.05,125.302,4.99784,300,0,0,100,0,NULL,NULL,NULL,NULL,"","",0,-1),
(@CGUID+96,16606,0,0,0,0,0,0,0,-1,0,0,-12424,82.9419,3.71307,1.59238,300,0,0,100,0,NULL,NULL,NULL,NULL,"","",0,-1),
(@CGUID+97,16606,0,0,0,0,0,0,0,-1,0,0,-9780.55,-3838.44,23.0067,5.26258,300,0,0,100,0,NULL,NULL,NULL,NULL,"","",0,-1),
(@CGUID+98,16606,0,0,0,0,0,0,0,-1,0,0,-493.94,-4576.63,8.87222,4.09049,300,0,0,100,0,NULL,NULL,NULL,NULL,"","",0,-1),
(@CGUID+99,16606,0,0,0,0,0,0,0,-1,0,0,1760.21,-843.863,60.4893,3.51093,300,0,0,100,0,NULL,NULL,NULL,NULL,"","",0,-1),
(@CGUID+100,16606,0,0,0,0,0,0,0,-1,0,0,583.448,1346.72,89.1394,2.16865,300,0,0,100,0,NULL,NULL,NULL,NULL,"","",0,-1),
(@CGUID+101,16606,1,0,0,0,0,0,0,-1,0,0,2135.2,-1281.25,95.0749,1.37521,300,0,0,100,0,NULL,NULL,NULL,NULL,"","",0,-1),
(@CGUID+102,16606,1,0,0,0,0,0,0,-1,0,0,-1867.76,3061.27,1.00209,2.93975,300,0,0,100,0,NULL,NULL,NULL,NULL,"","",0,-1),
(@CGUID+103,16606,1,0,0,0,0,0,0,-1,0,0,-3109.44,-2699.46,35.8498,4.85729,300,0,0,100,0,NULL,NULL,NULL,NULL,"","",0,-1),
(@CGUID+104,16606,1,0,0,0,0,0,0,-1,0,0,-2298.3,-547.527,-5.06802,0.368352,300,0,0,100,0,NULL,NULL,NULL,NULL,"","",0,-1),
(@CGUID+105,16606,1,0,0,0,0,0,0,-1,0,0,-6991.19,925.291,8.6508,5.7836,300,0,0,100,0,NULL,NULL,NULL,NULL,"","",0,-1),
(@CGUID+106,16606,1,0,0,0,0,0,0,-1,0,0,968.064,765.405,106.549,1.29895,300,0,0,100,0,NULL,NULL,NULL,NULL,"","",0,-1),
(@CGUID+107,16606,1,0,0,0,0,0,0,-1,0,0,-7599.36,-1554.37,-270.868,1.49384,300,0,0,100,0,NULL,NULL,NULL,NULL,"","",0,-1),
(@CGUID+108,16606,1,0,0,0,0,0,0,-1,0,0,129.151,-4719.42,18.4647,1.75364,300,0,0,100,0,NULL,NULL,NULL,NULL,"","",0,-1),
(@CGUID+109,16606,1,0,0,0,0,0,0,-1,0,0,-4501.19,432.858,47.4123,5.27065,300,0,0,100,0,NULL,NULL,NULL,NULL,"","",0,-1),
(@CGUID+110,16606,1,0,0,0,0,0,0,-1,0,0,-297.086,-2663.69,93.6125,1.2555,300,0,0,100,0,NULL,NULL,NULL,NULL,"","",0,-1),
(@CGUID+111,16606,1,0,0,0,0,0,0,-1,0,0,-3163.31,-1649.44,91.9202,1.38405,300,0,0,100,0,NULL,NULL,NULL,NULL,"","",0,-1),
(@CGUID+112,16606,1,0,0,0,0,0,0,-1,0,0,-7069.04,-3624.9,9.02753,0.642607,300,0,0,100,0,NULL,NULL,NULL,NULL,"","",0,-1),
(@CGUID+113,16606,1,0,0,0,0,0,0,-1,0,0,6830.77,-4574.6,709.094,2.75636,300,0,0,100,0,NULL,NULL,NULL,NULL,"","",0,-1),
(@CGUID+114,16781,0,4,5076,0,0,0,0,-1,16413,0,-10935.7,-3215.98,41.4308,4.2586,300,0,0,100,0,NULL,33280,NULL,NULL,"","",0,-1),
(@CGUID+115,16781,0,4,1438,0,0,0,0,-1,16413,0,-10968,-3234.34,41.4756,2.21657,300,0,0,100,0,NULL,33280,NULL,NULL,"","",0,-1),
(@CGUID+116,16781,0,4,1437,0,0,0,0,-1,16413,0,-10903.2,-2888.81,15.2842,1.6057,300,0,0,100,0,NULL,33280,NULL,NULL,"","",0,-1),
(@CGUID+117,16781,0,4,1437,0,0,0,0,-1,16412,0,-10903.3,-2885.6,15.3047,4.72984,300,0,0,100,0,NULL,33280,NULL,NULL,"","",0,-1),
(@CGUID+118,16781,0,4,1437,0,0,0,0,-1,16448,0,-10900.7,-2881.29,16.1763,1.54614,300,0,0,100,0,NULL,33280,NULL,NULL,"","",0,-1),
(@CGUID+119,16781,0,4,1437,0,0,0,0,-1,16433,0,-10903.7,-2880.26,15.3316,1.31984,300,0,0,100,0,NULL,33280,NULL,NULL,"","",0,-1),
(@CGUID+120,16781,0,4,5076,0,0,0,0,-1,16433,0,-10968.9,-3230.71,41.5334,0.177531,300,0,0,100,0,NULL,33280,NULL,NULL,"","",0,-1),
(@CGUID+121,16781,0,4,5076,0,0,0,0,-1,16412,0,-10936.2,-3219.52,41.4308,1.44862,300,0,0,100,0,NULL,33280,NULL,NULL,"","",0,-1),
(@CGUID+122,16781,0,0,0,0,0,0,0,-1,16412,0,-8843.39,856.913,98.6214,0.512166,300,0,0,100,0,NULL,33280,NULL,NULL,"","",0,-1),
(@CGUID+123,16781,0,0,0,0,0,0,0,-1,16433,0,-8837.63,852.024,99.0005,1.39338,300,0,0,100,0,NULL,33280,NULL,NULL,"","",0,-1),
(@CGUID+124,16781,0,0,0,0,0,0,0,-1,16413,0,-8869.41,962.124,103.076,5.16332,300,0,0,100,0,NULL,33280,NULL,NULL,"","",0,-1),
(@CGUID+125,16781,0,0,0,0,0,0,0,-1,16412,0,-8874.68,958.205,103.164,6.04925,300,0,0,100,0,NULL,33280,NULL,NULL,"","",0,-1),
(@CGUID+126,16781,0,0,0,0,0,0,0,-1,16434,0,-8822.88,967.792,91.237,4.75725,300,0,0,100,0,NULL,33280,NULL,NULL,"","",0,-1),
(@CGUID+127,16781,0,0,0,0,0,0,0,-1,16433,0,-8780.95,950.224,85.2734,4.67795,300,0,0,100,0,NULL,33280,NULL,NULL,"","",0,-1),
(@CGUID+128,16781,0,0,0,0,0,0,0,-1,16413,0,-8851.17,838.551,98.6709,0.901758,300,0,0,100,0,NULL,33280,NULL,NULL,"","",0,-1),
(@CGUID+129,16781,0,0,0,0,0,0,0,-1,16412,0,-8840.38,822.254,98.8646,1.03291,300,0,0,100,0,NULL,33280,NULL,NULL,"","",0,-1),
(@CGUID+130,16781,0,0,0,0,0,0,0,-1,16434,0,-8818.67,849.044,99.0237,2.42622,300,0,0,100,0,NULL,33280,NULL,NULL,"","",0,-1),
(@CGUID+131,16781,0,0,0,0,0,0,0,-1,16412,0,-8812.39,861.162,99.2507,3.60117,300,0,0,100,0,NULL,33280,NULL,NULL,"","",0,-1),
(@CGUID+132,16781,0,0,0,0,0,0,0,-1,16433,0,-8786.5,877.276,99.6355,3.664,300,0,0,100,0,NULL,33280,NULL,NULL,"","",0,-1),
(@CGUID+133,16781,0,0,0,0,0,0,0,-1,16413,0,-8807.45,900.453,98.8616,4.28447,300,0,0,100,0,NULL,33280,NULL,NULL,"","",0,-1),
(@CGUID+134,16781,0,0,0,0,0,0,0,-1,16434,0,-8820.43,780.311,96.8955,2.00839,300,0,0,100,0,NULL,33280,NULL,NULL,"","",0,-1),
(@CGUID+135,16781,0,0,0,0,0,0,0,-1,16433,0,-9383.5,17.6345,61.4474,1.56215,300,0,0,100,0,NULL,33280,NULL,NULL,"","",0,-1),
(@CGUID+136,16781,0,0,0,0,0,0,0,-1,16412,0,-9371.01,23.2349,61.7445,5.48757,300,0,0,100,0,NULL,33280,NULL,NULL,"","",0,-1),
(@CGUID+137,16781,0,0,0,0,0,0,0,-1,16434,0,-9376.08,29.6627,61.248,2.66013,300,0,0,100,0,NULL,33280,NULL,NULL,"","",0,-1),
(@CGUID+138,16781,0,0,0,0,0,0,0,-1,16412,0,-9369.55,27.5188,61.3582,5.48835,300,0,0,100,0,NULL,33280,NULL,NULL,"","",0,-1),
(@CGUID+139,16781,0,0,0,0,0,0,0,-1,16447,0,-10839.4,1449.77,42.5313,6.08873,300,0,0,100,0,NULL,33280,NULL,NULL,"","",0,-1),
(@CGUID+140,16781,0,0,0,0,0,0,0,-1,16434,0,-10831.3,1447.46,42.7397,4.20377,300,0,0,100,0,NULL,33280,NULL,NULL,"","",0,-1),
(@CGUID+141,16781,0,0,0,0,0,0,0,-1,16448,0,-10827.5,1434.88,41.1934,2.40522,300,0,0,100,0,NULL,33280,NULL,NULL,"","",0,-1),
(@CGUID+142,16781,0,0,0,0,0,0,0,-1,16434,0,-10838,1430.97,42.5145,2.22143,300,0,0,100,0,NULL,33280,NULL,NULL,"","",0,-1),
(@CGUID+143,16781,0,0,0,0,0,0,0,-1,16413,0,-10858,1437.92,42.3257,2.06435,300,0,0,100,0,NULL,33280,NULL,NULL,"","",0,-1),
(@CGUID+144,16781,0,0,0,0,0,0,0,-1,16447,0,-9421.15,-2112.64,66.8295,1.59521,300,0,0,100,0,NULL,33280,NULL,NULL,"","",0,-1),
(@CGUID+145,16781,0,0,0,0,0,0,0,-1,16434,0,-9439.17,-2103.67,66.3824,6.22513,300,0,0,100,0,NULL,33280,NULL,NULL,"","",0,-1),
(@CGUID+146,16781,0,0,0,0,0,0,0,-1,16448,0,-9434.55,-2088.01,63.7703,0.550631,300,0,0,100,0,NULL,33280,NULL,NULL,"","",0,-1),
(@CGUID+147,16781,0,0,0,0,0,0,0,-1,16434,0,-9424.64,-2072.67,60.428,5.20412,300,0,0,100,0,NULL,33280,NULL,NULL,"","",0,-1),
(@CGUID+148,16781,0,0,0,0,0,0,0,-1,16413,0,-9404.71,-2087.13,62.5418,2.7631,300,0,0,100,0,NULL,33280,NULL,NULL,"","",0,-1),
(@CGUID+149,16781,0,0,0,0,0,0,0,-1,16447,0,-9413.29,-2106.45,66.4429,2.95946,300,0,0,100,0,NULL,33280,NULL,NULL,"","",0,-1),
(@CGUID+150,16781,0,0,0,0,0,0,0,-1,16434,0,-10689,-1138.2,25.6562,3.19144,300,0,0,100,0,NULL,33280,NULL,NULL,"","",0,-1),
(@CGUID+151,16781,0,0,0,0,0,0,0,-1,16413,0,-10695.7,-1129.25,25.8119,3.76086,300,0,0,100,0,NULL,33280,NULL,NULL,"","",0,-1),
(@CGUID+152,16781,0,0,0,0,0,0,0,-1,16448,0,-10688.4,-1122.61,25.8688,2.04476,300,0,0,100,0,NULL,33280,NULL,NULL,"","",0,-1),
(@CGUID+153,16781,0,0,0,0,0,0,0,-1,16413,0,-10686.2,-1133.81,25.399,4.41273,300,0,0,100,0,NULL,33280,NULL,NULL,"","",0,-1),
(@CGUID+154,16781,0,0,0,0,0,0,0,-1,16412,0,-10696.1,-1155.05,25.2409,3.05793,300,0,0,100,0,NULL,33280,NULL,NULL,"","",0,-1),
(@CGUID+155,16781,0,0,0,0,0,0,0,-1,16412,0,-12748,-403.245,14.4108,3.41293,300,0,0,100,0,NULL,33280,NULL,NULL,"","",0,-1),
(@CGUID+156,16781,0,0,0,0,0,0,0,-1,16447,0,-12734.2,-398.618,15.2479,0.795201,300,0,0,100,0,NULL,33280,NULL,NULL,"","",0,-1),
(@CGUID+157,16781,0,0,0,0,0,0,0,-1,21084,0,-12732.1,-396.738,15.3566,3.82371,300,0,0,100,0,NULL,33280,NULL,NULL,"","",0,-1),
(@CGUID+158,16781,0,0,0,0,0,0,0,-1,16447,0,-12739.6,-370.293,13.3464,3.3132,300,0,0,100,0,NULL,33280,NULL,NULL,"","",0,-1),
(@CGUID+159,16781,0,0,0,0,0,0,0,-1,16435,0,-12741.4,-366.864,13.8156,4.00435,300,0,0,100,0,NULL,33280,NULL,NULL,"","",0,-1),
(@CGUID+160,16781,0,0,0,0,0,0,0,-1,16414,0,-14298.7,103.811,6.25442,0.640754,300,0,0,100,0,NULL,33280,NULL,NULL,"","",0,-1),
(@CGUID+161,16781,0,0,0,0,0,0,0,-1,16448,0,-14296.2,107.844,6.99525,5.87937,300,0,0,100,0,NULL,33280,NULL,NULL,"","",0,-1),
(@CGUID+162,16781,0,0,0,0,0,0,0,-1,16413,0,-14294.4,97.8643,6.63295,0.644667,300,0,0,100,0,NULL,33280,NULL,NULL,"","",0,-1),
(@CGUID+163,16781,0,0,0,0,0,0,0,-1,21084,0,-14301.8,122.709,8.0298,3.58443,300,0,0,100,0,NULL,33280,NULL,NULL,"","",0,-1),
(@CGUID+164,16781,0,0,0,0,0,0,0,-1,16412,0,-5209.28,-2886.13,338.495,3.48931,300,0,0,100,0,NULL,33280,NULL,NULL,"","",0,-1),
(@CGUID+165,16781,0,0,0,0,0,0,0,-1,16435,0,-5212.32,-2886.95,338.643,0.292734,300,0,0,100,0,NULL,33280,NULL,NULL,"","",0,-1),
(@CGUID+166,16781,0,0,0,0,0,0,0,-1,21083,0,-5196.84,-2872.64,335.756,1.99627,300,0,0,100,0,NULL,33280,NULL,NULL,"","",0,-1),
(@CGUID+167,16781,0,0,0,0,0,0,0,-1,16447,0,-5192.8,-2869.96,336.085,3.14295,300,0,0,100,0,NULL,33280,NULL,NULL,"","",0,-1),
(@CGUID+168,16781,0,0,0,0,0,0,0,-1,21084,0,-3454.95,-924.767,9.19843,3.14915,300,0,0,100,0,NULL,33280,NULL,NULL,"","",0,-1),
(@CGUID+169,16781,0,0,0,0,0,0,0,-1,16434,0,-3457.54,-920.092,8.58213,3.5929,300,0,0,100,0,NULL,33280,NULL,NULL,"","",0,-1),
(@CGUID+170,16781,0,0,0,0,0,0,0,-1,16414,0,-3462.17,-915.099,8.44513,4.29583,300,0,0,100,0,NULL,33280,NULL,NULL,"","",0,-1),
(@CGUID+171,16781,0,0,0,0,0,0,0,-1,16413,0,-3473.41,-911.702,9.72834,3.27873,300,0,0,100,0,NULL,33280,NULL,NULL,"","",0,-1),
(@CGUID+172,16781,0,0,0,0,0,0,0,-1,21084,0,-3475.9,-907.408,9.25102,4.07748,300,0,0,100,0,NULL,33280,NULL,NULL,"","",0,-1),
(@CGUID+173,16781,0,0,0,0,0,0,0,-1,16435,0,-7009.77,-2471.35,241.881,0.104921,300,0,0,100,0,NULL,33280,NULL,NULL,"","",0,-1),
(@CGUID+174,16781,0,0,0,0,0,0,0,-1,21083,0,-7010.27,-2476.19,242.6,0.434788,300,0,0,100,0,NULL,33280,NULL,NULL,"","",0,-1),
(@CGUID+175,16781,0,0,0,0,0,0,0,-1,16448,0,-7009.04,-2464.92,241.668,6.11479,300,0,0,100,0,NULL,33280,NULL,NULL,"","",0,-1),
(@CGUID+176,16781,0,0,0,0,0,0,0,-1,16447,0,-7000.55,-2471.09,241.965,1.72834,300,0,0,100,0,NULL,33280,NULL,NULL,"","",0,-1),
(@CGUID+177,16781,0,0,0,0,0,0,0,-1,16433,0,-5402.28,-483.727,396.243,3.20728,300,0,0,100,0,NULL,33280,NULL,NULL,"","",0,-1),
(@CGUID+178,16781,0,0,0,0,0,0,0,-1,21084,0,-5403.99,-478.457,396.909,4.04766,300,0,0,100,0,NULL,33280,NULL,NULL,"","",0,-1),
(@CGUID+179,16781,0,0,0,0,0,0,0,-1,16412,0,-5429.18,-492.224,396.795,2.49257,300,0,0,100,0,NULL,33280,NULL,NULL,"","",0,-1),
(@CGUID+180,16781,0,0,0,0,0,0,0,-1,21083,0,-5426.73,-489.285,396.683,2.86956,300,0,0,100,0,NULL,33280,NULL,NULL,"","",0,-1),
(@CGUID+181,16781,0,0,0,0,0,0,0,-1,16413,0,-8252.03,-2625.81,133.154,1.2949,300,0,0,100,0,NULL,33280,NULL,NULL,"","",0,-1),
(@CGUID+182,16781,0,0,0,0,0,0,0,-1,16435,0,-8246.74,-2626.15,133.154,1.79362,300,0,0,100,0,NULL,33280,NULL,NULL,"","",0,-1),
(@CGUID+183,16781,0,0,0,0,0,0,0,-1,16434,0,-8254.84,-2621.08,133.175,0.285659,300,0,0,100,0,NULL,33280,NULL,NULL,"","",0,-1),
(@CGUID+184,16781,0,0,0,0,0,0,0,-1,21084,0,-8235.7,-2619.47,133.212,2.93638,300,0,0,100,0,NULL,33280,NULL,NULL,"","",0,-1),
(@CGUID+185,16781,0,0,0,0,0,0,0,-1,16414,0,-8238.47,-2618.76,133.222,6.26254,300,0,0,100,0,NULL,33280,NULL,NULL,"","",0,-1),
(@CGUID+186,16781,0,0,0,0,0,0,0,-1,21083,0,992.912,-1441.22,63.8037,4.87196,300,0,0,100,0,NULL,33280,NULL,NULL,"","",0,-1),
(@CGUID+187,16781,0,0,0,0,0,0,0,-1,16448,0,988.978,-1442.46,63.9414,5.34477,300,0,0,100,0,NULL,33280,NULL,NULL,"","",0,-1),
(@CGUID+188,16781,0,0,0,0,0,0,0,-1,16433,0,997.812,-1440.75,63.2415,4.14313,300,0,0,100,0,NULL,33280,NULL,NULL,"","",0,-1),
(@CGUID+189,16781,0,0,0,0,0,0,0,-1,21084,0,1005.13,-1443.08,62.3666,5.35264,300,0,0,100,0,NULL,33280,NULL,NULL,"","",0,-1),
(@CGUID+190,16781,0,0,0,0,0,0,0,-1,16412,0,991.05,-1451.7,61.2655,3.69546,300,0,0,100,0,NULL,33280,NULL,NULL,"","",0,-1),
(@CGUID+191,16781,0,0,0,0,0,0,0,-1,16447,0,-1218.62,-2657.1,46.1625,5.01129,300,0,0,100,0,NULL,33280,NULL,NULL,"","",0,-1),
(@CGUID+192,16781,0,0,0,0,0,0,0,-1,16414,0,-1222.19,-2659.87,45.9708,6.00874,300,0,0,100,0,NULL,33280,NULL,NULL,"","",0,-1),
(@CGUID+193,16781,0,0,0,0,0,0,0,-1,21083,0,-1215.6,-2657.85,46.0598,4.29265,300,0,0,100,0,NULL,33280,NULL,NULL,"","",0,-1),
(@CGUID+194,16781,0,0,0,0,0,0,0,-1,16433,0,-1227.78,-2665.1,45.9321,3.00853,300,0,0,100,0,NULL,33280,NULL,NULL,"","",0,-1),
(@CGUID+195,16781,0,0,0,0,0,0,0,-1,16448,0,-1229.79,-2669.89,45.9485,2.28597,300,0,0,100,0,NULL,33280,NULL,NULL,"","",0,-1),
(@CGUID+196,16781,0,0,0,0,0,0,0,-1,16413,0,181.688,-2113.83,105.919,0.56405,300,0,0,100,0,NULL,33280,NULL,NULL,"","",0,-1),
(@CGUID+197,16781,0,0,0,0,0,0,0,-1,16435,0,183.553,-2112.1,106.364,4.07086,300,0,0,100,0,NULL,33280,NULL,NULL,"","",0,-1),
(@CGUID+198,16781,0,0,0,0,0,0,0,-1,21084,0,191.912,-2112.81,105.419,4.01982,300,0,0,100,0,NULL,33280,NULL,NULL,"","",0,-1),
(@CGUID+199,16781,0,0,0,0,0,0,0,-1,16434,0,187.627,-2134.01,102.56,3.49989,300,0,0,100,0,NULL,33280,NULL,NULL,"","",0,-1),
(@CGUID+200,16781,0,0,0,0,0,0,0,-1,21083,0,187.043,-2138.32,102.272,2.74276,300,0,0,100,0,NULL,33280,NULL,NULL,"","",0,-1),
(@CGUID+201,16781,0,0,0,0,0,0,0,-1,16414,0,-9772.96,-3997.46,22.7604,3.77978,300,0,0,100,0,NULL,33280,NULL,NULL,"","",0,-1),
(@CGUID+202,16781,0,0,0,0,0,0,0,-1,16448,0,-9774.55,-3996.25,22.5603,4.13949,300,0,0,100,0,NULL,33280,NULL,NULL,"","",0,-1),
(@CGUID+203,16781,0,0,0,0,0,0,0,-1,16447,0,-9785.04,-4001.84,21.1595,0.440254,300,0,0,100,0,NULL,33280,NULL,NULL,"","",0,-1),
(@CGUID+204,16781,0,0,0,0,0,0,0,-1,16433,0,-9773.74,-3990.34,22.7738,6.03229,300,0,0,100,0,NULL,33280,NULL,NULL,"","",0,-1),
(@CGUID+205,16781,0,0,0,0,0,0,0,-1,21084,0,-4690.34,-1211.92,501.659,5.50005,300,0,0,100,0,NULL,33280,NULL,NULL,"","",0,-1),
(@CGUID+206,16781,0,0,0,0,0,0,0,-1,16433,0,-4688.67,-1213.59,501.659,2.39772,300,0,0,100,0,NULL,33280,NULL,NULL,"","",0,-1),
(@CGUID+207,16781,0,0,0,0,0,0,0,-1,21083,0,-4710.17,-1236.49,501.66,0.921173,300,0,0,100,0,NULL,33280,NULL,NULL,"","",0,-1),
(@CGUID+208,16781,0,0,0,0,0,0,0,-1,16412,0,-4708.79,-1234.7,501.66,4.05099,300,0,0,100,0,NULL,33280,NULL,NULL,"","",0,-1),
(@CGUID+209,16781,0,0,0,0,0,0,0,-1,16413,0,-4760.34,-1247.71,501.661,1.93514,300,0,0,100,0,NULL,33280,NULL,NULL,"","",0,-1),
(@CGUID+210,16781,0,0,0,0,0,0,0,-1,16435,0,-4761.33,-1245.15,501.661,5.05081,300,0,0,100,0,NULL,33280,NULL,NULL,"","",0,-1),
(@CGUID+211,16781,0,0,0,0,0,0,0,-1,21084,0,-4743.89,-1287.8,501.659,0.402031,300,0,0,100,0,NULL,33280,NULL,NULL,"","",0,-1),
(@CGUID+212,16781,0,0,0,0,0,0,0,-1,16447,0,-4695.43,-1191.61,501.659,0.350979,300,0,0,100,0,NULL,33280,NULL,NULL,"","",0,-1),
(@CGUID+213,16781,0,0,0,0,0,0,0,-1,16448,0,-4693.29,-1190.63,501.659,3.53027,300,0,0,100,0,NULL,33280,NULL,NULL,"","",0,-1),
(@CGUID+214,16781,0,0,0,0,0,0,0,-1,21083,0,-4630.58,-1196.32,501.66,3.58447,300,0,0,100,0,NULL,33280,NULL,NULL,"","",0,-1),
(@CGUID+215,16781,1,0,0,0,0,0,0,-1,16414,0,3068.04,-3304,151.528,3.89624,300,0,0,100,0,NULL,33280,NULL,NULL,"","",0,-1),
(@CGUID+216,16781,1,0,0,0,0,0,0,-1,21083,0,3066.68,-3305.77,151.259,1.13949,300,0,0,100,0,NULL,33280,NULL,NULL,"","",0,-1),
(@CGUID+217,16781,1,0,0,0,0,0,0,-1,16412,0,3056.06,-3323.26,148.401,2.80454,300,0,0,100,0,NULL,33280,NULL,NULL,"","",0,-1),
(@CGUID+218,16781,1,0,0,0,0,0,0,-1,16435,0,3040.32,-3319.67,150.079,1.88953,300,0,0,100,0,NULL,33280,NULL,NULL,"","",0,-1),
(@CGUID+219,16781,1,0,0,0,0,0,0,-1,16433,0,3039.63,-3317.69,150.535,4.98793,300,0,0,100,0,NULL,33280,NULL,NULL,"","",0,-1),
(@CGUID+220,16781,1,0,0,0,0,0,0,-1,16447,0,9776.8,988.272,1297.12,0.683695,300,0,0,100,0,NULL,33280,NULL,NULL,"","",0,-1),
(@CGUID+221,16781,1,0,0,0,0,0,0,-1,16414,0,9776.13,991.696,1297.49,0.216383,300,0,0,100,0,NULL,33280,NULL,NULL,"","",0,-1),
(@CGUID+222,16781,1,0,0,0,0,0,0,-1,16413,0,9767.41,1003.22,1298.67,5.30184,300,0,0,100,0,NULL,33280,NULL,NULL,"","",0,-1),
(@CGUID+223,16781,1,0,0,0,0,0,0,-1,21084,0,9768.02,1000.98,1298.61,1.98745,300,0,0,100,0,NULL,33280,NULL,NULL,"","",0,-1),
(@CGUID+224,16781,1,0,0,0,0,0,0,-1,16433,0,-59.7788,1288.61,89.6742,2.49235,300,0,0,100,0,NULL,33280,NULL,NULL,"","",0,-1),
(@CGUID+225,16781,1,0,0,0,0,0,0,-1,21083,0,-62.6202,1288.55,89.9324,0.120443,300,0,0,100,0,NULL,33280,NULL,NULL,"","",0,-1),
(@CGUID+226,16781,1,0,0,0,0,0,0,-1,16435,0,-67.7378,1272.97,90.9728,3.80396,300,0,0,100,0,NULL,33280,NULL,NULL,"","",0,-1),
(@CGUID+227,16781,1,0,0,0,0,0,0,-1,16412,0,-66.4388,1270.25,91.0111,3.05391,300,0,0,100,0,NULL,33280,NULL,NULL,"","",0,-1),
(@CGUID+228,16781,1,0,0,0,0,0,0,-1,16448,0,-67.9992,1309.13,90.4103,4.42128,300,0,0,100,0,NULL,33280,NULL,NULL,"","",0,-1),
(@CGUID+229,16781,1,0,0,0,0,0,0,-1,16447,0,1439.66,1015.32,150.461,1.34262,300,0,0,100,0,NULL,33280,NULL,NULL,"","",0,-1),
(@CGUID+230,16781,1,0,0,0,0,0,0,-1,16433,0,1436.08,1017.3,150.749,0.651469,300,0,0,100,0,NULL,33280,NULL,NULL,"","",0,-1),
(@CGUID+231,16781,1,0,0,0,0,0,0,-1,21084,0,1426.47,1005.65,150.03,2.57099,300,0,0,100,0,NULL,33280,NULL,NULL,"","",0,-1),
(@CGUID+232,16781,1,0,0,0,0,0,0,-1,16435,0,1425.48,1006.82,150.153,5.42198,300,0,0,100,0,NULL,33280,NULL,NULL,"","",0,-1),
(@CGUID+233,16781,1,0,0,0,0,0,0,-1,21083,0,-4388,2162.52,13.5738,1.78766,300,0,0,100,0,NULL,33280,NULL,NULL,"","",0,-1),
(@CGUID+234,16781,1,0,0,0,0,0,0,-1,16412,0,-4388.3,2163.89,13.8244,4.85621,300,0,0,100,0,NULL,33280,NULL,NULL,"","",0,-1),
(@CGUID+235,16781,1,0,0,0,0,0,0,-1,16414,0,-4400.86,2182.39,12.8009,1.86227,300,0,0,100,0,NULL,33280,NULL,NULL,"","",0,-1),
(@CGUID+236,16781,1,0,0,0,0,0,0,-1,16413,0,-4401.51,2184.64,12.7024,4.91748,300,0,0,100,0,NULL,33280,NULL,NULL,"","",0,-1),
(@CGUID+237,16781,1,0,0,0,0,0,0,-1,16447,0,-4404.82,2170.39,11.8926,5.37927,300,0,0,100,0,NULL,33280,NULL,NULL,"","",0,-1),
(@CGUID+238,16781,1,0,0,0,0,0,0,-1,16448,0,-3297.7,-2212.18,92.0538,1.35815,300,0,0,100,0,NULL,33280,NULL,NULL,"","",0,-1),
(@CGUID+239,16781,1,0,0,0,0,0,0,-1,16435,0,-3299.39,-2211.57,92.0412,0.792661,300,0,0,100,0,NULL,33280,NULL,NULL,"","",0,-1),
(@CGUID+240,16781,1,0,0,0,0,0,0,-1,16433,0,-3316.66,-2215.99,91.8482,2.98235,300,0,0,100,0,NULL,33280,NULL,NULL,"","",0,-1),
(@CGUID+241,16781,1,0,0,0,0,0,0,-1,21084,0,-3318.58,-2215.39,91.8498,6.07761,300,0,0,100,0,NULL,33280,NULL,NULL,"","",0,-1),
(@CGUID+242,16781,1,0,0,0,0,0,0,-1,21083,0,-7036.06,-3893.64,9.18696,2.51641,300,0,0,100,0,NULL,33280,NULL,NULL,"","",0,-1),
(@CGUID+243,16781,1,0,0,0,0,0,0,-1,16414,0,-7037.54,-3892.58,9.18696,5.62658,300,0,0,100,0,NULL,33280,NULL,NULL,"","",0,-1),
(@CGUID+244,16781,1,0,0,0,0,0,0,-1,16413,0,-7023.86,-3892.1,10.5106,5.30772,300,0,0,100,0,NULL,33280,NULL,NULL,"","",0,-1),
(@CGUID+245,16781,1,0,0,0,0,0,0,-1,16448,0,-7045.47,-3909.25,9.51994,3.41884,300,0,0,100,0,NULL,33280,NULL,NULL,"","",0,-1),
(@CGUID+246,16781,1,0,0,0,0,0,0,-1,16447,0,-7531.87,-1673.31,-279.66,3.90804,300,0,0,100,0,NULL,33280,NULL,NULL,"","",0,-1),
(@CGUID+247,16781,1,0,0,0,0,0,0,-1,16412,0,-7534.17,-1675.54,-279.49,1.07668,300,0,0,100,0,NULL,33280,NULL,NULL,"","",0,-1),
(@CGUID+248,16781,1,0,0,0,0,0,0,-1,21083,0,-7521.56,-1693.86,-279.014,3.63317,300,0,0,100,0,NULL,33280,NULL,NULL,"","",0,-1),
(@CGUID+249,16781,1,0,0,0,0,0,0,-1,16448,0,-7520.48,-1695.24,-278.664,3.51536,300,0,0,100,0,NULL,33280,NULL,NULL,"","",0,-1),
(@CGUID+250,16781,1,0,0,0,0,0,0,-1,16433,0,7267.36,-145.968,14.7385,2.91695,300,0,0,100,0,NULL,33280,NULL,NULL,"","",0,-1),
(@CGUID+251,16781,1,0,0,0,0,0,0,-1,16435,0,7268.03,-143.18,14.8201,3.30258,300,0,0,100,0,NULL,33280,NULL,NULL,"","",0,-1),
(@CGUID+252,16781,1,0,0,0,0,0,0,-1,16413,0,7271.39,-165.996,15.6333,0.689536,300,0,0,100,0,NULL,33280,NULL,NULL,"","",0,-1),
(@CGUID+253,16781,1,0,0,0,0,0,0,-1,16447,0,7272.81,-167.851,15.2743,0.824625,300,0,0,100,0,NULL,33280,NULL,NULL,"","",0,-1),
(@CGUID+254,16781,1,0,0,0,0,0,0,-1,21084,0,-3433.07,-4230.59,10.3305,4.56042,300,0,0,100,0,NULL,33280,NULL,NULL,"","",0,-1),
(@CGUID+255,16781,1,0,0,0,0,0,0,-1,21083,0,-3440.52,-4238.89,10.2719,0.494394,300,0,0,100,0,NULL,33280,NULL,NULL,"","",0,-1),
(@CGUID+256,16781,1,0,0,0,0,0,0,-1,16433,0,-3449.57,-4236.01,10.7776,2.60712,300,0,0,100,0,NULL,33280,NULL,NULL,"","",0,-1),
(@CGUID+257,16781,1,0,0,0,0,0,0,-1,16412,0,-3451.07,-4235.12,10.8439,5.69766,300,0,0,100,0,NULL,33280,NULL,NULL,"","",0,-1),
(@CGUID+258,16781,1,0,0,0,0,0,0,-1,16414,0,-6775.65,581.096,4.96576,3.63363,300,0,0,100,0,NULL,33280,NULL,NULL,"","",0,-1),
(@CGUID+259,16781,1,0,0,0,0,0,0,-1,16448,0,-6777.91,580.063,4.97,0.205366,300,0,0,100,0,NULL,33280,NULL,NULL,"","",0,-1),
(@CGUID+260,16781,1,0,0,0,0,0,0,-1,16433,0,-6783.91,585.695,4.30954,4.71357,300,0,0,100,0,NULL,33280,NULL,NULL,"","",0,-1),
(@CGUID+261,16781,1,0,0,0,0,0,0,-1,21084,0,-6784.25,584.298,4.40485,1.528,300,0,0,100,0,NULL,33280,NULL,NULL,"","",0,-1),
(@CGUID+262,16781,1,0,0,0,0,0,0,-1,16435,0,-6766.5,569.138,5.0109,1.57276,300,0,0,100,0,NULL,33280,NULL,NULL,"","",0,-1),
(@CGUID+263,16781,1,0,0,0,0,0,0,-1,16412,0,6831.78,-4753.79,698.754,2.65507,300,0,0,100,0,NULL,33280,NULL,NULL,"","",0,-1),
(@CGUID+264,16781,1,0,0,0,0,0,0,-1,21083,0,6830.67,-4753.11,698.848,5.72362,300,0,0,100,0,NULL,33280,NULL,NULL,"","",0,-1),
(@CGUID+265,16781,1,0,0,0,0,0,0,-1,16413,0,6853.24,-4739.25,697.839,3.69494,300,0,0,100,0,NULL,33280,NULL,NULL,"","",0,-1),
(@CGUID+266,16781,1,0,0,0,0,0,0,-1,16447,0,6851.12,-4740.57,697.853,0.556494,300,0,0,100,0,NULL,33280,NULL,NULL,"","",0,-1),
(@CGUID+267,16781,1,0,0,0,0,0,0,-1,16414,0,9973.25,2205.06,1329.07,0.807283,300,0,0,100,0,NULL,33280,NULL,NULL,"","",0,-1),
(@CGUID+268,16781,1,0,0,0,0,0,0,-1,16435,0,9974.31,2206.28,1329.11,3.90961,300,0,0,100,0,NULL,33280,NULL,NULL,"","",0,-1),
(@CGUID+269,16781,1,0,0,0,0,0,0,-1,16414,0,9978.8,2210.6,1328.96,2.25634,300,0,0,100,0,NULL,33280,NULL,NULL,"","",0,-1),
(@CGUID+270,16781,1,0,0,0,0,0,0,-1,16435,0,9977.95,2211.64,1329.04,5.43721,300,0,0,100,0,NULL,33280,NULL,NULL,"","",0,-1),
(@CGUID+271,16781,0,0,0,0,0,0,0,-1,21085,0,-1114.52,-3516.55,51.5269,1.27657,300,0,0,100,0,NULL,33280,NULL,NULL,"","",0,-1),
(@CGUID+272,16781,0,0,0,0,0,0,0,-1,16432,0,-1113.72,-3513.92,51.472,4.44408,300,0,0,100,0,NULL,33280,NULL,NULL,"","",0,-1),
(@CGUID+273,16781,0,0,0,0,0,0,0,-1,16445,0,-1110.79,-3493.94,51.0132,0.493516,300,0,0,100,0,NULL,33280,NULL,NULL,"","",0,-1),
(@CGUID+274,16781,0,0,0,0,0,0,0,-1,16431,0,-1110.28,-3489.62,50.4423,5.85779,300,0,0,100,0,NULL,33280,NULL,NULL,"","",0,-1),
(@CGUID+275,16781,0,0,0,0,0,0,0,-1,16446,0,-1106.47,-3505.11,50.089,4.56895,300,0,0,100,0,NULL,33280,NULL,NULL,"","",0,-1),
(@CGUID+276,16781,0,0,0,0,0,0,0,-1,21086,0,-126.743,-804.512,55.1883,4.67724,300,0,0,100,0,NULL,33280,NULL,NULL,"","",0,-1),
(@CGUID+277,16781,0,0,0,0,0,0,0,-1,16442,0,-126.897,-806.233,55.1599,1.72886,300,0,0,100,0,NULL,33280,NULL,NULL,"","",0,-1),
(@CGUID+278,16781,0,0,0,0,0,0,0,-1,21085,0,-114.628,-830.741,56.8043,0.000189781,300,0,0,100,0,NULL,33280,NULL,NULL,"","",0,-1),
(@CGUID+279,16781,0,0,0,0,0,0,0,-1,19187,0,-114.326,-829.561,56.8038,6.09724,300,0,0,100,0,NULL,33280,NULL,NULL,"","",0,-1),
(@CGUID+280,16781,0,0,0,0,0,0,0,-1,19181,0,574.505,1352.74,90.0994,2.42585,300,0,0,100,0,NULL,33280,NULL,NULL,"","",0,-1),
(@CGUID+281,16781,0,0,0,0,0,0,0,-1,16442,0,573.093,1353.47,90.1913,5.83448,300,0,0,100,0,NULL,33280,NULL,NULL,"","",0,-1),
(@CGUID+282,16781,0,0,0,0,0,0,0,-1,19182,0,581.873,1380.24,91.0504,4.5767,300,0,0,100,0,NULL,33280,NULL,NULL,"","",0,-1),
(@CGUID+283,16781,0,0,0,0,0,0,0,-1,16445,0,581.798,1378.5,90.8951,1.4194,300,0,0,100,0,NULL,33280,NULL,NULL,"","",0,-1),
(@CGUID+284,16781,0,0,0,0,0,0,0,-1,16446,0,-14371.2,115.453,1.0591,2.15631,300,0,0,100,0,NULL,33280,NULL,NULL,"","",0,-1),
(@CGUID+285,16781,0,0,0,0,0,0,0,-1,16432,0,-14372,116.93,0.992384,5.36073,300,0,0,100,0,NULL,33280,NULL,NULL,"","",0,-1),
(@CGUID+286,16781,0,0,0,0,0,0,0,-1,21085,0,-14377.8,126.207,0.73579,1.80287,300,0,0,100,0,NULL,33280,NULL,NULL,"","",0,-1),
(@CGUID+287,16781,0,0,0,0,0,0,0,-1,19187,0,-14381.6,126.844,0.534771,1.30414,300,0,0,100,0,NULL,33280,NULL,NULL,"","",0,-1),
(@CGUID+288,16781,0,0,0,0,0,0,0,-1,19182,0,2293.51,478.195,34.7606,3.13108,300,0,0,100,0,NULL,33280,NULL,NULL,"","",0,-1),
(@CGUID+289,16781,0,0,0,0,0,0,0,-1,21086,0,2292.34,476.113,34.5778,2.42422,300,0,0,100,0,NULL,33280,NULL,NULL,"","",0,-1),
(@CGUID+290,16781,0,0,0,0,0,0,0,-1,16445,0,2280.94,478.184,33.6146,5.96637,300,0,0,100,0,NULL,33280,NULL,NULL,"","",0,-1),
(@CGUID+291,16781,0,0,0,0,0,0,0,-1,16442,0,2282.69,477.521,33.6962,3.04077,300,0,0,100,0,NULL,33280,NULL,NULL,"","",0,-1),
(@CGUID+292,16781,0,0,0,0,0,0,0,-1,16431,0,-6605.37,-2616.37,265.833,1.9828,300,0,0,100,0,NULL,33280,NULL,NULL,"","",0,-1),
(@CGUID+293,16781,0,0,0,0,0,0,0,-1,16446,0,-6602.36,-2625.49,266.702,3.18368,300,0,0,100,0,NULL,33280,NULL,NULL,"","",0,-1),
(@CGUID+294,16781,0,0,0,0,0,0,0,-1,21085,0,-6604.78,-2625.38,265.909,0.104912,300,0,0,100,0,NULL,33280,NULL,NULL,"","",0,-1),
(@CGUID+295,16781,0,0,0,0,0,0,0,-1,16432,0,-6613.84,-2632.5,265.834,5.4574,300,0,0,100,0,NULL,33280,NULL,NULL,"","",0,-1),
(@CGUID+296,16781,0,0,0,0,0,0,0,-1,19181,0,-7594.02,-2090.97,125.53,1.00802,300,0,0,100,0,NULL,33280,NULL,NULL,"","",0,-1),
(@CGUID+297,16781,0,0,0,0,0,0,0,-1,19187,0,-7597.45,-2089.48,125.792,1.09048,300,0,0,100,0,NULL,33280,NULL,NULL,"","",0,-1),
(@CGUID+298,16781,0,0,0,0,0,0,0,-1,21086,0,-7610.56,-2093.55,127.573,4.16689,300,0,0,100,0,NULL,33280,NULL,NULL,"","",0,-1),
(@CGUID+299,16781,0,0,0,0,0,0,0,-1,16431,0,-7607.64,-2093.55,127.35,3.69958,300,0,0,100,0,NULL,33280,NULL,NULL,"","",0,-1),
(@CGUID+300,16781,0,0,0,0,0,0,0,-1,16445,0,-12414.9,110.973,6.63256,2.39554,300,0,0,100,0,NULL,33280,NULL,NULL,"","",0,-1),
(@CGUID+301,16781,0,0,0,0,0,0,0,-1,16442,0,-12416.2,112.125,6.2292,5.27089,300,0,0,100,0,NULL,33280,NULL,NULL,"","",0,-1),
(@CGUID+302,16781,0,0,0,0,0,0,0,-1,16446,0,-12430.1,81.3285,4.9366,1.27165,300,0,0,100,0,NULL,33280,NULL,NULL,"","",0,-1),
(@CGUID+303,16781,0,0,0,0,0,0,0,-1,19182,0,-12429.4,83.6162,4.8837,4.33863,300,0,0,100,0,NULL,33280,NULL,NULL,"","",0,-1),
(@CGUID+304,16781,0,0,0,0,0,0,0,-1,19343,0,-9776.11,-3843.1,23.1419,2.04637,300,0,0,100,0,NULL,33280,NULL,NULL,"","",0,-1),
(@CGUID+305,16781,0,0,0,0,0,0,0,-1,16432,0,-9779.07,-3844.7,22.7328,1.77148,300,0,0,100,0,NULL,33280,NULL,NULL,"","",0,-1),
(@CGUID+306,16781,0,0,0,0,0,0,0,-1,21085,0,-9787.55,-3837.41,22.0065,4.93169,300,0,0,100,0,NULL,33280,NULL,NULL,"","",0,-1),
(@CGUID+307,16781,0,0,0,0,0,0,0,-1,19187,0,-9786.91,-3840.17,22.0543,1.86629,300,0,0,100,0,NULL,33280,NULL,NULL,"","",0,-1),
(@CGUID+308,16781,0,0,0,0,0,0,0,-1,19343,0,-501.364,-4566.34,10.4889,6.11288,300,0,0,100,0,NULL,33280,NULL,NULL,"","",0,-1),
(@CGUID+309,16781,0,0,0,0,0,0,0,-1,16445,0,-501.296,-4568.14,10.2794,0.116369,300,0,0,100,0,NULL,33280,NULL,NULL,"","",0,-1),
(@CGUID+310,16781,0,0,0,0,0,0,0,-1,21086,0,-499.463,-4574.21,9.28955,5.6927,300,0,0,100,0,NULL,33280,NULL,NULL,"","",0,-1),
(@CGUID+311,16781,0,0,0,0,0,0,0,-1,16446,0,-495.715,-4550.76,10.307,5.75946,300,0,0,100,0,NULL,33280,NULL,NULL,"","",0,-1),
(@CGUID+312,16781,0,0,0,0,0,0,0,-1,19343,0,1753.13,-842.42,61.1568,6.26371,300,0,0,100,0,NULL,33280,NULL,NULL,"","",0,-1),
(@CGUID+313,16781,0,0,0,0,0,0,0,-1,19181,0,1755.47,-839.229,60.475,5.4901,300,0,0,100,0,NULL,33280,NULL,NULL,"","",0,-1),
(@CGUID+314,16781,0,0,0,0,0,0,0,-1,16442,0,1761.05,-835.253,60.2559,2.1973,300,0,0,100,0,NULL,33280,NULL,NULL,"","",0,-1),
(@CGUID+315,16781,0,0,0,0,0,0,0,-1,19182,0,1757.68,-835.452,60.0966,2.20751,300,0,0,100,0,NULL,33280,NULL,NULL,"","",0,-1),
(@CGUID+316,16781,0,0,0,0,0,0,0,-1,16431,0,1786.28,226.946,59.3579,4.07252,300,0,0,100,0,NULL,33280,NULL,NULL,"","",0,-1),
(@CGUID+317,16781,0,0,0,0,0,0,0,-1,16445,0,1784.36,224.369,59.3626,0.742425,300,0,0,100,0,NULL,33280,NULL,NULL,"","",0,-1),
(@CGUID+318,16781,0,0,0,0,0,0,0,-1,16432,0,1824.33,233.652,60.3061,6.25616,300,0,0,100,0,NULL,33280,NULL,NULL,"","",0,-1),
(@CGUID+319,16781,0,0,0,0,0,0,0,-1,21085,0,1826.49,233.593,60.3314,3.17347,300,0,0,100,0,NULL,33280,NULL,NULL,"","",0,-1),
(@CGUID+320,16781,1,0,0,0,0,0,0,-1,19182,0,2130.4,-1254.61,96.3698,4.30946,300,0,0,100,0,NULL,33280,NULL,NULL,"","",0,-1),
(@CGUID+321,16781,1,0,0,0,0,0,0,-1,19188,0,2131.25,-1257.7,96.4629,2.78893,300,0,0,100,0,NULL,33280,NULL,NULL,"","",0,-1),
(@CGUID+322,16781,1,0,0,0,0,0,0,-1,16442,0,2138.08,-1266.14,95.4234,4.19872,300,0,0,100,0,NULL,33280,NULL,NULL,"","",0,-1),
(@CGUID+323,16781,1,0,0,0,0,0,0,-1,16446,0,2137.11,-1267.74,95.608,1.1985,300,0,0,100,0,NULL,33280,NULL,NULL,"","",0,-1),
(@CGUID+324,16781,1,0,0,0,0,0,0,-1,21085,0,-1857.52,3062.88,0.53659,4.43674,300,0,0,100,0,NULL,33280,NULL,NULL,"","",0,-1),
(@CGUID+325,16781,1,0,0,0,0,0,0,-1,16431,0,-1863.89,3067,0.712955,4.31106,300,0,0,100,0,NULL,33280,NULL,NULL,"","",0,-1),
(@CGUID+326,16781,1,0,0,0,0,0,0,-1,19181,0,-1841.15,3051.39,0.90873,4.43282,300,0,0,100,0,NULL,33280,NULL,NULL,"","",0,-1),
(@CGUID+327,16781,1,0,0,0,0,0,0,-1,21085,0,-1841.83,3049.09,1.13108,1.31871,300,0,0,100,0,NULL,33280,NULL,NULL,"","",0,-1),
(@CGUID+328,16781,1,0,0,0,0,0,0,-1,16432,0,-3099.38,-2719.75,34.913,4.15223,300,0,0,100,0,NULL,33280,NULL,NULL,"","",0,-1),
(@CGUID+329,16781,1,0,0,0,0,0,0,-1,19343,0,-3101.49,-2716.21,35.0144,4.39491,300,0,0,100,0,NULL,33280,NULL,NULL,"","",0,-1),
(@CGUID+330,16781,1,0,0,0,0,0,0,-1,16446,0,-3105.71,-2707.29,35.4795,2.67725,300,0,0,100,0,NULL,33280,NULL,NULL,"","",0,-1),
(@CGUID+331,16781,1,0,0,0,0,0,0,-1,19182,0,-3107.96,-2707.11,35.6389,0.135697,300,0,0,100,0,NULL,33280,NULL,NULL,"","",0,-1),
(@CGUID+332,16781,1,0,0,0,0,0,0,-1,16442,0,-2311.27,-564.092,-5.95617,1.57787,300,0,0,100,0,NULL,33280,NULL,NULL,"","",0,-1),
(@CGUID+333,16781,1,0,0,0,0,0,0,-1,19188,0,-2311.28,-561.523,-5.62154,4.70375,300,0,0,100,0,NULL,33280,NULL,NULL,"","",0,-1),
(@CGUID+334,16781,1,0,0,0,0,0,0,-1,16431,0,-2329.02,-558.344,-5.38585,4.12726,300,0,0,100,0,NULL,33280,NULL,NULL,"","",0,-1),
(@CGUID+335,16781,1,0,0,0,0,0,0,-1,19181,0,-2330.19,-560.1,-5.37414,0.946386,300,0,0,100,0,NULL,33280,NULL,NULL,"","",0,-1),
(@CGUID+336,16781,1,0,0,0,0,0,0,-1,16432,0,-1025.67,292.483,135.744,0.254623,300,0,0,100,0,NULL,33280,NULL,NULL,"","",0,-1),
(@CGUID+337,16781,1,0,0,0,0,0,0,-1,21085,0,-1023.93,292.972,135.744,3.47633,300,0,0,100,0,NULL,33280,NULL,NULL,"","",0,-1),
(@CGUID+338,16781,1,0,0,0,0,0,0,-1,16446,0,-1025.71,275.173,135.744,5.71469,300,0,0,100,0,NULL,33280,NULL,NULL,"","",0,-1),
(@CGUID+339,16781,1,0,0,0,0,0,0,-1,16431,0,-1023.71,274.829,135.744,2.9548,300,0,0,100,0,NULL,33280,NULL,NULL,"","",0,-1),
(@CGUID+340,16781,1,0,0,0,0,0,0,-1,19182,0,-6966.49,923.688,11.6091,4.25679,300,0,0,100,0,NULL,33280,NULL,NULL,"","",0,-1),
(@CGUID+341,16781,1,0,0,0,0,0,0,-1,16442,0,-6967.2,921.368,11.1903,1.10577,300,0,0,100,0,NULL,33280,NULL,NULL,"","",0,-1),
(@CGUID+342,16781,1,0,0,0,0,0,0,-1,21086,0,-6980.67,919.181,9.88116,2.59018,300,0,0,100,0,NULL,33280,NULL,NULL,"","",0,-1),
(@CGUID+343,16781,1,0,0,0,0,0,0,-1,16432,0,-6992.73,919.123,9.57281,1.24294,300,0,0,100,0,NULL,33280,NULL,NULL,"","",0,-1),
(@CGUID+344,16781,1,0,0,0,0,0,0,-1,19181,0,959.223,768.295,105.605,3.7494,300,0,0,100,0,NULL,33280,NULL,NULL,"","",0,-1),
(@CGUID+345,16781,1,0,0,0,0,0,0,-1,16446,0,957.198,766.664,105.311,0.672207,300,0,0,100,0,NULL,33280,NULL,NULL,"","",0,-1),
(@CGUID+346,16781,1,0,0,0,0,0,0,-1,19188,0,945.922,776.486,104.173,0.844204,300,0,0,100,0,NULL,33280,NULL,NULL,"","",0,-1),
(@CGUID+347,16781,1,0,0,0,0,0,0,-1,21086,0,946.406,778.608,104.093,4.47354,300,0,0,100,0,NULL,33280,NULL,NULL,"","",0,-1),
(@CGUID+348,16781,1,0,0,0,0,0,0,-1,16431,0,-7584.24,-1568.38,-271.767,1.61948,300,0,0,100,0,NULL,33280,NULL,NULL,"","",0,-1),
(@CGUID+349,16781,1,0,0,0,0,0,0,-1,16442,0,-7584.35,-1566.39,-271.83,4.65897,300,0,0,100,0,NULL,33280,NULL,NULL,"","",0,-1),
(@CGUID+350,16781,1,0,0,0,0,0,0,-1,19182,0,-7587.24,-1554.93,-272.055,3.24997,300,0,0,100,0,NULL,33280,NULL,NULL,"","",0,-1),
(@CGUID+351,16781,1,0,0,0,0,0,0,-1,21085,0,-7579.7,-1556.58,-272.419,3.92153,300,0,0,100,0,NULL,33280,NULL,NULL,"","",0,-1),
(@CGUID+352,16781,1,0,0,0,0,0,0,-1,16446,0,3423.53,-6715.35,52.6964,4.17851,300,0,0,100,0,NULL,33280,NULL,NULL,"","",0,-1),
(@CGUID+353,16781,1,0,0,0,0,0,0,-1,16432,0,3423.66,-6718.15,52.6964,3.46223,300,0,0,100,0,NULL,33280,NULL,NULL,"","",0,-1),
(@CGUID+354,16781,1,0,0,0,0,0,0,-1,19181,0,3421.7,-6732.78,52.698,1.71393,300,0,0,100,0,NULL,33280,NULL,NULL,"","",0,-1),
(@CGUID+355,16781,1,0,0,0,0,0,0,-1,19343,0,3421.71,-6730.15,52.698,4.89951,300,0,0,100,0,NULL,33280,NULL,NULL,"","",0,-1),
(@CGUID+356,16781,1,0,0,0,0,0,0,-1,16446,0,128.299,-4728.79,17.5587,0.877909,300,0,0,100,0,NULL,33280,NULL,NULL,"","",0,-1),
(@CGUID+357,16781,1,0,0,0,0,0,0,-1,16442,0,129.526,-4727.31,17.6543,3.56397,300,0,0,100,0,NULL,33280,NULL,NULL,"","",0,-1),
(@CGUID+358,16781,1,0,0,0,0,0,0,-1,19188,0,146.909,-4697.07,18.7243,5.11512,300,0,0,100,0,NULL,33280,NULL,NULL,"","",0,-1),
(@CGUID+359,16781,1,0,0,0,0,0,0,-1,16431,0,147.548,-4698.69,18.6032,1.98924,300,0,0,100,0,NULL,33280,NULL,NULL,"","",0,-1),
(@CGUID+360,16781,1,0,0,0,0,0,0,-1,19182,0,2058.8,-4335.12,95.6413,3.32729,300,0,0,100,0,NULL,33280,NULL,NULL,"","",0,-1),
(@CGUID+361,16781,1,0,0,0,0,0,0,-1,21085,0,2057.02,-4336.03,95.4893,0.700128,300,0,0,100,0,NULL,33280,NULL,NULL,"","",0,-1),
(@CGUID+362,16781,1,0,0,0,0,0,0,-1,16446,0,2039.56,-4308.61,95.4727,2.34554,300,0,0,100,0,NULL,33280,NULL,NULL,"","",0,-1),
(@CGUID+363,16781,1,0,0,0,0,0,0,-1,21086,0,2066.5,-4300.26,96.6645,5.87983,300,0,0,100,0,NULL,33280,NULL,NULL,"","",0,-1),
(@CGUID+364,16781,1,0,0,0,0,0,0,-1,16442,0,2068.6,-4301.53,96.8123,2.58474,300,0,0,100,0,NULL,33280,NULL,NULL,"","",0,-1),
(@CGUID+365,16781,1,0,0,0,0,0,0,-1,19343,0,-4508.73,418.762,46.8857,1.15369,300,0,0,100,0,NULL,33280,NULL,NULL,"","",0,-1),
(@CGUID+366,16781,1,0,0,0,0,0,0,-1,16432,0,-4507.8,420.848,46.8625,4.09108,300,0,0,100,0,NULL,33280,NULL,NULL,"","",0,-1),
(@CGUID+367,16781,1,0,0,0,0,0,0,-1,19181,0,-4503.48,439.361,47.151,4.91969,300,0,0,100,0,NULL,33280,NULL,NULL,"","",0,-1),
(@CGUID+368,16781,1,0,0,0,0,0,0,-1,21086,0,-4515,426.582,46.438,0.0776896,300,0,0,100,0,NULL,33280,NULL,NULL,"","",0,-1),
(@CGUID+369,16781,1,0,0,0,0,0,0,-1,21085,0,-303.348,-2663.98,93.3797,6.13752,300,0,0,100,0,NULL,33280,NULL,NULL,"","",0,-1),
(@CGUID+370,16781,1,0,0,0,0,0,0,-1,19188,0,-302.437,-2660.81,93.7123,5.6545,300,0,0,100,0,NULL,33280,NULL,NULL,"","",0,-1),
(@CGUID+371,16781,1,0,0,0,0,0,0,-1,16431,0,-299.31,-2692.03,93.4511,5.31912,300,0,0,100,0,NULL,33280,NULL,NULL,"","",0,-1),
(@CGUID+372,16781,1,0,0,0,0,0,0,-1,16442,0,-297.597,-2693.31,93.5334,2.66055,300,0,0,100,0,NULL,33280,NULL,NULL,"","",0,-1),
(@CGUID+373,16781,1,0,0,0,0,0,0,-1,19187,0,-3169.4,-1646.48,92.1228,5.89224,300,0,0,100,0,NULL,33280,NULL,NULL,"","",0,-1),
(@CGUID+374,16781,1,0,0,0,0,0,0,-1,19182,0,-3170.2,-1648.8,92.5368,6.11215,300,0,0,100,0,NULL,33280,NULL,NULL,"","",0,-1),
(@CGUID+375,16781,1,0,0,0,0,0,0,-1,16446,0,-3179.46,-1666.11,93.6517,1.27317,300,0,0,100,0,NULL,33280,NULL,NULL,"","",0,-1),
(@CGUID+376,16781,1,0,0,0,0,0,0,-1,19188,0,-3178.13,-1663.89,93.9064,3.649,300,0,0,100,0,NULL,33280,NULL,NULL,"","",0,-1),
(@CGUID+377,16781,1,0,0,0,0,0,0,-1,16431,0,-7069.71,-3617.71,8.83087,4.69135,300,0,0,100,0,NULL,33280,NULL,NULL,"","",0,-1),
(@CGUID+378,16781,1,0,0,0,0,0,0,-1,19187,0,-7067.68,-3617.33,8.85102,4.39919,300,0,0,100,0,NULL,33280,NULL,NULL,"","",0,-1),
(@CGUID+379,16781,1,0,0,0,0,0,0,-1,21085,0,-7076.16,-3611.18,9.07983,2.71137,300,0,0,100,0,NULL,33280,NULL,NULL,"","",0,-1),
(@CGUID+380,16781,1,0,0,0,0,0,0,-1,16442,0,-7077.71,-3610.22,9.17404,5.6916,300,0,0,100,0,NULL,33280,NULL,NULL,"","",0,-1),
(@CGUID+381,16781,1,0,0,0,0,0,0,-1,21086,0,6809.42,-4583.06,710.799,5.62073,300,0,0,100,0,NULL,33280,NULL,NULL,"","",0,-1),
(@CGUID+382,16781,1,0,0,0,0,0,0,-1,19182,0,6809.53,-4585.52,710.543,1.11254,300,0,0,100,0,NULL,33280,NULL,NULL,"","",0,-1),
(@CGUID+383,16781,1,0,0,0,0,0,0,-1,16445,0,6819.92,-4586.14,709.685,0.810161,300,0,0,100,0,NULL,33280,NULL,NULL,"","",0,-1),
(@CGUID+384,16781,1,0,0,0,0,0,0,-1,16446,0,6812.61,-4583.51,710.327,3.18678,300,0,0,100,0,NULL,33280,NULL,NULL,"","",0,-1),
(@CGUID+385,16817,0,0,0,0,0,0,0,-1,0,0,-8831.93,864.146,99.0258,0.495182,300,0,0,100,0,NULL,NULL,NULL,NULL,"","",0,-1),
(@CGUID+386,16817,0,0,0,0,0,0,0,-1,0,0,-4702.23,-1222.32,501.66,2.52691,300,0,0,100,0,NULL,NULL,NULL,NULL,"","",0,-1),
(@CGUID+387,16817,1,0,0,0,0,0,0,-1,0,0,9969.62,2210.47,1329.55,6.27366,300,0,0,100,0,NULL,NULL,NULL,NULL,"","",0,-1),
(@CGUID+388,16818,1,0,0,0,0,0,0,-1,0,0,2044.95,-4326.49,95.4707,0.792441,300,0,0,100,0,NULL,NULL,NULL,NULL,"","",0,-1),
(@CGUID+389,16818,0,0,0,0,0,0,0,-1,0,0,1826.71,217.289,60.445,1.48698,300,0,0,100,0,NULL,NULL,NULL,NULL,"","",0,-1),
(@CGUID+390,16818,1,0,0,0,0,0,0,-1,0,0,-1034.69,275.843,135.744,1.03575,300,0,0,100,0,NULL,NULL,NULL,NULL,"","",0,-1),
(@CGUID+391,17066,0,4,1437,0,0,0,0,-1,11686,0,-10898.4,-2886.14,23.0586,-0.506145,300,0,0,100,0,NULL,NULL,NULL,NULL,"","",0,-1),
(@CGUID+392,17066,0,4,5076,0,0,0,0,-1,11686,0,-10961.7,-3232.85,47.9308,-0.506145,300,0,0,100,0,NULL,NULL,NULL,NULL,"","",0,-1),
(@CGUID+393,17066,0,0,0,0,0,0,0,-1,0,0,-9369.88,8.19504,69.6534,0.997755,300,0,0,100,0,NULL,NULL,NULL,NULL,"","",0,-1),
(@CGUID+394,17066,0,0,0,0,0,0,0,-1,0,0,-10836,1446.99,49.0299,2.46021,300,0,0,100,0,NULL,NULL,NULL,NULL,"","",0,-1),
(@CGUID+395,17066,0,0,0,0,0,0,0,-1,0,0,-9425.17,-2112.1,72.72,5.9581,300,0,0,100,0,NULL,NULL,NULL,NULL,"","",0,-1),
(@CGUID+396,17066,0,0,0,0,0,0,0,-1,0,0,-12738.6,-403.883,21.7739,3.57787,300,0,0,100,0,NULL,NULL,NULL,NULL,"","",0,-1),
(@CGUID+397,17066,0,0,0,0,0,0,0,-1,0,0,-14308,104.135,10.9677,3.0315,300,0,0,100,0,NULL,NULL,NULL,NULL,"","",0,-1),
(@CGUID+398,17066,0,0,0,0,0,0,0,-1,0,0,-5220.41,-2886.14,344.261,6.14132,300,0,0,100,0,NULL,NULL,NULL,NULL,"","",0,-1),
(@CGUID+399,17066,0,0,0,0,0,0,0,-1,0,0,-3459.36,-929.301,16.8568,3.9218,300,0,0,100,0,NULL,NULL,NULL,NULL,"","",0,-1),
(@CGUID+400,17066,0,0,0,0,0,0,0,-1,0,0,-6995.16,-2499.4,250.695,0.19131,300,0,0,100,0,NULL,NULL,NULL,NULL,"","",0,-1),
(@CGUID+401,17066,0,0,0,0,0,0,0,-1,0,0,-5424.62,-497.424,403.999,1.72406,300,0,0,100,0,NULL,NULL,NULL,NULL,"","",0,-1),
(@CGUID+402,17066,0,0,0,0,0,0,0,-1,0,0,-8239.47,-2629.28,142.877,1.75043,300,0,0,100,0,NULL,NULL,NULL,NULL,"","",0,-1),
(@CGUID+403,17066,0,0,0,0,0,0,0,-1,0,0,997.664,-1436.26,70.3545,0.62716,300,0,0,100,0,NULL,NULL,NULL,NULL,"","",0,-1),
(@CGUID+404,17066,0,0,0,0,0,0,0,-1,0,0,-1217.35,-2651.78,53.2617,5.55712,300,0,0,100,0,NULL,NULL,NULL,NULL,"","",0,-1),
(@CGUID+405,17066,0,0,0,0,0,0,0,-1,0,0,176.281,-2122.6,110.412,2.79303,300,0,0,100,0,NULL,NULL,NULL,NULL,"","",0,-1),
(@CGUID+406,17066,0,0,0,0,0,0,0,-1,0,0,-9762.32,-4012.23,30.5532,3.64393,300,0,0,100,0,NULL,NULL,NULL,NULL,"","",0,-1),
(@CGUID+407,17066,0,0,0,0,0,0,0,-1,0,0,-8843.29,844.535,105.592,3.33724,300,0,0,100,0,NULL,NULL,NULL,NULL,"","",0,-1),
(@CGUID+408,17066,0,0,0,0,0,0,0,-1,0,0,-4694.94,-1204.07,508.05,4.38872,300,0,0,100,0,NULL,NULL,NULL,NULL,"","",0,-1),
(@CGUID+409,17066,1,0,0,0,0,0,0,-1,0,0,3074.52,-3298.76,158.48,5.0398,300,0,0,100,0,NULL,NULL,NULL,NULL,"","",0,-1),
(@CGUID+410,17066,1,0,0,0,0,0,0,-1,0,0,9767.3,1028.87,1306.69,4.38214,300,0,0,100,0,NULL,NULL,NULL,NULL,"","",0,-1),
(@CGUID+411,17066,1,0,0,0,0,0,0,-1,0,0,-68.4748,1321.32,96.6301,2.65335,300,0,0,100,0,NULL,NULL,NULL,NULL,"","",0,-1),
(@CGUID+412,17066,1,0,0,0,0,0,0,-1,0,0,1431.6,990.979,160.429,3.95015,300,0,0,100,0,NULL,NULL,NULL,NULL,"","",0,-1),
(@CGUID+413,17066,1,0,0,0,0,0,0,-1,0,0,-4380.37,2170.14,22.0448,5.48501,300,0,0,100,0,NULL,NULL,NULL,NULL,"","",0,-1),
(@CGUID+414,17066,1,0,0,0,0,0,0,-1,0,0,-3334.26,-2205.9,98.3794,5.10449,300,0,0,100,0,NULL,NULL,NULL,NULL,"","",0,-1),
(@CGUID+415,17066,1,0,0,0,0,0,0,-1,0,0,-7038.45,-3922.12,17.6867,0.58355,300,0,0,100,0,NULL,NULL,NULL,NULL,"","",0,-1),
(@CGUID+416,17066,1,0,0,0,0,0,0,-1,0,0,-7505.94,-1693.47,-270.307,3.56687,300,0,0,100,0,NULL,NULL,NULL,NULL,"","",0,-1),
(@CGUID+417,17066,1,0,0,0,0,0,0,-1,0,0,7268.47,-162.925,22.0402,1.87236,300,0,0,100,0,NULL,NULL,NULL,NULL,"","",0,-1),
(@CGUID+418,17066,1,0,0,0,0,0,0,-1,0,0,-3458.35,-4238.15,17.064,3.29979,300,0,0,100,0,NULL,NULL,NULL,NULL,"","",0,-1),
(@CGUID+419,17066,1,0,0,0,0,0,0,-1,0,0,-6758.19,552.411,10.225,1.64503,300,0,0,100,0,NULL,NULL,NULL,NULL,"","",0,-1),
(@CGUID+420,17066,1,0,0,0,0,0,0,-1,0,0,6832.67,-4723.43,706.008,4.65312,300,0,0,100,0,NULL,NULL,NULL,NULL,"","",0,-1),
(@CGUID+421,17066,1,0,0,0,0,0,0,-1,0,0,9987.28,2223.29,1335.34,2.95065,300,0,0,100,0,NULL,NULL,NULL,NULL,"","",0,-1),
(@CGUID+422,17066,1,0,0,0,0,0,0,-1,0,0,2074.56,-4307.1,104.083,2.90498,300,0,0,100,0,NULL,NULL,NULL,NULL,"","",0,-1),
(@CGUID+423,17066,0,0,0,0,0,0,0,-1,0,0,-1121.46,-3506.53,58.0597,3.64847,300,0,0,100,0,NULL,NULL,NULL,NULL,"","",0,-1),
(@CGUID+424,17066,0,0,0,0,0,0,0,-1,0,0,-158.787,-813.781,63.0172,5.33226,300,0,0,100,0,NULL,NULL,NULL,NULL,"","",0,-1),
(@CGUID+425,17066,0,0,0,0,0,0,0,-1,0,0,569.759,1382.35,97.5125,1.03456,300,0,0,100,0,NULL,NULL,NULL,NULL,"","",0,-1),
(@CGUID+426,17066,0,0,0,0,0,0,0,-1,0,0,-14383.3,98.1933,11.5144,3.52918,300,0,0,100,0,NULL,NULL,NULL,NULL,"","",0,-1),
(@CGUID+427,17066,0,0,0,0,0,0,0,-1,0,0,2302.79,470.849,40.9977,5.38267,300,0,0,100,0,NULL,NULL,NULL,NULL,"","",0,-1),
(@CGUID+428,17066,0,0,0,0,0,0,0,-1,0,0,-6609.16,-2587.56,274.084,0.0310905,300,0,0,100,0,NULL,NULL,NULL,NULL,"","",0,-1),
(@CGUID+429,17066,0,0,0,0,0,0,0,-1,0,0,-7608.94,-2059.82,137.087,5.63638,300,0,0,100,0,NULL,NULL,NULL,NULL,"","",0,-1),
(@CGUID+430,17066,0,0,0,0,0,0,0,-1,0,0,-12408.1,94.6681,13.9276,4.39624,300,0,0,100,0,NULL,NULL,NULL,NULL,"","",0,-1),
(@CGUID+431,17066,0,0,0,0,0,0,0,-1,0,0,-482.877,-4551.32,16.2993,1.31253,300,0,0,100,0,NULL,NULL,NULL,NULL,"","",0,-1),
(@CGUID+432,17066,0,0,0,0,0,0,0,-1,0,0,1733.46,-848.293,67.466,5.05423,300,0,0,100,0,NULL,NULL,NULL,NULL,"","",0,-1),
(@CGUID+433,17066,0,0,0,0,0,0,0,-1,0,0,-9806.91,-3837.58,31.3951,2.38483,300,0,0,100,0,NULL,NULL,NULL,NULL,"","",0,-1),
(@CGUID+434,17066,0,0,0,0,0,0,0,-1,0,0,1784.06,209.216,66.1681,4.49977,300,0,0,100,0,NULL,NULL,NULL,NULL,"","",0,-1),
(@CGUID+435,17066,1,0,0,0,0,0,0,-1,0,0,2120.4,-1267.31,105.074,4.07619,300,0,0,100,0,NULL,NULL,NULL,NULL,"","",0,-1),
(@CGUID+436,17066,1,0,0,0,0,0,0,-1,0,0,-1826.53,3049.34,7.72424,4.05506,300,0,0,100,0,NULL,NULL,NULL,NULL,"","",0,-1),
(@CGUID+437,17066,1,0,0,0,0,0,0,-1,0,0,-3107.92,-2715.39,41.2127,2.00629,300,0,0,100,0,NULL,NULL,NULL,NULL,"","",0,-1),
(@CGUID+438,17066,1,0,0,0,0,0,0,-1,0,0,-2340.01,-566.486,0.938657,2.63893,300,0,0,100,0,NULL,NULL,NULL,NULL,"","",0,-1),
(@CGUID+439,17066,1,0,0,0,0,0,0,-1,0,0,-1032.36,289.758,142.135,5.18141,300,0,0,100,0,NULL,NULL,NULL,NULL,"","",0,-1),
(@CGUID+440,17066,1,0,0,0,0,0,0,-1,0,0,-6984.85,942.269,18.4437,0.994721,300,0,0,100,0,NULL,NULL,NULL,NULL,"","",0,-1),
(@CGUID+441,17066,1,0,0,0,0,0,0,-1,0,0,937.867,756.557,114.853,0.0321016,300,0,0,100,0,NULL,NULL,NULL,NULL,"","",0,-1),
(@CGUID+442,17066,1,0,0,0,0,0,0,-1,0,0,-7567.43,-1567.6,-262.492,1.43727,300,0,0,100,0,NULL,NULL,NULL,NULL,"","",0,-1),
(@CGUID+443,17066,1,0,0,0,0,0,0,-1,0,0,3423.67,-6709.02,59.0865,1.3992,300,0,0,100,0,NULL,NULL,NULL,NULL,"","",0,-1),
(@CGUID+444,17066,1,0,0,0,0,0,0,-1,0,0,141.146,-4732.06,22.2125,3.98809,300,0,0,100,0,NULL,NULL,NULL,NULL,"","",0,-1),
(@CGUID+445,17066,1,0,0,0,0,0,0,-1,0,0,-4504.15,407.634,54.3567,1.53068,300,0,0,100,0,NULL,NULL,NULL,NULL,"","",0,-1),
(@CGUID+446,17066,1,0,0,0,0,0,0,-1,0,0,-303.409,-2709.55,101.163,4.18422,300,0,0,100,0,NULL,NULL,NULL,NULL,"","",0,-1),
(@CGUID+447,17066,1,0,0,0,0,0,0,-1,0,0,-3165.63,-1670.91,100.196,3.38053,300,0,0,100,0,NULL,NULL,NULL,NULL,"","",0,-1),
(@CGUID+448,17066,1,0,0,0,0,0,0,-1,0,0,-7053.1,-3611.46,19.77,4.15728,300,0,0,100,0,NULL,NULL,NULL,NULL,"","",0,-1),
(@CGUID+449,17066,1,0,0,0,0,0,0,-1,0,0,6801.84,-4591.54,717.347,3.70041,300,0,0,100,0,NULL,NULL,NULL,NULL,"","",0,-1),
(@CGUID+450,25535,0,0,0,0,0,0,0,-1,0,0,-8828.3,847.4,101.442,4.58425,300,0,0,100,0,NULL,NULL,NULL,NULL,"","",0,-1),
(@CGUID+451,25535,0,0,0,0,0,0,0,-1,0,0,-8824.58,850.283,101.07,0.744441,300,0,0,100,0,NULL,NULL,NULL,NULL,"","",0,-1),
(@CGUID+452,25535,0,0,0,0,0,0,0,-1,0,0,-8822.91,854.285,100.925,1.58874,300,0,0,100,0,NULL,NULL,NULL,NULL,"","",0,-1),
(@CGUID+453,25535,0,0,0,0,0,0,0,-1,0,0,-8824.66,858.572,100.88,3.03859,300,0,0,100,0,NULL,NULL,NULL,NULL,"","",0,-1),
(@CGUID+454,25535,0,0,0,0,0,0,0,-1,0,0,-8828.67,860.956,100.876,2.63141,300,0,0,100,0,NULL,NULL,NULL,NULL,"","",0,-1),
(@CGUID+455,25535,0,0,0,0,0,0,0,-1,0,0,-4715.26,-1212.5,503.456,3.08614,300,0,0,100,0,NULL,NULL,NULL,NULL,"","",0,-1),
(@CGUID+456,25535,0,0,0,0,0,0,0,-1,0,0,-4718.84,-1217.47,503.456,4.25633,300,0,0,100,0,NULL,NULL,NULL,NULL,"","",0,-1),
(@CGUID+457,25535,0,0,0,0,0,0,0,-1,0,0,-4717.93,-1224.81,503.453,4.54693,300,0,0,100,0,NULL,NULL,NULL,NULL,"","",0,-1),
(@CGUID+458,25535,0,0,0,0,0,0,0,-1,0,0,-4710.86,-1227.95,503.458,0.103152,300,0,0,100,0,NULL,NULL,NULL,NULL,"","",0,-1),
(@CGUID+459,25535,0,0,0,0,0,0,0,-1,0,0,-4705.36,-1227.07,503.455,0.421238,300,0,0,100,0,NULL,NULL,NULL,NULL,"","",0,-1),
(@CGUID+460,25535,1,0,0,0,0,0,0,-1,0,0,9996.37,2206.37,1329.58,0.409108,300,0,0,100,0,NULL,NULL,NULL,NULL,"","",0,-1),
(@CGUID+461,25535,1,0,0,0,0,0,0,-1,0,0,9999.79,2203.42,1329.51,5.96188,300,0,0,100,0,NULL,NULL,NULL,NULL,"","",0,-1),
(@CGUID+462,25535,1,0,0,0,0,0,0,-1,0,0,10002.5,2198.18,1329.77,5.19613,300,0,0,100,0,NULL,NULL,NULL,NULL,"","",0,-1),
(@CGUID+463,25535,1,0,0,0,0,0,0,-1,0,0,10000,2193.02,1329.71,5.69092,300,0,0,100,0,NULL,NULL,NULL,NULL,"","",0,-1),
(@CGUID+464,25535,1,0,0,0,0,0,0,-1,0,0,9996.51,2190.57,1329.53,3.69601,300,0,0,100,0,NULL,NULL,NULL,NULL,"","",0,-1),
(@CGUID+465,25535,1,0,0,0,0,0,0,-1,0,0,2054.06,-4303.49,97.4165,0.236183,300,0,0,100,0,NULL,NULL,NULL,NULL,"","",0,-1),
(@CGUID+466,25535,1,0,0,0,0,0,0,-1,0,0,2058.25,-4306.49,97.8855,4.32026,300,0,0,100,0,NULL,NULL,NULL,NULL,"","",0,-1),
(@CGUID+467,25535,1,0,0,0,0,0,0,-1,0,0,2061.4,-4309.67,98.2403,3.46811,300,0,0,100,0,NULL,NULL,NULL,NULL,"","",0,-1),
(@CGUID+468,25535,1,0,0,0,0,0,0,-1,0,0,2063.12,-4313.73,98.4133,5.12923,300,0,0,100,0,NULL,NULL,NULL,NULL,"","",0,-1),
(@CGUID+469,25535,1,0,0,0,0,0,0,-1,0,0,2063.11,-4318.08,98.4276,4.81507,300,0,0,100,0,NULL,NULL,NULL,NULL,"","",0,-1),
(@CGUID+470,25535,0,0,0,0,0,0,0,-1,0,0,1836.24,209.199,62.3485,6.02055,300,0,0,100,0,NULL,NULL,NULL,NULL,"","",0,-1),
(@CGUID+471,25535,0,0,0,0,0,0,0,-1,0,0,1831.67,206.098,61.8833,4.70109,300,0,0,100,0,NULL,NULL,NULL,NULL,"","",0,-1),
(@CGUID+472,25535,0,0,0,0,0,0,0,-1,0,0,1825.31,204.807,61.7196,5.07414,300,0,0,100,0,NULL,NULL,NULL,NULL,"","",0,-1),
(@CGUID+473,25535,0,0,0,0,0,0,0,-1,0,0,1819.02,204.814,61.9511,4.77917,300,0,0,100,0,NULL,NULL,NULL,NULL,"","",0,-1),
(@CGUID+474,25535,0,0,0,0,0,0,0,-1,0,0,1815.01,217.613,61.9122,3.34582,300,0,0,100,0,NULL,NULL,NULL,NULL,"","",0,-1),
(@CGUID+475,25535,1,0,0,0,0,0,0,-1,0,0,-1047.1,285.298,136.803,2.77261,300,0,0,100,0,NULL,NULL,NULL,NULL,"","",0,-1),
(@CGUID+476,25535,1,0,0,0,0,0,0,-1,0,0,-1044,289.505,137.3,0.94656,300,0,0,100,0,NULL,NULL,NULL,NULL,"","",0,-1),
(@CGUID+477,25535,1,0,0,0,0,0,0,-1,0,0,-1039.56,293.992,137.513,0.577414,300,0,0,100,0,NULL,NULL,NULL,NULL,"","",0,-1),
(@CGUID+478,25535,1,0,0,0,0,0,0,-1,0,0,-1035.16,297.813,137.537,5.2741,300,0,0,100,0,NULL,NULL,NULL,NULL,"","",0,-1),
(@CGUID+479,25535,1,0,0,0,0,0,0,-1,0,0,-1030.79,302.601,137.546,6.08698,300,0,0,100,0,NULL,NULL,NULL,NULL,"","",0,-1),
(@CGUID+480,25536,0,0,0,0,0,0,0,-1,0,0,-8828.3,847.4,101.442,4.58425,300,0,0,100,0,NULL,NULL,NULL,NULL,"","",0,-1),
(@CGUID+481,25536,0,0,0,0,0,0,0,-1,0,0,-8824.58,850.283,101.07,0.744441,300,0,0,100,0,NULL,NULL,NULL,NULL,"","",0,-1),
(@CGUID+482,25536,0,0,0,0,0,0,0,-1,0,0,-8822.91,854.285,100.925,1.58874,300,0,0,100,0,NULL,NULL,NULL,NULL,"","",0,-1),
(@CGUID+483,25536,0,0,0,0,0,0,0,-1,0,0,-8824.66,858.572,100.88,3.03859,300,0,0,100,0,NULL,NULL,NULL,NULL,"","",0,-1),
(@CGUID+484,25536,0,0,0,0,0,0,0,-1,0,0,-8828.67,860.956,100.876,2.63141,300,0,0,100,0,NULL,NULL,NULL,NULL,"","",0,-1),
(@CGUID+485,25536,0,0,0,0,0,0,0,-1,0,0,-4715.26,-1212.5,503.456,3.08614,300,0,0,100,0,NULL,NULL,NULL,NULL,"","",0,-1),
(@CGUID+486,25536,0,0,0,0,0,0,0,-1,0,0,-4718.84,-1217.47,503.456,4.25633,300,0,0,100,0,NULL,NULL,NULL,NULL,"","",0,-1),
(@CGUID+487,25536,0,0,0,0,0,0,0,-1,0,0,-4717.93,-1224.81,503.453,4.54693,300,0,0,100,0,NULL,NULL,NULL,NULL,"","",0,-1),
(@CGUID+488,25536,0,0,0,0,0,0,0,-1,0,0,-4710.86,-1227.95,503.458,0.103152,300,0,0,100,0,NULL,NULL,NULL,NULL,"","",0,-1),
(@CGUID+489,25536,0,0,0,0,0,0,0,-1,0,0,-4705.36,-1227.07,503.455,0.421238,300,0,0,100,0,NULL,NULL,NULL,NULL,"","",0,-1),
(@CGUID+490,25536,1,0,0,0,0,0,0,-1,0,0,9996.37,2206.37,1329.58,0.409108,300,0,0,100,0,NULL,NULL,NULL,NULL,"","",0,-1),
(@CGUID+491,25536,1,0,0,0,0,0,0,-1,0,0,9999.79,2203.42,1329.51,5.96188,300,0,0,100,0,NULL,NULL,NULL,NULL,"","",0,-1),
(@CGUID+492,25536,1,0,0,0,0,0,0,-1,0,0,10002.5,2198.18,1329.77,5.19613,300,0,0,100,0,NULL,NULL,NULL,NULL,"","",0,-1),
(@CGUID+493,25536,1,0,0,0,0,0,0,-1,0,0,10000,2193.02,1329.71,5.69092,300,0,0,100,0,NULL,NULL,NULL,NULL,"","",0,-1),
(@CGUID+494,25536,1,0,0,0,0,0,0,-1,0,0,9996.51,2190.57,1329.53,3.69601,300,0,0,100,0,NULL,NULL,NULL,NULL,"","",0,-1),
(@CGUID+495,25536,1,0,0,0,0,0,0,-1,0,0,2054.06,-4303.49,97.4165,0.236183,300,0,0,100,0,NULL,NULL,NULL,NULL,"","",0,-1),
(@CGUID+496,25536,1,0,0,0,0,0,0,-1,0,0,2058.25,-4306.49,97.8855,4.32026,300,0,0,100,0,NULL,NULL,NULL,NULL,"","",0,-1),
(@CGUID+497,25536,1,0,0,0,0,0,0,-1,0,0,2061.4,-4309.67,98.2403,3.46811,300,0,0,100,0,NULL,NULL,NULL,NULL,"","",0,-1),
(@CGUID+498,25536,1,0,0,0,0,0,0,-1,0,0,2063.12,-4313.73,98.4133,5.12923,300,0,0,100,0,NULL,NULL,NULL,NULL,"","",0,-1),
(@CGUID+499,25536,1,0,0,0,0,0,0,-1,0,0,2063.11,-4318.08,98.4276,4.81507,300,0,0,100,0,NULL,NULL,NULL,NULL,"","",0,-1),
(@CGUID+500,25536,0,0,0,0,0,0,0,-1,0,0,1836.24,209.199,62.3485,6.02055,300,0,0,100,0,NULL,NULL,NULL,NULL,"","",0,-1),
(@CGUID+501,25536,0,0,0,0,0,0,0,-1,0,0,1831.67,206.098,61.8833,4.70109,300,0,0,100,0,NULL,NULL,NULL,NULL,"","",0,-1),
(@CGUID+502,25536,0,0,0,0,0,0,0,-1,0,0,1825.31,204.807,61.7196,5.07414,300,0,0,100,0,NULL,NULL,NULL,NULL,"","",0,-1),
(@CGUID+503,25536,0,0,0,0,0,0,0,-1,0,0,1819.02,204.814,61.9511,4.77917,300,0,0,100,0,NULL,NULL,NULL,NULL,"","",0,-1),
(@CGUID+504,25536,0,0,0,0,0,0,0,-1,0,0,1815.01,217.613,61.9122,3.34582,300,0,0,100,0,NULL,NULL,NULL,NULL,"","",0,-1),
(@CGUID+505,25536,1,0,0,0,0,0,0,-1,0,0,-1047.1,285.298,136.803,2.77261,300,0,0,100,0,NULL,NULL,NULL,NULL,"","",0,-1),
(@CGUID+506,25536,1,0,0,0,0,0,0,-1,0,0,-1044,289.505,137.3,0.94656,300,0,0,100,0,NULL,NULL,NULL,NULL,"","",0,-1),
(@CGUID+507,25536,1,0,0,0,0,0,0,-1,0,0,-1039.56,293.992,137.513,0.577414,300,0,0,100,0,NULL,NULL,NULL,NULL,"","",0,-1),
(@CGUID+508,25536,1,0,0,0,0,0,0,-1,0,0,-1035.16,297.813,137.537,5.2741,300,0,0,100,0,NULL,NULL,NULL,NULL,"","",0,-1),
(@CGUID+509,25536,1,0,0,0,0,0,0,-1,0,0,-1030.79,302.601,137.546,6.08698,300,0,0,100,0,NULL,NULL,NULL,NULL,"","",0,-1),
(@CGUID+510,25883,1,0,0,0,0,0,0,-1,0,0,3047.06,-3307.62,151.571,4.29837,300,0,0,100,0,NULL,NULL,NULL,NULL,"","",0,-1),
(@CGUID+511,25884,1,0,0,0,0,0,0,-1,0,0,2147.17,-1249.88,96.3437,1.05713,300,0,0,100,0,NULL,NULL,NULL,NULL,"","",0,-1),
(@CGUID+512,25887,0,0,0,0,0,0,0,-1,0,0,-1207.84,-2669.14,45.0122,5.93431,300,0,0,100,0,NULL,NULL,NULL,NULL,"","",0,-1),
(@CGUID+513,25890,0,4,5076,0,0,0,0,-1,16338,0,-10946.6,-3227.53,41.4308,4.5204,300,0,0,100,0,NULL,NULL,NULL,NULL,"","",0,-1),
(@CGUID+514,25892,0,0,0,0,0,0,0,-1,0,0,-8246,-2604.4,133.15,1.42816,300,0,0,100,0,NULL,NULL,NULL,NULL,"","",0,-1),
(@CGUID+515,25893,1,0,0,0,0,0,0,-1,0,0,7279.32,-157.934,14.1025,5.10978,300,0,0,100,0,NULL,NULL,NULL,NULL,"","",0,-1),
(@CGUID+516,25894,1,0,0,0,0,0,0,-1,0,0,-58.2771,1309.84,90.6797,0.908202,300,0,0,100,0,NULL,NULL,NULL,NULL,"","",0,-1),
(@CGUID+517,25895,0,0,0,0,0,0,0,-1,0,0,-5410.01,-500.887,395.507,4.81302,300,0,0,100,0,NULL,NULL,NULL,NULL,"","",0,-1),
(@CGUID+518,25896,0,0,0,0,0,0,0,-1,0,0,-10706.7,-1137.67,25.6134,2.39426,300,0,0,100,0,NULL,NULL,NULL,NULL,"","",0,-1),
(@CGUID+519,25897,1,0,0,0,0,0,0,-1,0,0,-3449.61,-4213.23,11.6736,2.67145,300,0,0,100,0,NULL,NULL,NULL,NULL,"","",0,-1),
(@CGUID+520,25898,0,0,0,0,0,0,0,-1,0,0,-9396.94,33.5241,60.0262,3.61079,300,0,0,100,0,NULL,NULL,NULL,NULL,"","",0,-1),
(@CGUID+521,25899,1,357,5072,0,0,0,0,-1,0,0,-4391.5,2187.86,12.2264,5.86431,300,0,0,100,0,NULL,NULL,NULL,NULL,"","",0,-1),
(@CGUID+522,25902,0,0,0,0,0,0,0,-1,0,0,-5223.33,-2876.42,337.642,2.0926,300,0,0,100,0,NULL,NULL,NULL,NULL,"","",0,-1),
(@CGUID+523,25904,0,0,0,0,0,0,0,-1,0,0,-9422.22,-2095.67,64.8182,6.08794,300,0,0,100,0,NULL,NULL,NULL,NULL,"","",0,-1),
(@CGUID+524,25906,1,0,0,0,0,0,0,-1,0,0,9775.67,1020.25,1300,1.01242,300,0,0,100,0,NULL,NULL,NULL,NULL,"","",0,-1),
(@CGUID+525,25908,0,0,0,0,0,0,0,-1,0,0,189.867,-2117.05,104.686,2.04218,300,0,0,100,0,NULL,NULL,NULL,NULL,"","",0,-1),
(@CGUID+526,25909,0,0,0,0,0,0,0,-1,0,0,999.638,-1454.41,61.056,5.08406,300,0,0,100,0,NULL,NULL,NULL,NULL,"","",0,-1),
(@CGUID+527,25910,0,0,0,0,0,0,0,-1,0,0,-10846.6,1441.63,41.9469,2.36126,300,0,0,100,0,NULL,NULL,NULL,NULL,"","",0,-1),
(@CGUID+528,25911,0,0,0,0,0,0,0,-1,0,0,-3471.96,-925.01,9.94317,3.74509,300,0,0,100,0,NULL,NULL,NULL,NULL,"","",0,-1),
(@CGUID+529,25914,1,0,0,0,0,0,0,-1,0,0,-6787.27,564.51,4.27911,3.2605,300,0,0,100,0,NULL,NULL,NULL,NULL,"","",0,-1),
(@CGUID+530,25915,0,0,0,0,0,0,0,-1,0,0,-14279.2,96.5384,8.71081,0.980552,300,0,0,100,0,NULL,NULL,NULL,NULL,"","",0,-1),
(@CGUID+531,25916,1,0,0,0,0,0,0,-1,0,0,-7050.86,-3899.25,9.18615,2.76066,300,0,0,100,0,NULL,NULL,NULL,NULL,"","",0,-1),
(@CGUID+532,25917,1,0,0,0,0,0,0,-1,0,0,6827.6,-4736.86,699.491,3.22685,300,0,0,100,0,NULL,NULL,NULL,NULL,"","",0,-1),
(@CGUID+533,25919,1,0,0,0,0,0,0,-1,0,0,-6975.81,913.264,10.3746,5.3477,300,0,0,100,0,NULL,NULL,NULL,NULL,"","",0,-1),
(@CGUID+534,25920,0,0,0,0,0,0,0,-1,0,0,-14359.1,119.588,1.24824,6.20031,300,0,0,100,0,NULL,NULL,NULL,NULL,"","",0,-1),
(@CGUID+535,25921,1,0,0,0,0,0,0,-1,0,0,-7084.08,-3623.56,9.71095,3.9144,300,0,0,100,0,NULL,NULL,NULL,NULL,"","",0,-1),
(@CGUID+536,25922,1,0,0,0,0,0,0,-1,0,0,6812.81,-4593.22,710.669,3.67763,300,0,0,100,0,NULL,NULL,NULL,NULL,"","",0,-1),
(@CGUID+537,25923,0,0,0,0,0,0,0,-1,0,0,-1104.4,-3516.73,50.0401,4.88156,300,0,0,100,0,NULL,NULL,NULL,NULL,"","",0,-1),
(@CGUID+538,25925,0,0,0,0,0,0,0,-1,0,0,-6619.36,-2620.29,265.655,4.48193,300,0,0,100,0,NULL,NULL,NULL,NULL,"","",0,-1),
(@CGUID+539,25927,0,0,0,0,0,0,0,-1,0,0,-7616.14,-2077.01,127.632,3.21657,300,0,0,100,0,NULL,NULL,NULL,NULL,"","",0,-1),
(@CGUID+540,25928,1,0,0,0,0,0,0,-1,0,0,-1847.69,3058.16,0.378975,1.1514,300,0,0,100,0,NULL,NULL,NULL,NULL,"","",0,-1),
(@CGUID+541,25929,1,0,0,0,0,0,0,-1,0,0,153.12,-4713.79,18.5187,5.37668,300,0,0,100,0,NULL,NULL,NULL,NULL,"","",0,-1),
(@CGUID+542,25930,1,0,0,0,0,0,0,-1,0,0,-3090.8,-2722.97,34.2618,4.84707,300,0,0,100,0,NULL,NULL,NULL,NULL,"","",0,-1),
(@CGUID+543,25932,1,0,0,0,0,0,0,-1,0,0,-4518.23,431.9,46.3449,2.2547,300,0,0,100,0,NULL,NULL,NULL,NULL,"","",0,-1),
(@CGUID+544,25935,0,0,0,0,0,0,0,-1,0,0,-129.619,-822.181,55.1523,6.14043,300,0,0,100,0,NULL,NULL,NULL,NULL,"","",0,-1),
(@CGUID+545,25936,1,0,0,0,0,0,0,-1,0,0,-2323.02,-569.311,-6.18076,4.70452,300,0,0,100,0,NULL,NULL,NULL,NULL,"","",0,-1),
(@CGUID+546,25939,0,0,0,0,0,0,0,-1,0,0,586.313,1365.89,90.0598,0.308419,300,0,0,100,0,NULL,NULL,NULL,NULL,"","",0,-1),
(@CGUID+547,25940,1,0,0,0,0,0,0,-1,0,0,952.979,776.39,104.662,2.3742,300,0,0,100,0,NULL,NULL,NULL,NULL,"","",0,-1),
(@CGUID+548,25941,0,0,0,0,0,0,0,-1,0,0,-9768.33,-3851.02,21.951,2.72967,300,0,0,100,0,NULL,NULL,NULL,NULL,"","",0,-1),
(@CGUID+549,25943,1,0,0,0,0,0,0,-1,0,0,-311.207,-2689.83,93.5503,2.10609,300,0,0,100,0,NULL,NULL,NULL,NULL,"","",0,-1),
(@CGUID+550,25944,0,0,0,0,0,0,0,-1,0,0,-504.067,-4545.49,10.7092,2.04688,300,0,0,100,0,NULL,NULL,NULL,NULL,"","",0,-1),
(@CGUID+551,25946,0,0,0,0,0,0,0,-1,0,0,2280.83,463.904,33.7874,3.67613,300,0,0,100,0,NULL,NULL,NULL,NULL,"","",0,-1),
(@CGUID+552,25962,0,4,5076,0,0,0,0,-1,23791,-1,-10953.5,-3227.95,41.1895,3.83972,300,0,0,100,0,NULL,NULL,NULL,NULL,"","",0,-1),
(@CGUID+553,25962,0,0,0,0,0,0,0,-1,0,1,-9387.4,27.7237,60.361,5.62894,300,0,0,100,0,NULL,33536,NULL,NULL,"","",0,-1),
(@CGUID+554,25962,0,0,0,0,0,0,0,-1,0,1,-10833.8,1438.53,42.2316,0.627105,300,0,0,100,0,NULL,33536,NULL,NULL,"","",0,-1),
(@CGUID+555,25962,0,0,0,0,0,0,0,-1,0,1,-9429.51,-2101.07,65.1913,4.71423,300,0,0,100,0,NULL,33536,NULL,NULL,"","",0,-1),
(@CGUID+556,25962,0,0,0,0,0,0,0,-1,0,1,-10699.5,-1135.07,25.5638,0.898058,300,0,0,100,0,NULL,33536,NULL,NULL,"","",0,-1),
(@CGUID+557,25962,0,0,0,0,0,0,0,-1,0,1,-12739.4,-384.891,14.1144,0.587864,300,0,0,100,0,NULL,33536,NULL,NULL,"","",0,-1),
(@CGUID+558,25962,0,0,0,0,0,0,0,-1,0,1,-14292.2,105.636,7.54603,2.71922,300,0,0,100,0,NULL,33536,NULL,NULL,"","",0,-1),
(@CGUID+559,25962,0,0,0,0,0,0,0,-1,0,1,-5215.72,-2878.33,335.496,3.93359,300,0,0,100,0,NULL,33536,NULL,NULL,"","",0,-1),
(@CGUID+560,25962,0,0,0,0,0,0,0,-1,0,1,-3462.73,-922.945,9.56243,5.8839,300,0,0,100,0,NULL,33536,NULL,NULL,"","",0,-1),
(@CGUID+561,25962,0,0,0,0,0,0,0,-1,0,1,-7001.01,-2478.67,242.058,2.88523,300,0,0,100,0,NULL,33536,NULL,NULL,"","",0,-1),
(@CGUID+562,25962,0,0,0,0,0,0,0,-1,0,1,-5410.85,-483.512,396.397,0.474098,300,0,0,100,0,NULL,33536,NULL,NULL,"","",0,-1),
(@CGUID+563,25962,0,0,0,0,0,0,0,-1,0,1,-8247.46,-2618.63,133.154,4.82919,300,0,0,100,0,NULL,33536,NULL,NULL,"","",0,-1),
(@CGUID+564,25962,0,0,0,0,0,0,0,-1,0,1,994.778,-1446.6,62.2062,2.50321,300,0,0,100,0,NULL,33536,NULL,NULL,"","",0,-1),
(@CGUID+565,25962,0,0,0,0,0,0,0,-1,0,1,-1216.41,-2665.77,45.4289,1.43003,300,0,0,100,0,NULL,33536,NULL,NULL,"","",0,-1),
(@CGUID+566,25962,0,0,0,0,0,0,0,-1,0,1,183.941,-2126.23,103.523,3.41978,300,0,0,100,0,NULL,33536,NULL,NULL,"","",0,-1),
(@CGUID+567,25962,0,0,0,0,0,0,0,-1,0,1,-9777.62,-4002.24,21.7683,1.89949,300,0,0,100,0,NULL,33536,NULL,NULL,"","",0,-1),
(@CGUID+568,25962,1,0,0,0,0,0,0,-1,0,1,3061.3,-3311.25,150.061,5.96184,300,0,0,100,0,NULL,33536,NULL,NULL,"","",0,-1),
(@CGUID+569,25962,1,0,0,0,0,0,0,-1,0,1,9775.68,1006.36,1299.07,4.97199,300,0,0,100,0,NULL,33536,NULL,NULL,"","",0,-1),
(@CGUID+570,25962,1,0,0,0,0,0,0,-1,0,1,-67.1147,1298.36,90.4804,4.65219,300,0,0,100,0,NULL,33536,NULL,NULL,"","",0,-1),
(@CGUID+571,25962,1,0,0,0,0,0,0,-1,0,1,1436.76,1007.63,149.911,6.14769,300,0,0,100,0,NULL,33536,NULL,NULL,"","",0,-1),
(@CGUID+572,25962,1,0,0,0,0,0,0,-1,0,1,-4387.91,2167.9,14.5411,3.32311,300,0,0,100,0,NULL,33536,NULL,NULL,"","",0,-1),
(@CGUID+573,25962,1,0,0,0,0,0,0,-1,0,1,-3312.64,-2209.11,91.9786,0.123494,300,0,0,100,0,NULL,33536,NULL,NULL,"","",0,-1),
(@CGUID+574,25962,1,0,0,0,0,0,0,-1,0,1,-7036.25,-3906.56,9.76121,0.194775,300,0,0,100,0,NULL,33536,NULL,NULL,"","",0,-1),
(@CGUID+575,25962,1,0,0,0,0,0,0,-1,0,1,-7525.03,-1676.14,-281.045,1.71755,300,0,0,100,0,NULL,33536,NULL,NULL,"","",0,-1),
(@CGUID+576,25962,1,0,0,0,0,0,0,-1,0,1,7287.87,-160.877,14.1075,3.59632,300,0,0,100,0,NULL,33536,NULL,NULL,"","",0,-1),
(@CGUID+577,25962,1,0,0,0,0,0,0,-1,0,1,-3443.72,-4225.51,11.3714,6.02126,300,0,0,100,0,NULL,33536,NULL,NULL,"","",0,-1),
(@CGUID+578,25962,1,0,0,0,0,0,0,-1,0,1,-6772.7,566.219,4.81767,5.64891,300,0,0,100,0,NULL,33536,NULL,NULL,"","",0,-1),
(@CGUID+579,25962,1,0,0,0,0,0,0,-1,0,1,6839.19,-4747.37,698.174,4.87383,300,0,0,100,0,NULL,33536,NULL,NULL,"","",0,-1),
(@CGUID+580,25975,0,0,0,0,0,0,0,-1,0,1,-8829.63,851.107,99.2758,1.80807,300,0,0,100,0,NULL,NULL,NULL,NULL,"","",0,-1),
(@CGUID+581,25975,0,0,0,0,0,0,0,-1,0,1,-4693.95,-1218.38,501.66,4.28071,300,0,0,100,0,NULL,NULL,NULL,NULL,"","",0,-1),
(@CGUID+582,25975,1,0,0,0,0,0,0,-1,0,1,9964.7,2205.97,1328.85,5.02096,300,0,0,100,0,NULL,NULL,NULL,NULL,"","",0,-1),
(@CGUID+583,25994,0,4,1437,0,0,0,0,-1,23789,0,-10900.3,-2867.15,19.9384,4.20624,300,0,0,100,0,NULL,NULL,NULL,NULL,"","",0,-1),
(@CGUID+584,25994,0,0,0,0,0,0,0,-1,0,1,-1107.73,-3529.27,51.3913,5.60961,300,0,0,100,0,NULL,33536,NULL,NULL,"","",0,-1),
(@CGUID+585,25994,0,0,0,0,0,0,0,-1,0,1,-113.431,-812.338,56.604,4.46833,300,0,0,100,0,NULL,33536,NULL,NULL,"","",0,-1),
(@CGUID+586,25994,0,0,0,0,0,0,0,-1,0,1,571.79,1367.31,90.0952,1.11859,300,0,0,100,0,NULL,33536,NULL,NULL,"","",0,-1),
(@CGUID+587,25994,0,0,0,0,0,0,0,-1,0,1,-14375.8,104.051,3.43545,1.83272,300,0,0,100,0,NULL,33536,NULL,NULL,"","",0,-1),
(@CGUID+588,25994,0,0,0,0,0,0,0,-1,0,1,2299.22,486.207,35.4837,4.12854,300,0,0,100,0,NULL,33536,NULL,NULL,"","",0,-1),
(@CGUID+589,25994,0,0,0,0,0,0,0,-1,0,1,-6614.84,-2604.9,265.833,5.98521,300,0,0,100,0,NULL,33536,NULL,NULL,"","",0,-1),
(@CGUID+590,25994,0,0,0,0,0,0,0,-1,0,1,-7616.51,-2102.03,129.824,1.60885,300,0,0,100,0,NULL,33536,NULL,NULL,"","",0,-1),
(@CGUID+591,25994,0,0,0,0,0,0,0,-1,0,1,-12422.2,97.52,5.87299,4.72219,300,0,0,100,0,NULL,33536,NULL,NULL,"","",0,-1),
(@CGUID+592,25994,0,0,0,0,0,0,0,-1,0,1,-9797.21,-3839.02,22.7172,6.21527,300,0,0,100,0,NULL,33536,NULL,NULL,"","",0,-1),
(@CGUID+593,25994,0,0,0,0,0,0,0,-1,0,1,-487.29,-4560.95,10.0778,4.4015,300,0,0,100,0,NULL,33536,NULL,NULL,"","",0,-1),
(@CGUID+594,25994,0,0,0,0,0,0,0,-1,0,1,1756.14,-822.126,65.9717,4.5869,300,0,0,100,0,NULL,33536,NULL,NULL,"","",0,-1),
(@CGUID+595,25994,1,0,0,0,0,0,0,-1,0,1,2121.17,-1259.9,97.6429,0.363613,300,0,0,100,0,NULL,33536,NULL,NULL,"","",0,-1),
(@CGUID+596,25994,1,0,0,0,0,0,0,-1,0,1,-1856.68,3051.45,1.13548,2.17791,300,0,0,100,0,NULL,33536,NULL,NULL,"","",0,-1),
(@CGUID+597,25994,1,0,0,0,0,0,0,-1,0,1,-3106.83,-2730.33,34.2338,0.635214,300,0,0,100,0,NULL,33536,NULL,NULL,"","",0,-1),
(@CGUID+598,25994,1,0,0,0,0,0,0,-1,0,1,-2299.9,-554.889,-5.42751,3.60027,300,0,0,100,0,NULL,33536,NULL,NULL,"","",0,-1),
(@CGUID+599,25994,1,0,0,0,0,0,0,-1,0,1,-6983.69,930.39,9.43473,0.00384855,300,0,0,100,0,NULL,33536,NULL,NULL,"","",0,-1),
(@CGUID+600,25994,1,0,0,0,0,0,0,-1,0,1,942.214,761.469,107.236,0.0784407,300,0,0,100,0,NULL,33536,NULL,NULL,"","",0,-1),
(@CGUID+601,25994,1,0,0,0,0,0,0,-1,0,1,-7595.02,-1567.46,-270.707,0.30394,300,0,0,100,0,NULL,33536,NULL,NULL,"","",0,-1),
(@CGUID+602,25994,1,0,0,0,0,0,0,-1,0,1,3416.68,-6722.47,52.6964,1.19399,300,0,0,100,0,NULL,33536,NULL,NULL,"","",0,-1),
(@CGUID+603,25994,1,0,0,0,0,0,0,-1,0,1,141.491,-4720.69,17.7197,4.09255,300,0,0,100,0,NULL,33536,NULL,NULL,"","",0,-1),
(@CGUID+604,25994,1,0,0,0,0,0,0,-1,0,1,-4500.28,416.301,47.7801,1.6374,300,0,0,100,0,NULL,33536,NULL,NULL,"","",0,-1),
(@CGUID+605,25994,1,0,0,0,0,0,0,-1,0,1,-291.3,-2672.85,92.9646,3.21977,300,0,0,100,0,NULL,33536,NULL,NULL,"","",0,-1),
(@CGUID+606,25994,1,0,0,0,0,0,0,-1,0,1,-3156.61,-1656.34,92.3343,2.47968,300,0,0,100,0,NULL,33536,NULL,NULL,"","",0,-1),
(@CGUID+607,25994,1,0,0,0,0,0,0,-1,0,1,-7077.85,-3632.02,10.1509,0.621415,300,0,0,100,0,NULL,33536,NULL,NULL,"","",0,-1),
(@CGUID+608,25994,1,0,0,0,0,0,0,-1,0,1,6825.86,-4587.24,709.315,1.15179,300,0,0,100,0,NULL,33536,NULL,NULL,"","",0,-1),
(@CGUID+609,26113,1,0,0,0,0,0,0,-1,0,1,2046.3,-4309.19,95.4723,4.3173,300,0,0,100,0,NULL,NULL,NULL,NULL,"","",0,-1),
(@CGUID+610,26113,0,0,0,0,0,0,0,-1,0,1,1830.66,225.692,60.4566,3.70574,300,0,0,100,0,NULL,NULL,NULL,NULL,"","",0,-1),
(@CGUID+611,26113,1,0,0,0,0,0,0,-1,0,1,-1040.44,281.554,135.725,1.0491,300,0,0,100,0,NULL,NULL,NULL,NULL,"","",0,-1),
(@CGUID+612,26123,0,0,0,0,0,0,0,-1,0,0,-8829.35,868.036,98.7823,5.82381,300,0,0,100,0,NULL,NULL,NULL,NULL,"","",0,-1),
(@CGUID+613,26123,0,0,0,0,0,0,0,-1,0,0,-4724.27,-1233.14,501.658,2.02465,300,0,0,100,0,NULL,NULL,NULL,NULL,"","",0,-1),
(@CGUID+614,26123,1,0,0,0,0,0,0,-1,0,0,9961.89,2215.17,1329.59,3.16583,300,0,0,100,0,NULL,NULL,NULL,NULL,"","",0,-1),
(@CGUID+615,26124,1,0,0,0,0,0,0,-1,0,0,2030.71,-4310.6,95.4728,5.95329,300,0,0,100,0,NULL,NULL,NULL,NULL,"","",0,-1),
(@CGUID+616,26124,0,0,0,0,0,0,0,-1,0,0,1799.73,220.725,59.7324,0.027715,300,0,0,100,0,NULL,NULL,NULL,NULL,"","",0,-1),
(@CGUID+617,26124,1,0,0,0,0,0,0,-1,0,0,-1021.25,286.608,135.744,2.8139,300,0,0,100,0,NULL,NULL,NULL,NULL,"","",0,-1),
(@CGUID+618,26221,1,0,0,0,0,0,0,-1,0,1,9966.41,2231.53,1331.62,4.68169,300,0,0,100,0,NULL,NULL,NULL,NULL,"","",0,-1),
(@CGUID+619,26221,0,0,0,0,0,0,0,-1,0,1,-8839.16,849.447,99.1377,2.14032,300,0,0,100,0,NULL,NULL,NULL,NULL,"","",0,-1),
(@CGUID+620,26221,0,0,0,0,0,0,0,-1,0,1,-4727.03,-1235.41,501.658,1.43677,300,0,0,100,0,NULL,NULL,NULL,NULL,"","",0,-1),
(@CGUID+621,26221,1,0,0,0,0,0,0,-1,0,1,2058.29,-4328.65,96.0463,2.65855,300,0,0,100,0,NULL,NULL,NULL,NULL,"","",0,-1),
(@CGUID+622,26221,0,0,0,0,0,0,0,-1,0,1,1838.35,222.526,60.2278,2.29988,300,0,0,100,0,NULL,NULL,NULL,NULL,"","",0,-1),
(@CGUID+623,26221,1,0,0,0,0,0,0,-1,0,1,-1039.95,272.255,135.746,0.350101,300,0,0,100,0,NULL,NULL,NULL,NULL,"","",0,-1),
(@CGUID+624,51574,0,0,0,0,0,0,0,-1,0,0,-12755.1,-388.25,13.6021,3.69646,300,0,0,100,0,NULL,NULL,NULL,NULL,"","",0,-1),
(@CGUID+625,51575,1,0,0,0,0,0,0,-1,0,0,3404.43,-6730.73,52.8298,3.22895,300,0,0,100,0,NULL,NULL,NULL,NULL,"","",0,-1),
(@CGUID+626,51582,0,0,0,0,0,0,0,-1,0,0,-12408.1,104.104,7.93762,0.138589,300,0,0,100,0,NULL,NULL,NULL,NULL,"","",0,-1),
(@CGUID+627,51585,0,0,0,0,0,0,0,-1,0,0,-7000.11,-2486.26,241.865,4.34842,300,0,0,100,0,NULL,NULL,NULL,NULL,"","",0,-1),
(@CGUID+628,51586,1,0,0,0,0,0,0,-1,0,0,-3316.96,-2197.87,92.2356,1.64873,300,0,0,100,0,NULL,NULL,NULL,NULL,"","",0,-1),
(@CGUID+629,51587,1,0,0,0,0,0,0,-1,0,0,-3171,-1660.63,93.5276,5.28983,300,0,0,100,0,NULL,NULL,NULL,NULL,"","",0,-1),
(@CGUID+630,51588,1,0,0,0,0,0,0,-1,0,0,1418.51,997.763,150.217,4.39978,300,0,0,100,0,NULL,NULL,NULL,NULL,"","",0,-1),
(@CGUID+631,51602,0,0,0,0,0,0,0,-1,0,0,-9762.44,-4003.64,22.1708,0.356953,300,0,0,100,0,NULL,NULL,NULL,NULL,"","",0,-1),
(@CGUID+632,51603,0,4,1437,0,0,0,0,-1,16341,0,-10919.6,-2886.64,12.1823,3.47321,300,0,0,100,0,NULL,NULL,NULL,NULL,"","",0,-1),
(@CGUID+633,51604,0,0,0,0,0,0,0,-1,0,0,1737.25,-835.067,59.9606,3.27921,300,0,0,100,0,NULL,NULL,NULL,NULL,"","",0,-1),
(@CGUID+634,51606,1,0,0,0,0,0,0,-1,0,0,-7519.16,-1681.43,-281.2,0.351428,300,0,0,100,0,NULL,NULL,NULL,NULL,"","",0,-1),
(@CGUID+635,222680,0,0,0,0,0,0,0,-1,0,0,-8828.3,847.4,101.442,4.58425,300,0,0,100,0,NULL,NULL,NULL,NULL,"","",0,-1),
(@CGUID+636,222680,0,0,0,0,0,0,0,-1,0,0,-8824.58,850.283,101.07,0.744441,300,0,0,100,0,NULL,NULL,NULL,NULL,"","",0,-1),
(@CGUID+637,222680,0,0,0,0,0,0,0,-1,0,0,-8822.91,854.285,100.925,1.58874,300,0,0,100,0,NULL,NULL,NULL,NULL,"","",0,-1),
(@CGUID+638,222680,0,0,0,0,0,0,0,-1,0,0,-8824.66,858.572,100.88,3.03859,300,0,0,100,0,NULL,NULL,NULL,NULL,"","",0,-1),
(@CGUID+639,222680,0,0,0,0,0,0,0,-1,0,0,-8828.67,860.956,100.876,2.63141,300,0,0,100,0,NULL,NULL,NULL,NULL,"","",0,-1),
(@CGUID+640,222680,0,0,0,0,0,0,0,-1,0,0,-4715.26,-1212.5,503.456,3.08614,300,0,0,100,0,NULL,NULL,NULL,NULL,"","",0,-1),
(@CGUID+641,222680,0,0,0,0,0,0,0,-1,0,0,-4718.84,-1217.47,503.456,4.25633,300,0,0,100,0,NULL,NULL,NULL,NULL,"","",0,-1),
(@CGUID+642,222680,0,0,0,0,0,0,0,-1,0,0,-4717.93,-1224.81,503.453,4.54693,300,0,0,100,0,NULL,NULL,NULL,NULL,"","",0,-1),
(@CGUID+643,222680,0,0,0,0,0,0,0,-1,0,0,-4710.86,-1227.95,503.458,0.103152,300,0,0,100,0,NULL,NULL,NULL,NULL,"","",0,-1),
(@CGUID+644,222680,0,0,0,0,0,0,0,-1,0,0,-4705.36,-1227.07,503.455,0.421238,300,0,0,100,0,NULL,NULL,NULL,NULL,"","",0,-1),
(@CGUID+645,222680,1,0,0,0,0,0,0,-1,0,0,9996.37,2206.37,1329.58,0.409108,300,0,0,100,0,NULL,NULL,NULL,NULL,"","",0,-1),
(@CGUID+646,222680,1,0,0,0,0,0,0,-1,0,0,9999.79,2203.42,1329.51,5.96188,300,0,0,100,0,NULL,NULL,NULL,NULL,"","",0,-1),
(@CGUID+647,222680,1,0,0,0,0,0,0,-1,0,0,10002.5,2198.18,1329.77,5.19613,300,0,0,100,0,NULL,NULL,NULL,NULL,"","",0,-1),
(@CGUID+648,222680,1,0,0,0,0,0,0,-1,0,0,10000,2193.02,1329.71,5.69092,300,0,0,100,0,NULL,NULL,NULL,NULL,"","",0,-1),
(@CGUID+649,222680,1,0,0,0,0,0,0,-1,0,0,9996.51,2190.57,1329.53,3.69601,300,0,0,100,0,NULL,NULL,NULL,NULL,"","",0,-1),
(@CGUID+650,222680,1,0,0,0,0,0,0,-1,0,0,2054.06,-4303.49,97.4165,0.236183,300,0,0,100,0,NULL,NULL,NULL,NULL,"","",0,-1),
(@CGUID+651,222680,1,0,0,0,0,0,0,-1,0,0,2058.25,-4306.49,97.8855,4.32026,300,0,0,100,0,NULL,NULL,NULL,NULL,"","",0,-1),
(@CGUID+652,222680,1,0,0,0,0,0,0,-1,0,0,2061.4,-4309.67,98.2403,3.46811,300,0,0,100,0,NULL,NULL,NULL,NULL,"","",0,-1),
(@CGUID+653,222680,1,0,0,0,0,0,0,-1,0,0,2063.12,-4313.73,98.4133,5.12923,300,0,0,100,0,NULL,NULL,NULL,NULL,"","",0,-1),
(@CGUID+654,222680,1,0,0,0,0,0,0,-1,0,0,2063.11,-4318.08,98.4276,4.81507,300,0,0,100,0,NULL,NULL,NULL,NULL,"","",0,-1),
(@CGUID+655,222680,0,0,0,0,0,0,0,-1,0,0,1836.24,209.199,62.3485,6.02055,300,0,0,100,0,NULL,NULL,NULL,NULL,"","",0,-1),
(@CGUID+656,222680,0,0,0,0,0,0,0,-1,0,0,1831.67,206.098,61.8833,4.70109,300,0,0,100,0,NULL,NULL,NULL,NULL,"","",0,-1),
(@CGUID+657,222680,0,0,0,0,0,0,0,-1,0,0,1825.31,204.807,61.7196,5.07414,300,0,0,100,0,NULL,NULL,NULL,NULL,"","",0,-1),
(@CGUID+658,222680,0,0,0,0,0,0,0,-1,0,0,1819.02,204.814,61.9511,4.77917,300,0,0,100,0,NULL,NULL,NULL,NULL,"","",0,-1),
(@CGUID+659,222680,0,0,0,0,0,0,0,-1,0,0,1815.01,217.613,61.9122,3.34582,300,0,0,100,0,NULL,NULL,NULL,NULL,"","",0,-1),
(@CGUID+660,222680,1,0,0,0,0,0,0,-1,0,0,-1047.1,285.298,136.803,2.77261,300,0,0,100,0,NULL,NULL,NULL,NULL,"","",0,-1),
(@CGUID+661,222680,1,0,0,0,0,0,0,-1,0,0,-1044,289.505,137.3,0.94656,300,0,0,100,0,NULL,NULL,NULL,NULL,"","",0,-1),
(@CGUID+662,222680,1,0,0,0,0,0,0,-1,0,0,-1039.56,293.992,137.513,0.577414,300,0,0,100,0,NULL,NULL,NULL,NULL,"","",0,-1),
(@CGUID+663,222680,1,0,0,0,0,0,0,-1,0,0,-1035.16,297.813,137.537,5.2741,300,0,0,100,0,NULL,NULL,NULL,NULL,"","",0,-1),
(@CGUID+664,222680,1,0,0,0,0,0,0,-1,0,0,-1030.79,302.601,137.546,6.08698,300,0,0,100,0,NULL,NULL,NULL,NULL,"","",0,-1);
-- game_event creature links
DELETE FROM `game_event_creature` WHERE `eventEntry` = 1 AND `guid` BETWEEN @CGUID+0 AND @CGUID+664;
INSERT INTO `game_event_creature` VALUES
(1,@CGUID+0),
(1,@CGUID+1),
(1,@CGUID+2),
(1,@CGUID+3),
(1,@CGUID+4),
(1,@CGUID+5),
(1,@CGUID+6),
(1,@CGUID+7),
(1,@CGUID+8),
(1,@CGUID+9),
(1,@CGUID+10),
(1,@CGUID+11),
(1,@CGUID+12),
(1,@CGUID+13),
(1,@CGUID+14),
(1,@CGUID+15),
(1,@CGUID+16),
(1,@CGUID+17),
(1,@CGUID+18),
(1,@CGUID+19),
(1,@CGUID+20),
(1,@CGUID+21),
(1,@CGUID+22),
(1,@CGUID+23),
(1,@CGUID+24),
(1,@CGUID+25),
(1,@CGUID+26),
(1,@CGUID+27),
(1,@CGUID+28),
(1,@CGUID+29),
(1,@CGUID+30),
(1,@CGUID+31),
(1,@CGUID+32),
(1,@CGUID+33),
(1,@CGUID+34),
(1,@CGUID+35),
(1,@CGUID+36),
(1,@CGUID+37),
(1,@CGUID+38),
(1,@CGUID+39),
(1,@CGUID+40),
(1,@CGUID+41),
(1,@CGUID+42),
(1,@CGUID+43),
(1,@CGUID+44),
(1,@CGUID+45),
(1,@CGUID+46),
(1,@CGUID+47),
(1,@CGUID+48),
(1,@CGUID+49),
(1,@CGUID+50),
(1,@CGUID+51),
(1,@CGUID+52),
(1,@CGUID+53),
(1,@CGUID+54),
(1,@CGUID+55),
(1,@CGUID+56),
(1,@CGUID+57),
(1,@CGUID+58),
(1,@CGUID+59),
(1,@CGUID+60),
(1,@CGUID+61),
(1,@CGUID+62),
(1,@CGUID+63),
(1,@CGUID+64),
(1,@CGUID+65),
(1,@CGUID+66),
(1,@CGUID+67),
(1,@CGUID+68),
(1,@CGUID+69),
(1,@CGUID+70),
(1,@CGUID+71),
(1,@CGUID+72),
(1,@CGUID+73),
(1,@CGUID+74),
(1,@CGUID+75),
(1,@CGUID+76),
(1,@CGUID+77),
(1,@CGUID+78),
(1,@CGUID+79),
(1,@CGUID+80),
(1,@CGUID+81),
(1,@CGUID+82),
(1,@CGUID+83),
(1,@CGUID+84),
(1,@CGUID+85),
(1,@CGUID+86),
(1,@CGUID+87),
(1,@CGUID+88),
(1,@CGUID+89),
(1,@CGUID+90),
(1,@CGUID+91),
(1,@CGUID+92),
(1,@CGUID+93),
(1,@CGUID+94),
(1,@CGUID+95),
(1,@CGUID+96),
(1,@CGUID+97),
(1,@CGUID+98),
(1,@CGUID+99),
(1,@CGUID+100),
(1,@CGUID+101),
(1,@CGUID+102),
(1,@CGUID+103),
(1,@CGUID+104),
(1,@CGUID+105),
(1,@CGUID+106),
(1,@CGUID+107),
(1,@CGUID+108),
(1,@CGUID+109),
(1,@CGUID+110),
(1,@CGUID+111),
(1,@CGUID+112),
(1,@CGUID+113),
(1,@CGUID+114),
(1,@CGUID+115),
(1,@CGUID+116),
(1,@CGUID+117),
(1,@CGUID+118),
(1,@CGUID+119),
(1,@CGUID+120),
(1,@CGUID+121),
(1,@CGUID+122),
(1,@CGUID+123),
(1,@CGUID+124),
(1,@CGUID+125),
(1,@CGUID+126),
(1,@CGUID+127),
(1,@CGUID+128),
(1,@CGUID+129),
(1,@CGUID+130),
(1,@CGUID+131),
(1,@CGUID+132),
(1,@CGUID+133),
(1,@CGUID+134),
(1,@CGUID+135),
(1,@CGUID+136),
(1,@CGUID+137),
(1,@CGUID+138),
(1,@CGUID+139),
(1,@CGUID+140),
(1,@CGUID+141),
(1,@CGUID+142),
(1,@CGUID+143),
(1,@CGUID+144),
(1,@CGUID+145),
(1,@CGUID+146),
(1,@CGUID+147),
(1,@CGUID+148),
(1,@CGUID+149),
(1,@CGUID+150),
(1,@CGUID+151),
(1,@CGUID+152),
(1,@CGUID+153),
(1,@CGUID+154),
(1,@CGUID+155),
(1,@CGUID+156),
(1,@CGUID+157),
(1,@CGUID+158),
(1,@CGUID+159),
(1,@CGUID+160),
(1,@CGUID+161),
(1,@CGUID+162),
(1,@CGUID+163),
(1,@CGUID+164),
(1,@CGUID+165),
(1,@CGUID+166),
(1,@CGUID+167),
(1,@CGUID+168),
(1,@CGUID+169),
(1,@CGUID+170),
(1,@CGUID+171),
(1,@CGUID+172),
(1,@CGUID+173),
(1,@CGUID+174),
(1,@CGUID+175),
(1,@CGUID+176),
(1,@CGUID+177),
(1,@CGUID+178),
(1,@CGUID+179),
(1,@CGUID+180),
(1,@CGUID+181),
(1,@CGUID+182),
(1,@CGUID+183),
(1,@CGUID+184),
(1,@CGUID+185),
(1,@CGUID+186),
(1,@CGUID+187),
(1,@CGUID+188),
(1,@CGUID+189),
(1,@CGUID+190),
(1,@CGUID+191),
(1,@CGUID+192),
(1,@CGUID+193),
(1,@CGUID+194),
(1,@CGUID+195),
(1,@CGUID+196),
(1,@CGUID+197),
(1,@CGUID+198),
(1,@CGUID+199),
(1,@CGUID+200),
(1,@CGUID+201),
(1,@CGUID+202),
(1,@CGUID+203),
(1,@CGUID+204),
(1,@CGUID+205),
(1,@CGUID+206),
(1,@CGUID+207),
(1,@CGUID+208),
(1,@CGUID+209),
(1,@CGUID+210),
(1,@CGUID+211),
(1,@CGUID+212),
(1,@CGUID+213),
(1,@CGUID+214),
(1,@CGUID+215),
(1,@CGUID+216),
(1,@CGUID+217),
(1,@CGUID+218),
(1,@CGUID+219),
(1,@CGUID+220),
(1,@CGUID+221),
(1,@CGUID+222),
(1,@CGUID+223),
(1,@CGUID+224),
(1,@CGUID+225),
(1,@CGUID+226),
(1,@CGUID+227),
(1,@CGUID+228),
(1,@CGUID+229),
(1,@CGUID+230),
(1,@CGUID+231),
(1,@CGUID+232),
(1,@CGUID+233),
(1,@CGUID+234),
(1,@CGUID+235),
(1,@CGUID+236),
(1,@CGUID+237),
(1,@CGUID+238),
(1,@CGUID+239),
(1,@CGUID+240),
(1,@CGUID+241),
(1,@CGUID+242),
(1,@CGUID+243),
(1,@CGUID+244),
(1,@CGUID+245),
(1,@CGUID+246),
(1,@CGUID+247),
(1,@CGUID+248),
(1,@CGUID+249),
(1,@CGUID+250),
(1,@CGUID+251),
(1,@CGUID+252),
(1,@CGUID+253),
(1,@CGUID+254),
(1,@CGUID+255),
(1,@CGUID+256),
(1,@CGUID+257),
(1,@CGUID+258),
(1,@CGUID+259),
(1,@CGUID+260),
(1,@CGUID+261),
(1,@CGUID+262),
(1,@CGUID+263),
(1,@CGUID+264),
(1,@CGUID+265),
(1,@CGUID+266),
(1,@CGUID+267),
(1,@CGUID+268),
(1,@CGUID+269),
(1,@CGUID+270),
(1,@CGUID+271),
(1,@CGUID+272),
(1,@CGUID+273),
(1,@CGUID+274),
(1,@CGUID+275),
(1,@CGUID+276),
(1,@CGUID+277),
(1,@CGUID+278),
(1,@CGUID+279),
(1,@CGUID+280),
(1,@CGUID+281),
(1,@CGUID+282),
(1,@CGUID+283),
(1,@CGUID+284),
(1,@CGUID+285),
(1,@CGUID+286),
(1,@CGUID+287),
(1,@CGUID+288),
(1,@CGUID+289),
(1,@CGUID+290),
(1,@CGUID+291),
(1,@CGUID+292),
(1,@CGUID+293),
(1,@CGUID+294),
(1,@CGUID+295),
(1,@CGUID+296),
(1,@CGUID+297),
(1,@CGUID+298),
(1,@CGUID+299),
(1,@CGUID+300),
(1,@CGUID+301),
(1,@CGUID+302),
(1,@CGUID+303),
(1,@CGUID+304),
(1,@CGUID+305),
(1,@CGUID+306),
(1,@CGUID+307),
(1,@CGUID+308),
(1,@CGUID+309),
(1,@CGUID+310),
(1,@CGUID+311),
(1,@CGUID+312),
(1,@CGUID+313),
(1,@CGUID+314),
(1,@CGUID+315),
(1,@CGUID+316),
(1,@CGUID+317),
(1,@CGUID+318),
(1,@CGUID+319),
(1,@CGUID+320),
(1,@CGUID+321),
(1,@CGUID+322),
(1,@CGUID+323),
(1,@CGUID+324),
(1,@CGUID+325),
(1,@CGUID+326),
(1,@CGUID+327),
(1,@CGUID+328),
(1,@CGUID+329),
(1,@CGUID+330),
(1,@CGUID+331),
(1,@CGUID+332),
(1,@CGUID+333),
(1,@CGUID+334),
(1,@CGUID+335),
(1,@CGUID+336),
(1,@CGUID+337),
(1,@CGUID+338),
(1,@CGUID+339),
(1,@CGUID+340),
(1,@CGUID+341),
(1,@CGUID+342),
(1,@CGUID+343),
(1,@CGUID+344),
(1,@CGUID+345),
(1,@CGUID+346),
(1,@CGUID+347),
(1,@CGUID+348),
(1,@CGUID+349),
(1,@CGUID+350),
(1,@CGUID+351),
(1,@CGUID+352),
(1,@CGUID+353),
(1,@CGUID+354),
(1,@CGUID+355),
(1,@CGUID+356),
(1,@CGUID+357),
(1,@CGUID+358),
(1,@CGUID+359),
(1,@CGUID+360),
(1,@CGUID+361),
(1,@CGUID+362),
(1,@CGUID+363),
(1,@CGUID+364),
(1,@CGUID+365),
(1,@CGUID+366),
(1,@CGUID+367),
(1,@CGUID+368),
(1,@CGUID+369),
(1,@CGUID+370),
(1,@CGUID+371),
(1,@CGUID+372),
(1,@CGUID+373),
(1,@CGUID+374),
(1,@CGUID+375),
(1,@CGUID+376),
(1,@CGUID+377),
(1,@CGUID+378),
(1,@CGUID+379),
(1,@CGUID+380),
(1,@CGUID+381),
(1,@CGUID+382),
(1,@CGUID+383),
(1,@CGUID+384),
(1,@CGUID+385),
(1,@CGUID+386),
(1,@CGUID+387),
(1,@CGUID+388),
(1,@CGUID+389),
(1,@CGUID+390),
(1,@CGUID+391),
(1,@CGUID+392),
(1,@CGUID+393),
(1,@CGUID+394),
(1,@CGUID+395),
(1,@CGUID+396),
(1,@CGUID+397),
(1,@CGUID+398),
(1,@CGUID+399),
(1,@CGUID+400),
(1,@CGUID+401),
(1,@CGUID+402),
(1,@CGUID+403),
(1,@CGUID+404),
(1,@CGUID+405),
(1,@CGUID+406),
(1,@CGUID+407),
(1,@CGUID+408),
(1,@CGUID+409),
(1,@CGUID+410),
(1,@CGUID+411),
(1,@CGUID+412),
(1,@CGUID+413),
(1,@CGUID+414),
(1,@CGUID+415),
(1,@CGUID+416),
(1,@CGUID+417),
(1,@CGUID+418),
(1,@CGUID+419),
(1,@CGUID+420),
(1,@CGUID+421),
(1,@CGUID+422),
(1,@CGUID+423),
(1,@CGUID+424),
(1,@CGUID+425),
(1,@CGUID+426),
(1,@CGUID+427),
(1,@CGUID+428),
(1,@CGUID+429),
(1,@CGUID+430),
(1,@CGUID+431),
(1,@CGUID+432),
(1,@CGUID+433),
(1,@CGUID+434),
(1,@CGUID+435),
(1,@CGUID+436),
(1,@CGUID+437),
(1,@CGUID+438),
(1,@CGUID+439),
(1,@CGUID+440),
(1,@CGUID+441),
(1,@CGUID+442),
(1,@CGUID+443),
(1,@CGUID+444),
(1,@CGUID+445),
(1,@CGUID+446),
(1,@CGUID+447),
(1,@CGUID+448),
(1,@CGUID+449),
(1,@CGUID+450),
(1,@CGUID+451),
(1,@CGUID+452),
(1,@CGUID+453),
(1,@CGUID+454),
(1,@CGUID+455),
(1,@CGUID+456),
(1,@CGUID+457),
(1,@CGUID+458),
(1,@CGUID+459),
(1,@CGUID+460),
(1,@CGUID+461),
(1,@CGUID+462),
(1,@CGUID+463),
(1,@CGUID+464),
(1,@CGUID+465),
(1,@CGUID+466),
(1,@CGUID+467),
(1,@CGUID+468),
(1,@CGUID+469),
(1,@CGUID+470),
(1,@CGUID+471),
(1,@CGUID+472),
(1,@CGUID+473),
(1,@CGUID+474),
(1,@CGUID+475),
(1,@CGUID+476),
(1,@CGUID+477),
(1,@CGUID+478),
(1,@CGUID+479),
(1,@CGUID+480),
(1,@CGUID+481),
(1,@CGUID+482),
(1,@CGUID+483),
(1,@CGUID+484),
(1,@CGUID+485),
(1,@CGUID+486),
(1,@CGUID+487),
(1,@CGUID+488),
(1,@CGUID+489),
(1,@CGUID+490),
(1,@CGUID+491),
(1,@CGUID+492),
(1,@CGUID+493),
(1,@CGUID+494),
(1,@CGUID+495),
(1,@CGUID+496),
(1,@CGUID+497),
(1,@CGUID+498),
(1,@CGUID+499),
(1,@CGUID+500),
(1,@CGUID+501),
(1,@CGUID+502),
(1,@CGUID+503),
(1,@CGUID+504),
(1,@CGUID+505),
(1,@CGUID+506),
(1,@CGUID+507),
(1,@CGUID+508),
(1,@CGUID+509),
(1,@CGUID+510),
(1,@CGUID+511),
(1,@CGUID+512),
(1,@CGUID+513),
(1,@CGUID+514),
(1,@CGUID+515),
(1,@CGUID+516),
(1,@CGUID+517),
(1,@CGUID+518),
(1,@CGUID+519),
(1,@CGUID+520),
(1,@CGUID+521),
(1,@CGUID+522),
(1,@CGUID+523),
(1,@CGUID+524),
(1,@CGUID+525),
(1,@CGUID+526),
(1,@CGUID+527),
(1,@CGUID+528),
(1,@CGUID+529),
(1,@CGUID+530),
(1,@CGUID+531),
(1,@CGUID+532),
(1,@CGUID+533),
(1,@CGUID+534),
(1,@CGUID+535),
(1,@CGUID+536),
(1,@CGUID+537),
(1,@CGUID+538),
(1,@CGUID+539),
(1,@CGUID+540),
(1,@CGUID+541),
(1,@CGUID+542),
(1,@CGUID+543),
(1,@CGUID+544),
(1,@CGUID+545),
(1,@CGUID+546),
(1,@CGUID+547),
(1,@CGUID+548),
(1,@CGUID+549),
(1,@CGUID+550),
(1,@CGUID+551),
(1,@CGUID+552),
(1,@CGUID+553),
(1,@CGUID+554),
(1,@CGUID+555),
(1,@CGUID+556),
(1,@CGUID+557),
(1,@CGUID+558),
(1,@CGUID+559),
(1,@CGUID+560),
(1,@CGUID+561),
(1,@CGUID+562),
(1,@CGUID+563),
(1,@CGUID+564),
(1,@CGUID+565),
(1,@CGUID+566),
(1,@CGUID+567),
(1,@CGUID+568),
(1,@CGUID+569),
(1,@CGUID+570),
(1,@CGUID+571),
(1,@CGUID+572),
(1,@CGUID+573),
(1,@CGUID+574),
(1,@CGUID+575),
(1,@CGUID+576),
(1,@CGUID+577),
(1,@CGUID+578),
(1,@CGUID+579),
(1,@CGUID+580),
(1,@CGUID+581),
(1,@CGUID+582),
(1,@CGUID+583),
(1,@CGUID+584),
(1,@CGUID+585),
(1,@CGUID+586),
(1,@CGUID+587),
(1,@CGUID+588),
(1,@CGUID+589),
(1,@CGUID+590),
(1,@CGUID+591),
(1,@CGUID+592),
(1,@CGUID+593),
(1,@CGUID+594),
(1,@CGUID+595),
(1,@CGUID+596),
(1,@CGUID+597),
(1,@CGUID+598),
(1,@CGUID+599),
(1,@CGUID+600),
(1,@CGUID+601),
(1,@CGUID+602),
(1,@CGUID+603),
(1,@CGUID+604),
(1,@CGUID+605),
(1,@CGUID+606),
(1,@CGUID+607),
(1,@CGUID+608),
(1,@CGUID+609),
(1,@CGUID+610),
(1,@CGUID+611),
(1,@CGUID+612),
(1,@CGUID+613),
(1,@CGUID+614),
(1,@CGUID+615),
(1,@CGUID+616),
(1,@CGUID+617),
(1,@CGUID+618),
(1,@CGUID+619),
(1,@CGUID+620),
(1,@CGUID+621),
(1,@CGUID+622),
(1,@CGUID+623),
(1,@CGUID+624),
(1,@CGUID+625),
(1,@CGUID+626),
(1,@CGUID+627),
(1,@CGUID+628),
(1,@CGUID+629),
(1,@CGUID+630),
(1,@CGUID+631),
(1,@CGUID+632),
(1,@CGUID+633),
(1,@CGUID+634),
(1,@CGUID+635),
(1,@CGUID+636),
(1,@CGUID+637),
(1,@CGUID+638),
(1,@CGUID+639),
(1,@CGUID+640),
(1,@CGUID+641),
(1,@CGUID+642),
(1,@CGUID+643),
(1,@CGUID+644),
(1,@CGUID+645),
(1,@CGUID+646),
(1,@CGUID+647),
(1,@CGUID+648),
(1,@CGUID+649),
(1,@CGUID+650),
(1,@CGUID+651),
(1,@CGUID+652),
(1,@CGUID+653),
(1,@CGUID+654),
(1,@CGUID+655),
(1,@CGUID+656),
(1,@CGUID+657),
(1,@CGUID+658),
(1,@CGUID+659),
(1,@CGUID+660),
(1,@CGUID+661),
(1,@CGUID+662),
(1,@CGUID+663),
(1,@CGUID+664);

-- object spawns for eastern kingdoms and kalimdor
-- it contains also some objects in hyjal that were already present in TrinityCore
-- those should be blizzlike and preserved
-- we need to remove the game_event links first
DELETE FROM `game_event_gameobject` WHERE `eventEntry` = 1 AND `guid` IN (
SELECT `guid` FROM `gameobject` WHERE `map` IN (0,1) AND `id` IN (
187572,187573,181354,187566,181358,181390,187576,181392,386371,181401,207230,
181389,367987,181393,187667,206319,181388,181391,181300,187653,
181302,181305,181307,181306,181605,188021,188020,181355,188174, -- decorations
181332,181333,188128,181334, -- flames alliance
181335,181336,181337,188129, -- flames horde
187564, 187914, 187916, 187917,187919,187920,187921,187922,187923,187924,
187925,187926,187927,187928,187929,187930,187931,187932,187933,187934,187935,187936,187937,187938,
187939,187940,187941,187942,187943,187944,187945,187946,194032,194035,194036,194038,194040,194044,
194045,194049,207982,207984,207985,207987,207988,207993,208089,208093,217851,316788,316791,316793, -- alliance bonfires
194034,194048,194048,194037,194043,194039,208094,194046,194033,194042,316801,
316795,316796,208090,259870,217852,259926,187559,187973,207991,187965,187968,207983,187959,187969,
187947,207990,187972,207989,187956,187963,187949,187955,187974,187966,187953,187954,187958,207992,
187961,187975,187964,207986,187957,187948,187970,187967,187960,187971,187962,187950,187952,187951, -- horde bonfires
181288, 181371, 181290, 181308,187708 -- debug
)
);
DELETE FROM `gameobject` WHERE `guid` > 0 AND `map` IN (0,1) AND `id` IN (
187572,187573,181354,187566,181358,181390,187576,181392,386371,181401,207230,
181389,367987,181393,187667,206319,181388,181391,181300,187653,
181302,181305,181307,181306,181605,188021,188020,181355,188174, -- decorations
181332,181333,188128,181334, -- flames alliance
181335,181336,181337,188129, -- flames horde
187564, 187914, 187916, 187917,187919,187920,187921,187922,187923,187924,
187925,187926,187927,187928,187929,187930,187931,187932,187933,187934,187935,187936,187937,187938,
187939,187940,187941,187942,187943,187944,187945,187946,194032,194035,194036,194038,194040,194044,
194045,194049,207982,207984,207985,207987,207988,207993,208089,208093,217851,316788,316791,316793, -- alliance bonfires
194034,194048,194048,194037,194043,194039,208094,194046,194033,194042,316801,
316795,316796,208090,259870,217852,259926,187559,187973,207991,187965,187968,207983,187959,187969,
187947,207990,187972,207989,187956,187963,187949,187955,187974,187966,187953,187954,187958,207992,
187961,187975,187964,207986,187957,187948,187970,187967,187960,187971,187962,187950,187952,187951, -- horde bonfires
181288, 181371, 181290, 181308,187708 -- debug
);
INSERT INTO `gameobject` VALUES
(@OGUID+0,181355,1,616,4990,0,0,0,0,-1,4963.83,-2659.55,1425.32,5.49779,0,0,-0.382683,0.92388,0,255,1,'','',0,-1,256),
(@OGUID+1,181391,1,616,4990,0,0,0,0,-1,4878.14,-2809.94,1443.03,2.86233,0,0,0.990268,0.139175,0,255,1,'','',0,-1,256),
(@OGUID+2,187667,1,616,4990,0,0,0,0,-1,4908.75,-2739.15,1445.22,5.91667,0,0,-0.182235,0.983255,0,255,1,'','',0,-1,256),
(@OGUID+3,187667,1,616,4990,0,0,0,0,-1,4906.66,-2745.84,1448.99,6.02139,0,0,-0.130526,0.991445,0,255,1,'','',0,-1,256),
(@OGUID+4,181401,1,616,4990,0,0,0,0,-1,4939.04,-2719.46,1448.11,1.27409,0,0,0.594822,0.803858,0,255,1,'','',0,-1,256),
(@OGUID+5,181401,1,616,4990,0,0,0,0,-1,4917.79,-2712.5,1448.03,1.27409,0,0,0.594822,0.803858,0,255,1,'','',0,-1,256),
(@OGUID+6,181300,1,616,4990,0,0,0,0,-1,4877.57,-2805.84,1437.67,5.86431,0,0,-0.207912,0.978148,0,255,1,'','',0,-1,256),
(@OGUID+7,181401,1,616,4990,0,0,0,0,-1,4907.21,-2709.48,1447.97,1.27409,0,0,0.594822,0.803858,0,255,1,'','',0,-1,256),
(@OGUID+8,181388,1,616,4990,0,0,0,0,-1,4898.99,-2750.15,1438.81,5.63741,0,0,-0.317305,0.948324,0,255,1,'','',0,-1,256),
(@OGUID+9,181391,1,616,4990,0,0,0,0,-1,4878.36,-2806.77,1443.03,2.79252,0,0,0.984807,0.173652,0,255,1,'','',0,-1,256),
(@OGUID+10,181391,1,616,4990,0,0,0,0,-1,4898.37,-2743.09,1439.42,5.72468,0,0,-0.275637,0.961262,0,255,1,'','',0,-1,256),
(@OGUID+11,181391,1,616,4990,0,0,0,0,-1,4879.54,-2803.39,1443.03,2.37364,0,0,0.927183,0.374608,0,255,1,'','',0,-1,256),
(@OGUID+12,187667,1,616,4990,0,0,0,0,-1,4912.18,-2731.95,1440.19,5.72468,0,0,-0.275637,0.961262,0,255,1,'','',0,-1,256),
(@OGUID+13,181355,1,616,4990,0,0,0,0,-1,4953.24,-2696.32,1429.13,1.13446,0,0,0.537299,0.843392,0,255,1,'','',0,-1,256),
(@OGUID+14,181355,1,616,4990,0,0,0,0,-1,4971.71,-2679.53,1426.56,2.3911,0,0,0.930417,0.366502,0,255,1,'','',0,-1,256),
(@OGUID+15,181401,1,616,4990,0,0,0,0,-1,4912.59,-2752.23,1451.26,1.27409,0,0,0.594822,0.803858,0,255,1,'','',0,-1,256),
(@OGUID+16,181401,1,616,4990,0,0,0,0,-1,4928.37,-2716.05,1448.08,1.23918,0,0,0.580703,0.814116,0,255,1,'','',0,-1,256),
(@OGUID+17,181300,1,616,4990,0,0,0,0,-1,4876.19,-2807.54,1437.67,5.28835,0,0,-0.477158,0.878817,0,255,1,'','',0,-1,256),
(@OGUID+18,188021,0,4,5076,0,0,0,0,-1,-10942.2,-3226.93,41.3475,-2.46091,0,0,-0.942641,0.333809,300,255,1,'','',0,-1,256),
(@OGUID+19,188020,0,4,5076,0,0,0,0,-1,-10927.5,-3216.47,41.3475,0.733038,0,0,0.358368,0.93358,300,255,1,'','',0,-1,256),
(@OGUID+20,181305,0,4,5076,0,0,0,0,-1,-10942.3,-3224.31,41.3475,2.26892,0,0,0.906306,0.422622,300,255,1,'','',0,-1,256),
(@OGUID+21,181392,0,4,1437,0,0,0,0,-1,-10979.5,-2740.6,12.4848,-0.837757,0,0,-0.406736,0.913546,300,255,1,'','',0,-1,256),
(@OGUID+22,181392,0,4,1437,0,0,0,0,-1,-10859.4,-2672.91,19.3761,-2.40855,0,0,-0.93358,0.35837,300,255,1,'','',0,-1,256),
(@OGUID+23,181392,0,4,1437,0,0,0,0,-1,-10863.4,-2668.21,19.4107,-2.49582,0,0,-0.948324,0.317305,300,255,1,'','',0,-1,256),
(@OGUID+24,181300,0,4,1437,0,0,0,0,-1,-10990.4,-2746.9,5.80376,-0.994836,0,0,-0.477158,0.878817,300,255,1,'','',0,-1,256),
(@OGUID+25,187576,0,4,1437,0,0,0,0,-1,-10893,-2685.01,12.6655,-2.54818,0,0,-0.956305,0.292372,300,255,1,'','',0,-1,256),
(@OGUID+26,187576,0,4,1437,0,0,0,0,-1,-10880.8,-2699.58,12.497,-2.51327,0,0,-0.951056,0.309019,300,255,1,'','',0,-1,256),
(@OGUID+27,181392,0,4,1437,0,0,0,0,-1,-10865.9,-2665.23,19.4075,-2.426,0,0,-0.936671,0.350211,300,255,1,'','',0,-1,256),
(@OGUID+28,187576,0,4,1437,0,0,0,0,-1,-10914.6,-2786.81,30.8643,2.14675,0,0,0.878816,0.477161,300,255,1,'','',0,-1,256),
(@OGUID+29,181401,0,4,1438,0,0,0,0,-1,-10950.4,-3390.95,77.247,2.89724,0,0,0.992546,0.121873,300,255,1,'','',0,-1,256),
(@OGUID+30,181401,0,4,1438,0,0,0,0,-1,-11045.9,-3405.73,77.368,0.558505,0,0,0.275637,0.961262,300,255,1,'','',0,-1,256),
(@OGUID+31,181392,0,4,1438,0,0,0,0,-1,-10960.2,-3450.69,70.2589,2.58308,0,0,0.961261,0.275641,300,255,1,'','',0,-1,256),
(@OGUID+32,181306,0,4,1437,0,0,0,0,-1,-10913.4,-2890.01,13.1693,-1.32645,0,0,-0.615661,0.788011,300,255,1,'','',0,-1,256),
(@OGUID+33,188020,0,4,1437,0,0,0,0,-1,-10889.8,-2897.12,16.2788,-1.58825,0,0,-0.713251,0.700909,300,255,1,'','',0,-1,256),
(@OGUID+34,181605,0,4,1437,0,0,0,0,-1,-10898.4,-2886.14,16.4753,-0.506145,0,0,-0.25038,0.968148,300,255,1,'','',0,-1,256),
(@OGUID+35,181302,0,4,1437,0,0,0,0,-1,-10912.4,-2888.52,13.3384,0.104719,0,0,0.0523356,0.99863,300,255,1,'','',0,-1,256),
(@OGUID+36,188020,0,4,1437,0,0,0,0,-1,-10925,-2880.82,11.1475,-1.43117,0,0,-0.656059,0.75471,300,255,1,'','',0,-1,256),
(@OGUID+37,188020,0,4,1438,0,0,0,0,-1,-10969.5,-3248.83,42.321,-2.3911,0,0,-0.930417,0.366502,300,255,1,'','',0,-1,256),
(@OGUID+38,181307,0,4,5076,0,0,0,0,-1,-10941.5,-3224.23,42.3197,1.65806,0,0,0.737276,0.675591,300,255,1,'','',0,-1,256),
(@OGUID+39,181302,0,4,5076,0,0,0,0,-1,-10939.9,-3228.95,41.3475,2.9496,0,0,0.995396,0.095849,300,255,1,'','',0,-1,256),
(@OGUID+40,188020,0,4,5076,0,0,0,0,-1,-10940.5,-3203.69,41.3475,-2.68781,0,0,-0.97437,0.22495,300,255,1,'','',0,-1,256),
(@OGUID+41,181302,0,4,5076,0,0,0,0,-1,-10941.8,-3230.2,41.3475,1.98967,0,0,0.838669,0.544641,300,255,1,'','',0,-1,256),
(@OGUID+42,188020,0,4,1438,0,0,0,0,-1,-10977.5,-3238.08,42.0362,-2.35619,0,0,-0.923879,0.382686,300,255,1,'','',0,-1,256),
(@OGUID+43,181393,0,4,1437,0,0,0,0,-1,-10864.1,-2669.5,15.9939,-2.426,0,0,-0.936671,0.350211,300,255,1,'','',0,-1,256),
(@OGUID+44,181392,0,4,1437,0,0,0,0,-1,-10985.8,-2745.48,12.4848,-1.01229,0,0,-0.484809,0.87462,300,255,1,'','',0,-1,256),
(@OGUID+45,181393,0,4,1437,0,0,0,0,-1,-10861,-2673.1,16.0368,-2.426,0,0,-0.936671,0.350211,300,255,1,'','',0,-1,256),
(@OGUID+46,181300,0,4,1437,0,0,0,0,-1,-10910.5,-2781.71,27.1178,-0.994836,0,0,-0.477158,0.878817,300,255,1,'','',0,-1,256),
(@OGUID+47,181392,0,4,1437,0,0,0,0,-1,-10856.9,-2675.77,19.3284,-2.426,0,0,-0.936671,0.350211,300,255,1,'','',0,-1,256),
(@OGUID+48,181392,0,4,1437,0,0,0,0,-1,-10868.4,-2662.36,19.2863,-2.40855,0,0,-0.93358,0.35837,300,255,1,'','',0,-1,256),
(@OGUID+49,181392,0,4,1437,0,0,0,0,-1,-10854.4,-2678.76,19.3824,-2.49582,0,0,-0.948324,0.317305,300,255,1,'','',0,-1,256),
(@OGUID+50,181392,0,4,1437,0,0,0,0,-1,-10982.6,-2743.22,12.4848,-0.925025,0,0,-0.446198,0.894934,300,255,1,'','',0,-1,256),
(@OGUID+51,181401,0,4,1438,0,0,0,0,-1,-11009.5,-3340.71,89.061,1.79769,0,0,0.782608,0.622514,300,255,1,'','',0,-1,256),
(@OGUID+52,181392,0,4,1438,0,0,0,0,-1,-11054.8,-3480.33,68.8072,0.95993,0,0,0.461748,0.887011,300,255,1,'','',0,-1,256),
(@OGUID+53,181392,0,4,1438,0,0,0,0,-1,-10990.8,-3465.55,73.5192,1.72787,0,0,0.760404,0.64945,300,255,1,'','',0,-1,256),
(@OGUID+54,188021,0,4,1437,0,0,0,0,-1,-10914.1,-2886.8,11.8144,-2.8798,0,0,-0.991445,0.130523,300,255,1,'','',0,-1,256),
(@OGUID+55,181302,0,4,1437,0,0,0,0,-1,-10914.2,-2888.7,13.0383,-1.50098,0,0,-0.681997,0.731355,300,255,1,'','',0,-1,256),
(@OGUID+56,188020,0,4,1437,0,0,0,0,-1,-10923.3,-2898.54,11.7729,1.67551,0,0,0.743143,0.669133,300,255,1,'','',0,-1,256),
(@OGUID+57,188020,0,4,1437,0,0,0,0,-1,-10893.4,-2873.81,18.554,-1.41371,0,0,-0.649445,0.760408,300,255,1,'','',0,-1,256),
(@OGUID+58,181605,0,4,5076,0,0,0,0,-1,-10961.7,-3232.85,41.3475,-0.506145,0,0,-0.25038,0.968148,300,255,1,'','',0,-1,256),
(@OGUID+59,181306,0,4,5076,0,0,0,0,-1,-10939.2,-3226.34,41.3475,2.00713,0,0,0.843392,0.537299,300,255,1,'','',0,-1,256),
(@OGUID+60,188021,0,0,0,0,0,0,0,-1,-9391.42,35.2367,60.2961,3.86844,0,0,-0.934686,0.355475,300,255,1,'','',0,-1,533.333),
(@OGUID+61,188020,0,0,0,0,0,0,0,-1,-9407.3,32.6638,58.2949,3.90849,0,0,-0.92738,0.374122,300,255,1,'','',0,-1,533.333),
(@OGUID+62,188020,0,0,0,0,0,0,0,-1,-9394.09,17.4457,59.796,3.742,0,0,-0.955277,0.295713,300,255,1,'','',0,-1,533.333),
(@OGUID+63,188020,0,0,0,0,0,0,0,-1,-9384.48,6.97797,60.7744,3.8276,0,0,-0.941749,0.336318,300,255,1,'','',0,-1,533.333),
(@OGUID+64,188020,0,0,0,0,0,0,0,-1,-9362.67,22.5025,61.179,3.76398,0,0,-0.951968,0.306196,300,255,1,'','',0,-1,533.333),
(@OGUID+65,181355,0,0,0,0,0,0,0,-1,-9389.67,11.8006,60.2955,3.79302,0,0,-0.947422,0.319986,300,255,1,'','',0,-1,533.333),
(@OGUID+66,181305,0,0,0,0,0,0,0,-1,-9388.74,31.7365,60.3044,2.31569,0,0,-0.91594,-0.401316,300,255,1,'','',0,-1,533.333),
(@OGUID+67,181307,0,0,0,0,0,0,0,-1,-9389.13,31.2275,61.2989,0.374182,0,0,-0.186001,-0.982549,300,255,1,'','',0,-1,533.333),
(@OGUID+68,181355,0,0,0,0,0,0,0,-1,-9360.61,19.5393,61.0947,0.892545,0,0,-0.431606,-0.902062,300,255,1,'','',0,-1,533.333),
(@OGUID+69,181355,0,0,0,0,0,0,0,-1,-9373.14,35.7717,61.1149,3.83386,0,0,-0.940691,0.339264,300,255,1,'','',0,-1,533.333),
(@OGUID+70,181355,0,0,0,0,0,0,0,-1,-9387.86,62.9029,60.033,3.70191,0,0,-0.961012,0.276508,300,255,1,'','',0,-1,533.333),
(@OGUID+71,188020,0,0,0,0,0,0,0,-1,-9416.95,42.8547,57.4291,3.85977,0,0,-0.936217,0.351423,300,255,1,'','',0,-1,533.333),
(@OGUID+72,181605,0,0,0,0,0,0,0,-1,-9369.89,8.25068,63.2644,0.935731,0,0,-0.450982,-0.892533,300,255,1,'','',0,-1,533.333),
(@OGUID+73,181302,0,0,0,0,0,0,0,-1,-9389.41,37.0002,60.1313,4.60039,0,0,-0.745576,0.66642,300,255,1,'','',0,-1,533.333),
(@OGUID+74,181302,0,0,0,0,0,0,0,-1,-9391.29,37.1346,60.1319,3.4325,0,0,-0.98944,0.144941,300,255,1,'','',0,-1,533.333),
(@OGUID+75,181306,0,0,0,0,0,0,0,-1,-9393.05,34.9263,60.3286,0.772034,0,0,-0.376502,-0.926416,300,255,1,'','',0,-1,533.333),
(@OGUID+76,187928,0,0,0,0,0,0,0,-1,-9399.17,45.9761,60.1027,0.627876,0,0,-0.308806,-0.951125,300,255,1,'','',0,-1,533.333),
(@OGUID+77,181371,0,0,0,0,0,0,0,-1,-9400.9,43.7457,61.1805,1.10618,0,0,-0.52532,-0.850905,300,255,1,'','',0,-1,533.333),
(@OGUID+78,188174,0,0,0,0,0,0,0,-1,-9389.99,34.0307,60.3366,0.604313,0,0,-0.29758,-0.954697,300,255,1,'','',0,-1,533.333),
(@OGUID+79,181290,0,0,0,0,0,0,0,-1,-9399.2,45.9685,60.1035,0,0,0,0,1,300,0,1,'','',0,-1,533.333),
(@OGUID+80,181308,0,0,0,0,0,0,0,-1,-9399.2,45.9685,60.1035,0,0,0,0,1,300,0,1,'','',0,-1,533.333),
(@OGUID+81,181288,0,0,0,0,0,0,0,-1,-9399.2,45.9685,60.1035,0,0,0,0,1,300,255,1,'','',0,-1,533.333),
(@OGUID+82,188021,0,0,0,0,0,0,0,-1,-10841.4,1436.06,42.6714,2.34162,0,0,-0.921066,-0.389406,300,255,1,'','',0,-1,533.333),
(@OGUID+83,181305,0,0,0,0,0,0,0,-1,-10839.5,1433.26,42.6255,5.40469,0,0,-0.425259,0.905072,300,255,1,'','',0,-1,533.333),
(@OGUID+84,181307,0,0,0,0,0,0,0,-1,-10839.5,1433.26,43.6168,5.40469,0,0,-0.425259,0.905072,300,255,1,'','',0,-1,533.333),
(@OGUID+85,181306,0,0,0,0,0,0,0,-1,-10842.3,1435.02,42.715,1.43451,0,0,-0.657317,-0.753614,300,255,1,'','',0,-1,533.333),
(@OGUID+86,188174,0,0,0,0,0,0,0,-1,-10842.3,1435.02,42.715,1.43451,0,0,-0.657317,-0.753614,300,255,1,'','',0,-1,533.333),
(@OGUID+87,181302,0,0,0,0,0,0,0,-1,-10840.8,1437.62,42.5651,0.93185,0,0,-0.449249,-0.893407,300,255,1,'','',0,-1,533.333),
(@OGUID+88,181302,0,0,0,0,0,0,0,-1,-10842.8,1436.65,42.6111,3.79305,0,0,-0.947417,0.32,300,255,1,'','',0,-1,533.333),
(@OGUID+89,181371,0,0,0,0,0,0,0,-1,-10847.3,1429.45,43.4095,2.31336,0,0,-0.915473,-0.40238,300,255,1,'','',0,-1,533.333),
(@OGUID+90,181290,0,0,0,0,0,0,0,-1,-10847.3,1429.45,43.4095,2.31336,0,0,-0.915473,-0.40238,300,0,1,'','',0,-1,533.333),
(@OGUID+91,181308,0,0,0,0,0,0,0,-1,-10847.3,1429.45,43.4095,2.31336,0,0,-0.915473,-0.40238,300,0,1,'','',0,-1,533.333),
(@OGUID+92,187564,0,0,0,0,0,0,0,-1,-10847.3,1429.45,43.4095,2.31336,0,0,-0.915473,-0.40238,300,255,1,'','',0,-1,533.333),
(@OGUID+93,181288,0,0,0,0,0,0,0,-1,-10847.3,1429.45,43.4095,2.31336,0,0,-0.915473,-0.40238,300,255,1,'','',0,-1,533.333),
(@OGUID+94,188020,0,0,0,0,0,0,0,-1,-10824.3,1439.31,41.2413,4.13628,0,0,-0.878852,0.477095,300,255,1,'','',0,-1,533.333),
(@OGUID+95,188020,0,0,0,0,0,0,0,-1,-10836.6,1455.98,43.2433,3.96726,0,0,-0.915987,0.401209,300,255,1,'','',0,-1,533.333),
(@OGUID+96,188020,0,0,0,0,0,0,0,-1,-10862.3,1438.5,42.5049,0.61753,0,0,-0.303882,-0.95271,300,255,1,'','',0,-1,533.333),
(@OGUID+97,188020,0,0,0,0,0,0,0,-1,-10850.2,1419.34,44.7442,0.645019,0,0,-0.316948,-0.948443,300,255,1,'','',0,-1,533.333),
(@OGUID+98,181355,0,0,0,0,0,0,0,-1,-10834.5,1452.97,43.0852,3.73336,0,0,-0.956546,0.291583,300,255,1,'','',0,-1,533.333),
(@OGUID+99,181355,0,0,0,0,0,0,0,-1,-10826,1442.93,41.9264,3.83545,0,0,-0.940421,0.340013,300,255,1,'','',0,-1,533.333),
(@OGUID+100,181355,0,0,0,0,0,0,0,-1,-10849.4,1415.15,44.7395,2.19004,0,0,-0.888938,-0.458027,300,255,1,'','',0,-1,533.333),
(@OGUID+101,181355,0,0,0,0,0,0,0,-1,-10865.3,1435.93,43.3046,2.08323,0,0,-0.86322,-0.504827,300,255,1,'','',0,-1,533.333),
(@OGUID+102,181605,0,0,0,0,0,0,0,-1,-10836.1,1447.03,42.6399,5.57824,0,0,-0.345221,0.938521,300,255,1,'','',0,-1,533.333),
(@OGUID+103,188021,0,0,0,0,0,0,0,-1,-9427.38,-2094.65,64.5344,6.08794,0,0,-0.0974682,0.995239,300,255,1,'','',0,-1,533.333),
(@OGUID+104,188174,0,0,0,0,0,0,0,-1,-9426.47,-2095,64.5845,2.99348,0,0,-0.997259,-0.073991,300,255,1,'','',0,-1,533.333),
(@OGUID+105,181305,0,0,0,0,0,0,0,-1,-9426.37,-2090.83,63.7999,4.46058,0,0,-0.790304,0.612715,300,255,1,'','',0,-1,533.333),
(@OGUID+106,181306,0,0,0,0,0,0,0,-1,-9426.33,-2093.51,64.3306,5.29702,0,0,-0.473346,0.880877,300,255,1,'','',0,-1,533.333),
(@OGUID+107,181307,0,0,0,0,0,0,0,-1,-9424.91,-2090.51,64.7949,0.728347,0,0,-0.356177,-0.934418,300,255,1,'','',0,-1,533.333),
(@OGUID+108,181302,0,0,0,0,0,0,0,-1,-9428.94,-2095.88,64.7761,4.60192,0,0,-0.745066,0.666991,300,255,1,'','',0,-1,533.333),
(@OGUID+109,181302,0,0,0,0,0,0,0,-1,-9426.73,-2096.43,64.7912,1.0794,0,0,-0.513878,-0.857863,300,255,1,'','',0,-1,533.333),
(@OGUID+110,187934,0,0,0,0,0,0,0,-1,-9425.52,-2082.42,62.1551,3.10652,0,0,-0.999846,-0.0175336,300,255,1,'','',0,-1,533.333),
(@OGUID+111,181288,0,0,0,0,0,0,0,-1,-9425.52,-2082.42,62.1551,3.10652,0,0,-0.999846,-0.0175336,300,255,1,'','',0,-1,533.333),
(@OGUID+112,181371,0,0,0,0,0,0,0,-1,-9425.52,-2082.42,62.1551,3.10652,0,0,-0.999846,-0.0175336,300,255,1,'','',0,-1,533.333),
(@OGUID+113,181290,0,0,0,0,0,0,0,-1,-9425.52,-2082.42,62.1551,3.10652,0,0,-0.999846,-0.0175336,300,0,1,'','',0,-1,533.333),
(@OGUID+114,181308,0,0,0,0,0,0,0,-1,-9425.52,-2082.42,62.1551,3.10652,0,0,-0.999846,-0.0175336,300,0,1,'','',0,-1,533.333),
(@OGUID+115,188020,0,0,0,0,0,0,0,-1,-9440.46,-2108.77,66.7147,6.01798,0,0,-0.132213,0.991221,300,255,1,'','',0,-1,533.333),
(@OGUID+116,188020,0,0,0,0,0,0,0,-1,-9416.69,-2110.42,67.0253,3.11594,0,0,-0.999918,-0.0128272,300,255,1,'','',0,-1,533.333),
(@OGUID+117,188020,0,0,0,0,0,0,0,-1,-9402.72,-2079.72,60.0382,4.31447,0,0,-0.832916,0.5534,300,255,1,'','',0,-1,533.333),
(@OGUID+118,188020,0,0,0,0,0,0,0,-1,-9431.11,-2072.68,61.8508,4.60978,0,0,-0.742439,0.669913,300,255,1,'','',0,-1,533.333),
(@OGUID+119,181355,0,0,0,0,0,0,0,-1,-9403.81,-2081.81,60.9706,6.13816,0,0,-0.0724483,0.997372,300,255,1,'','',0,-1,533.333),
(@OGUID+120,181355,0,0,0,0,0,0,0,-1,-9431.86,-2076.11,62.6403,3.02564,0,0,-0.99832,-0.0579453,300,255,1,'','',0,-1,533.333),
(@OGUID+121,181355,0,0,0,0,0,0,0,-1,-9441.49,-2111.43,67.0458,0.131426,0,0,-0.0656654,-0.997842,300,255,1,'','',0,-1,533.333),
(@OGUID+122,181355,0,0,0,0,0,0,0,-1,-9417.68,-2114.13,67.2611,0.201322,0,0,-0.100491,-0.994938,300,255,1,'','',0,-1,533.333),
(@OGUID+123,181605,0,0,0,0,0,0,0,-1,-9425.2,-2112.11,66.3293,0.503693,0,0,-0.249192,-0.968454,300,255,1,'','',0,-1,533.333),
(@OGUID+124,188021,0,0,0,0,0,0,0,-1,-10702.2,-1141.87,25.5773,2.33535,0,0,-0.919841,-0.392292,300,255,1,'','',0,-1,533.333),
(@OGUID+125,188174,0,0,0,0,0,0,0,-1,-10702.2,-1141.87,25.5773,2.33535,0,0,-0.919841,-0.392292,300,255,1,'','',0,-1,533.333),
(@OGUID+126,181305,0,0,0,0,0,0,0,-1,-10699.2,-1139.46,25.5997,0.981321,0,0,-0.471209,-0.882022,300,255,1,'','',0,-1,533.333),
(@OGUID+127,181307,0,0,0,0,0,0,0,-1,-10699.2,-1139.46,26.5902,0.981321,0,0,-0.471209,-0.882022,300,255,1,'','',0,-1,533.333),
(@OGUID+128,181306,0,0,0,0,0,0,0,-1,-10703.9,-1141.82,25.5572,2.15549,0,0,-0.880893,-0.473316,300,255,1,'','',0,-1,533.333),
(@OGUID+129,181302,0,0,0,0,0,0,0,-1,-10701.6,-1144.24,25.5552,2.72883,0,0,-0.978779,-0.204919,300,255,1,'','',0,-1,533.333),
(@OGUID+130,181302,0,0,0,0,0,0,0,-1,-10700.5,-1142.73,25.588,1.8162,0,0,-0.788335,-0.615246,300,255,1,'','',0,-1,533.333),
(@OGUID+131,187926,0,0,0,0,0,0,0,-1,-10694.3,-1148.28,25.6244,3.98861,0,0,-0.911653,0.410961,300,255,1,'','',0,-1,533.333),
(@OGUID+132,181288,0,0,0,0,0,0,0,-1,-10694.3,-1148.28,25.6244,3.98861,0,0,-0.911653,0.410961,300,255,1,'','',0,-1,533.333),
(@OGUID+133,181371,0,0,0,0,0,0,0,-1,-10694.3,-1148.28,25.6244,3.98861,0,0,-0.911653,0.410961,300,255,1,'','',0,-1,533.333),
(@OGUID+134,181290,0,0,0,0,0,0,0,-1,-10694.3,-1148.28,25.6244,3.98861,0,0,-0.911653,0.410961,300,0,1,'','',0,-1,533.333),
(@OGUID+135,181308,0,0,0,0,0,0,0,-1,-10694.3,-1148.28,25.6244,3.98861,0,0,-0.911653,0.410961,300,0,1,'','',0,-1,533.333),
(@OGUID+136,188020,0,0,0,0,0,0,0,-1,-10692.7,-1117.95,25.9375,2.51834,0,0,-0.951836,-0.306607,300,255,1,'','',0,-1,533.333),
(@OGUID+137,188020,0,0,0,0,0,0,0,-1,-10708.1,-1153.82,24.6411,4.13625,0,0,-0.87886,0.47708,300,255,1,'','',0,-1,533.333),
(@OGUID+138,188020,0,0,0,0,0,0,0,-1,-10703.5,-1157.01,24.6505,4.16927,0,0,-0.870865,0.491522,300,255,1,'','',0,-1,533.333),
(@OGUID+139,181355,0,0,0,0,0,0,0,-1,-10709.8,-1152.04,24.7006,5.75576,0,0,-0.260668,0.965429,300,255,1,'','',0,-1,533.333),
(@OGUID+140,181355,0,0,0,0,0,0,0,-1,-10701.5,-1158.88,24.6333,3.96505,0,0,-0.91643,0.400196,300,255,1,'','',0,-1,533.333),
(@OGUID+141,181355,0,0,0,0,0,0,0,-1,-10693.5,-1120.05,25.8692,2.35106,0,0,-0.922894,-0.385054,300,255,1,'','',0,-1,533.333),
(@OGUID+142,181355,0,0,0,0,0,0,0,-1,-10686.8,-1114.94,26.3255,1.87982,0,0,-0.807506,-0.58986,300,255,1,'','',0,-1,533.333),
(@OGUID+143,188021,0,0,0,0,0,0,0,-1,-12745.6,-387.372,13.9639,3.7161,0,0,-0.959025,0.283322,300,255,1,'','',0,-1,533.333),
(@OGUID+144,188174,0,0,0,0,0,0,0,-1,-12745.6,-387.372,13.9639,3.7161,0,0,-0.959025,0.283322,300,255,1,'','',0,-1,533.333),
(@OGUID+145,207982,0,0,0,0,0,0,0,-1,-12746.7,-372.3,12.8561,5.98983,0,0,-0.146151,0.989262,300,255,1,'','',0,-1,533.333),
(@OGUID+146,181288,0,0,0,0,0,0,0,-1,-12746.7,-372.3,12.8561,5.98983,0,0,-0.146151,0.989262,300,255,1,'','',0,-1,533.333),
(@OGUID+147,181371,0,0,0,0,0,0,0,-1,-12746.7,-372.3,12.8561,5.98983,0,0,-0.146151,0.989262,300,255,1,'','',0,-1,533.333),
(@OGUID+148,181290,0,0,0,0,0,0,0,-1,-12746.7,-372.3,12.8561,5.98983,0,0,-0.146151,0.989262,300,0,1,'','',0,-1,533.333),
(@OGUID+149,181308,0,0,0,0,0,0,0,-1,-12746.7,-372.3,12.8561,5.98983,0,0,-0.146151,0.989262,300,0,1,'','',0,-1,533.333),
(@OGUID+150,181305,0,0,0,0,0,0,0,-1,-12747.9,-384.585,13.5227,5.37487,0,0,-0.438708,0.89863,300,255,1,'','',0,-1,533.333),
(@OGUID+151,181307,0,0,0,0,0,0,0,-1,-12746.5,-383.508,14.5279,5.37487,0,0,-0.438708,0.89863,300,255,1,'','',0,-1,533.333),
(@OGUID+152,181306,0,0,0,0,0,0,0,-1,-12744.4,-386.363,13.927,4.32244,0,0,-0.830705,0.556713,300,255,1,'','',0,-1,533.333),
(@OGUID+153,181302,0,0,0,0,0,0,0,-1,-12745.8,-389.066,13.9958,2.82233,0,0,-0.987286,-0.158954,300,255,1,'','',0,-1,533.333),
(@OGUID+154,181302,0,0,0,0,0,0,0,-1,-12743,-388.259,14.2583,2.46498,0,0,-0.943318,-0.331892,300,255,1,'','',0,-1,533.333),
(@OGUID+155,188020,0,0,0,0,0,0,0,-1,-12766.2,-405.755,16.6924,2.91736,0,0,-0.993722,-0.111879,300,255,1,'','',0,-1,533.333),
(@OGUID+156,188020,0,0,0,0,0,0,0,-1,-12763.4,-383.64,12.8349,3.43808,0,0,-0.989032,0.147703,300,255,1,'','',0,-1,533.333),
(@OGUID+157,188020,0,0,0,0,0,0,0,-1,-12724,-387.135,14.4296,0.5698,0,0,-0.281061,-0.95969,300,255,1,'','',0,-1,533.333),
(@OGUID+158,188020,0,0,0,0,0,0,0,-1,-12733.2,-362.778,13.9659,0.777145,0,0,-0.378868,-0.925451,300,255,1,'','',0,-1,533.333),
(@OGUID+159,181355,0,0,0,0,0,0,0,-1,-12762.6,-380.639,12.7602,3.83942,0,0,-0.939745,0.341877,300,255,1,'','',0,-1,533.333),
(@OGUID+160,181355,0,0,0,0,0,0,0,-1,-12764.5,-406.386,16.886,1.99765,0,0,-0.840835,-0.541291,300,255,1,'','',0,-1,533.333),
(@OGUID+161,181355,0,0,0,0,0,0,0,-1,-12722.7,-390.053,14.8361,0.504607,0,0,-0.249635,-0.96834,300,255,1,'','',0,-1,533.333),
(@OGUID+162,181355,0,0,0,0,0,0,0,-1,-12731.5,-365.657,13.9239,1.64736,0,0,-0.733652,-0.679525,300,255,1,'','',0,-1,533.333),
(@OGUID+163,181605,0,0,0,0,0,0,0,-1,-12738.5,-403.878,15.3848,3.96821,0,0,-0.915797,0.401642,300,255,1,'','',0,-1,533.333),
(@OGUID+164,188021,0,0,0,0,0,0,0,-1,-14287.5,101.828,7.51375,0.693855,0,0,-0.34001,-0.940422,300,255,1,'','',0,-1,533.333),
(@OGUID+165,188174,0,0,0,0,0,0,0,-1,-14286.3,102.799,7.58481,0.693855,0,0,-0.34001,-0.940422,300,255,1,'','',0,-1,533.333),
(@OGUID+166,181305,0,0,0,0,0,0,0,-1,-14284.5,104.061,7.60568,0.623791,0,0,-0.306863,-0.951754,300,255,1,'','',0,-1,533.333),
(@OGUID+167,181307,0,0,0,0,0,0,0,-1,-14283.8,103.703,8.59641,5.83098,0,0,-0.224184,0.974547,300,255,1,'','',0,-1,533.333),
(@OGUID+168,181306,0,0,0,0,0,0,0,-1,-14288.2,104.277,7.51695,5.26156,0,0,-0.488887,0.872347,300,255,1,'','',0,-1,533.333),
(@OGUID+169,181302,0,0,0,0,0,0,0,-1,-14289.8,102.896,7.48012,5.23407,0,0,-0.50083,0.865546,300,255,1,'','',0,-1,533.333),
(@OGUID+170,181302,0,0,0,0,0,0,0,-1,-14288.1,100.273,7.4962,6.04695,0,0,-0.117843,0.993032,300,255,1,'','',0,-1,533.333),
(@OGUID+171,187944,0,0,0,0,0,0,0,-1,-14314.9,84.6753,1.74538,4.97382,0,0,-0.608909,0.79324,300,255,1,'','',0,-1,533.333),
(@OGUID+172,181288,0,0,0,0,0,0,0,-1,-14314.9,84.6753,1.74538,4.97382,0,0,-0.608909,0.79324,300,255,1,'','',0,-1,533.333),
(@OGUID+173,181371,0,0,0,0,0,0,0,-1,-14314.9,84.6753,1.74538,4.97382,0,0,-0.608909,0.79324,300,255,1,'','',0,-1,533.333),
(@OGUID+174,181290,0,0,0,0,0,0,0,-1,-14314.9,84.6753,1.74538,4.97382,0,0,-0.608909,0.79324,300,0,1,'','',0,-1,533.333),
(@OGUID+175,181308,0,0,0,0,0,0,0,-1,-14314.9,84.6753,1.74538,4.97382,0,0,-0.608909,0.79324,300,0,1,'','',0,-1,533.333),
(@OGUID+176,188020,0,0,0,0,0,0,0,-1,-14298.8,125.948,8.1807,0.78764,0,0,-0.383719,-0.92345,300,255,1,'','',0,-1,533.333),
(@OGUID+177,188020,0,0,0,0,0,0,0,-1,-14272.9,102.931,8.7608,5.7003,0,0,-0.287332,0.957831,300,255,1,'','',0,-1,533.333),
(@OGUID+178,188020,0,0,0,0,0,0,0,-1,-14304.5,77.9092,2.0803,1.16463,0,0,-0.549958,-0.835193,300,255,1,'','',0,-1,533.333),
(@OGUID+179,188020,0,0,0,0,0,0,0,-1,-14326,96.7257,2.19344,0.859905,0,0,-0.416827,-0.908986,300,255,1,'','',0,-1,533.333),
(@OGUID+180,181355,0,0,0,0,0,0,0,-1,-14322.2,100.297,2.68625,0.365093,0,0,-0.181534,-0.983385,300,255,1,'','',0,-1,533.333),
(@OGUID+181,181355,0,0,0,0,0,0,0,-1,-14301.6,128.911,8.80911,0.726376,0,0,-0.355256,-0.934769,300,255,1,'','',0,-1,533.333),
(@OGUID+182,181355,0,0,0,0,0,0,0,-1,-14275.1,113.931,8.42089,5.75371,0,0,-0.261656,0.965161,300,255,1,'','',0,-1,533.333),
(@OGUID+183,181355,0,0,0,0,0,0,0,-1,-14302.4,75.7914,2.04973,4.50884,0,0,-0.775289,0.631607,300,255,1,'','',0,-1,533.333),
(@OGUID+184,181605,0,0,0,0,0,0,0,-1,-14308,104.053,4.57813,4.57953,0,0,-0.752486,0.658609,300,255,1,'','',0,-1,533.333),
(@OGUID+185,188021,0,0,0,0,0,0,0,-1,-5209.11,-2874.44,333.868,2.3832,0,0,-0.928963,-0.370173,300,255,1,'','',0,-1,533.333),
(@OGUID+186,188174,0,0,0,0,0,0,0,-1,-5209.26,-2873.31,334.043,3.78908,0,0,-0.948051,0.318118,300,255,1,'','',0,-1,533.333),
(@OGUID+187,181305,0,0,0,0,0,0,0,-1,-5206.1,-2872.2,333.597,4.00426,0,0,-0.908408,0.418085,300,255,1,'','',0,-1,533.333),
(@OGUID+188,181307,0,0,0,0,0,0,0,-1,-5207.25,-2872.08,334.588,2.92434,0,0,-0.994106,-0.108412,300,255,1,'','',0,-1,533.333),
(@OGUID+189,181306,0,0,0,0,0,0,0,-1,-5208.46,-2875.65,333.896,0.0105002,0,0,-0.00525081,-0.999986,300,255,1,'','',0,-1,533.333),
(@OGUID+190,181302,0,0,0,0,0,0,0,-1,-5211.08,-2874.41,334.028,1.32997,0,0,-0.617047,-0.786926,300,255,1,'','',0,-1,533.333),
(@OGUID+191,181302,0,0,0,0,0,0,0,-1,-5210.42,-2876.2,333.987,5.46902,0,0,-0.395932,0.91828,300,255,1,'','',0,-1,533.333),
(@OGUID+192,187932,0,0,0,0,0,0,0,-1,-5198.2,-2866.01,333.608,4.67027,0,0,-0.721839,0.692061,300,255,1,'','',0,-1,533.333),
(@OGUID+193,181288,0,0,0,0,0,0,0,-1,-5198.2,-2866.01,333.608,4.67027,0,0,-0.721839,0.692061,300,255,1,'','',0,-1,533.333),
(@OGUID+194,181371,0,0,0,0,0,0,0,-1,-5198.2,-2866.01,333.608,4.67027,0,0,-0.721839,0.692061,300,255,1,'','',0,-1,533.333),
(@OGUID+195,181290,0,0,0,0,0,0,0,-1,-5198.2,-2866.01,333.608,4.67027,0,0,-0.721839,0.692061,300,0,1,'','',0,-1,533.333),
(@OGUID+196,181308,0,0,0,0,0,0,0,-1,-5198.2,-2866.01,333.608,4.67027,0,0,-0.721839,0.692061,300,0,1,'','',0,-1,533.333),
(@OGUID+197,181605,0,0,0,0,0,0,0,-1,-5220.28,-2886.02,337.87,5.79182,0,0,-0.243218,0.969972,300,255,1,'','',0,-1,533.333),
(@OGUID+198,188020,0,0,0,0,0,0,0,-1,-5231.19,-2881.39,338.244,5.47923,0,0,-0.39124,0.920289,300,255,1,'','',0,-1,533.333),
(@OGUID+199,188020,0,0,0,0,0,0,0,-1,-5221.16,-2859.98,337.307,2.25987,0,0,-0.904384,-0.426719,300,255,1,'','',0,-1,533.333),
(@OGUID+200,188020,0,0,0,0,0,0,0,-1,-5212.79,-2898.21,338.511,0.858713,0,0,-0.416286,-0.909234,300,255,1,'','',0,-1,533.333),
(@OGUID+201,188020,0,0,0,0,0,0,0,-1,-5187.36,-2878.38,339.422,5.49835,0,0,-0.382421,0.923988,300,255,1,'','',0,-1,533.333),
(@OGUID+202,181355,0,0,0,0,0,0,0,-1,-5185.79,-2876.17,339.002,2.61987,0,0,-0.966169,-0.257912,300,255,1,'','',0,-1,533.333),
(@OGUID+203,181355,0,0,0,0,0,0,0,-1,-5209.5,-2895.19,339.771,5.39624,0,0,-0.429079,0.903267,300,255,1,'','',0,-1,533.333),
(@OGUID+204,181355,0,0,0,0,0,0,0,-1,-5228.07,-2880.26,338.396,2.23895,0,0,-0.899871,-0.436156,300,255,1,'','',0,-1,533.333),
(@OGUID+205,181355,0,0,0,0,0,0,0,-1,-5223.97,-2861.76,337.47,0.401114,0,0,-0.199216,-0.979956,300,255,1,'','',0,-1,533.333),
(@OGUID+206,188021,0,0,0,0,0,0,0,-1,-3468.34,-921.29,9.56135,4.02391,0,0,-0.904257,0.426989,300,255,1,'','',0,-1,533.333),
(@OGUID+207,188174,0,0,0,0,0,0,0,-1,-3468.34,-921.29,9.56135,4.02391,0,0,-0.904257,0.426989,300,255,1,'','',0,-1,533.333),
(@OGUID+208,181306,0,0,0,0,0,0,0,-1,-3469.77,-915.763,9.16456,0.147975,0,0,-0.0739199,-0.997264,300,255,1,'','',0,-1,533.333),
(@OGUID+209,181305,0,0,0,0,0,0,0,-1,-3465.36,-924.804,9.78228,2.51202,0,0,-0.950862,-0.309615,300,255,1,'','',0,-1,533.333),
(@OGUID+210,181307,0,0,0,0,0,0,0,-1,-3465.38,-923.524,10.7727,1.55383,0,0,-0.701084,-0.713079,300,255,1,'','',0,-1,533.333),
(@OGUID+211,181302,0,0,0,0,0,0,0,-1,-3466.99,-915.373,9.01146,2.94399,0,0,-0.995123,-0.0986426,300,255,1,'','',0,-1,533.333),
(@OGUID+212,181302,0,0,0,0,0,0,0,-1,-3468.37,-916.849,9.20246,1.76981,0,0,-0.773856,-0.633362,300,255,1,'','',0,-1,533.333),
(@OGUID+213,187940,0,0,0,0,0,0,0,-1,-3479.98,-912.198,10.827,1.30643,0,0,-0.607741,-0.794135,300,255,1,'','',0,-1,533.333),
(@OGUID+214,181288,0,0,0,0,0,0,0,-1,-3479.98,-912.198,10.827,1.30643,0,0,-0.607741,-0.794135,300,255,1,'','',0,-1,533.333),
(@OGUID+215,181371,0,0,0,0,0,0,0,-1,-3479.98,-912.198,10.827,1.30643,0,0,-0.607741,-0.794135,300,255,1,'','',0,-1,533.333),
(@OGUID+216,181290,0,0,0,0,0,0,0,-1,-3479.98,-912.198,10.827,1.30643,0,0,-0.607741,-0.794135,300,0,1,'','',0,-1,533.333),
(@OGUID+217,181308,0,0,0,0,0,0,0,-1,-3479.98,-912.198,10.827,1.30643,0,0,-0.607741,-0.794135,300,0,1,'','',0,-1,533.333),
(@OGUID+218,181605,0,0,0,0,0,0,0,-1,-3459.33,-929.298,10.4668,4.14564,0,0,-0.876611,0.4812,300,255,1,'','',0,-1,533.333),
(@OGUID+219,188020,0,0,0,0,0,0,0,-1,-3475.04,-942.356,9.12987,4.09851,0,0,-0.887705,0.460413,300,255,1,'','',0,-1,533.333),
(@OGUID+220,188020,0,0,0,0,0,0,0,-1,-3482.12,-938.401,8.86583,4.29131,0,0,-0.83927,0.543715,300,255,1,'','',0,-1,533.333),
(@OGUID+221,188020,0,0,0,0,0,0,0,-1,-3489.04,-934.689,9.40659,1.09705,0,0,-0.521429,-0.853295,300,255,1,'','',0,-1,533.333),
(@OGUID+222,188020,0,0,0,0,0,0,0,-1,-3490.58,-907.119,11.23,5.6208,0,0,-0.32517,0.945656,300,255,1,'','',0,-1,533.333),
(@OGUID+223,181355,0,0,0,0,0,0,0,-1,-3494.76,-908.419,11.0546,4.71367,0,0,-0.706655,0.707559,300,255,1,'','',0,-1,533.333),
(@OGUID+224,181355,0,0,0,0,0,0,0,-1,-3495.37,-931.483,9.45049,1.39928,0,0,-0.643943,-0.765073,300,255,1,'','',0,-1,533.333),
(@OGUID+225,181355,0,0,0,0,0,0,0,-1,-3472.63,-943.625,9.11528,4.26835,0,0,-0.845455,0.534047,300,255,1,'','',0,-1,533.333),
(@OGUID+226,181355,0,0,0,0,0,0,0,-1,-3457.75,-936.812,10.5535,3.58898,0,0,-0.975084,0.221834,300,255,1,'','',0,-1,533.333),
(@OGUID+227,188021,0,0,0,0,0,0,0,-1,-6996.51,-2481.13,241.903,4.34449,0,0,-0.824516,0.565838,300,255,1,'','',0,-1,533.333),
(@OGUID+228,188174,0,0,0,0,0,0,0,-1,-6996.51,-2481.13,241.903,4.34449,0,0,-0.824516,0.565838,300,255,1,'','',0,-1,533.333),
(@OGUID+229,181305,0,0,0,0,0,0,0,-1,-6992.88,-2482.45,241.689,2.82868,0,0,-0.987785,-0.155821,300,255,1,'','',0,-1,533.333),
(@OGUID+230,181307,0,0,0,0,0,0,0,-1,-6993.39,-2481.28,242.681,1.98437,0,0,-0.837223,-0.546861,300,255,1,'','',0,-1,533.333),
(@OGUID+231,181306,0,0,0,0,0,0,0,-1,-6996.01,-2478.95,241.83,4.34056,0,0,-0.825626,0.564218,300,255,1,'','',0,-1,533.333),
(@OGUID+232,181302,0,0,0,0,0,0,0,-1,-6997.99,-2480.51,241.932,4.05389,0,0,-0.897755,0.440496,300,255,1,'','',0,-1,533.333),
(@OGUID+233,181302,0,0,0,0,0,0,0,-1,-6997.43,-2482.57,241.972,6.05115,0,0,-0.115757,0.993278,300,255,1,'','',0,-1,533.333),
(@OGUID+234,207984,0,0,0,0,0,0,0,-1,-7000.45,-2464.97,241.76,0.33738,0,0,-0.167891,-0.985806,300,255,1,'','',0,-1,533.333),
(@OGUID+235,181288,0,0,0,0,0,0,0,-1,-7000.45,-2464.97,241.76,0.33738,0,0,-0.167891,-0.985806,300,255,1,'','',0,-1,533.333),
(@OGUID+236,181371,0,0,0,0,0,0,0,-1,-7000.45,-2464.97,241.76,0.33738,0,0,-0.167891,-0.985806,300,255,1,'','',0,-1,533.333),
(@OGUID+237,181290,0,0,0,0,0,0,0,-1,-7000.45,-2464.97,241.76,0.33738,0,0,-0.167891,-0.985806,300,0,1,'','',0,-1,533.333),
(@OGUID+238,181308,0,0,0,0,0,0,0,-1,-7000.45,-2464.97,241.76,0.33738,0,0,-0.167891,-0.985806,300,0,1,'','',0,-1,533.333),
(@OGUID+239,181605,0,0,0,0,0,0,0,-1,-6995.16,-2499.49,244.305,3.40359,0,0,-0.991432,0.130624,300,255,1,'','',0,-1,533.333),
(@OGUID+240,181355,0,0,0,0,0,0,0,-1,-7012.93,-2502.69,241.755,4.27853,0,0,-0.842727,0.538342,300,255,1,'','',0,-1,533.333),
(@OGUID+241,188020,0,0,0,0,0,0,0,-1,-7013.31,-2500.3,241.919,3.19468,0,0,-0.999648,0.0265404,300,255,1,'','',0,-1,533.333),
(@OGUID+242,188020,0,0,0,0,0,0,0,-1,-7017.29,-2463.67,241.812,6.19882,0,0,-0.0421684,0.999111,300,255,1,'','',0,-1,533.333),
(@OGUID+243,181355,0,0,0,0,0,0,0,-1,-7016.69,-2466.48,241.677,0.14732,0,0,-0.0735934,-0.997288,300,255,1,'','',0,-1,533.333),
(@OGUID+244,188020,0,0,0,0,0,0,0,-1,-6986.93,-2510.7,242.756,4.07274,0,0,-0.893564,0.448937,300,255,1,'','',0,-1,533.333),
(@OGUID+245,181355,0,0,0,0,0,0,0,-1,-6988.52,-2509.73,241.801,5.5218,0,0,-0.371564,0.928407,300,255,1,'','',0,-1,533.333),
(@OGUID+246,188020,0,0,0,0,0,0,0,-1,-6982.34,-2476.92,241.667,3.11849,0,0,-0.999933,-0.0115501,300,255,1,'','',0,-1,533.333),
(@OGUID+247,181355,0,0,0,0,0,0,0,-1,-6982.5,-2473.25,241.668,4.84244,0,0,-0.659665,0.75156,300,255,1,'','',0,-1,533.333),
(@OGUID+248,188174,0,0,0,0,0,0,0,-1,-5413.6,-493.185,396.631,4.97639,0,0,-0.607889,0.794022,300,255,1,'','',0,-1,533.333),
(@OGUID+249,188021,0,0,0,0,0,0,0,-1,-5417.12,-484.881,396.552,5.22851,0,0,-0.503233,0.864151,300,255,1,'','',0,-1,533.333),
(@OGUID+250,181305,0,0,0,0,0,0,0,-1,-5414.7,-489.705,396.753,2.13796,0,0,-0.876712,-0.481017,300,255,1,'','',0,-1,533.333),
(@OGUID+251,181307,0,0,0,0,0,0,0,-1,-5414.29,-490.338,397.743,2.13796,0,0,-0.876712,-0.481017,300,255,1,'','',0,-1,533.333),
(@OGUID+252,181306,0,0,0,0,0,0,0,-1,-5412.03,-489.559,396.432,3.22967,0,0,-0.99903,0.0440238,300,255,1,'','',0,-1,533.333),
(@OGUID+253,181302,0,0,0,0,0,0,0,-1,-5413.08,-483.668,396.431,3.17076,0,0,-0.999894,0.0145851,300,255,1,'','',0,-1,533.333),
(@OGUID+254,181302,0,0,0,0,0,0,0,-1,-5414.6,-482.395,396.442,4.40384,0,0,-0.807366,0.590051,300,255,1,'','',0,-1,533.333),
(@OGUID+255,187925,0,0,0,0,0,0,0,-1,-5433.37,-488.378,396.88,1.81595,0,0,-0.788261,-0.615341,300,255,1,'','',0,-1,533.333),
(@OGUID+256,181288,0,0,0,0,0,0,0,-1,-5433.37,-488.378,396.88,1.81595,0,0,-0.788261,-0.615341,300,255,1,'','',0,-1,533.333),
(@OGUID+257,181371,0,0,0,0,0,0,0,-1,-5433.37,-488.378,396.88,1.81595,0,0,-0.788261,-0.615341,300,255,1,'','',0,-1,533.333),
(@OGUID+258,181290,0,0,0,0,0,0,0,-1,-5433.37,-488.378,396.88,1.81595,0,0,-0.788261,-0.615341,300,0,1,'','',0,-1,533.333),
(@OGUID+259,181308,0,0,0,0,0,0,0,-1,-5433.37,-488.378,396.88,1.81595,0,0,-0.788261,-0.615341,300,0,1,'','',0,-1,533.333),
(@OGUID+260,181605,0,0,0,0,0,0,0,-1,-5424.63,-497.227,397.61,0.857769,0,0,-0.415857,-0.90943,300,255,1,'','',0,-1,533.333),
(@OGUID+261,188020,0,0,0,0,0,0,0,-1,-5428.61,-508.699,395.896,1.59447,0,0,-0.715427,-0.698688,300,255,1,'','',0,-1,533.333),
(@OGUID+262,188020,0,0,0,0,0,0,0,-1,-5411.1,-508.855,393.327,1.62943,0,0,-0.727528,-0.686078,300,255,1,'','',0,-1,533.333),
(@OGUID+263,188020,0,0,0,0,0,0,0,-1,-5409.09,-474.164,397.49,1.96715,0,0,-0.832482,-0.554052,300,255,1,'','',0,-1,533.333),
(@OGUID+264,181355,0,0,0,0,0,0,0,-1,-5396.09,-493.96,395.418,5.07731,0,0,-0.567064,0.823674,300,255,1,'','',0,-1,533.333),
(@OGUID+265,181355,0,0,0,0,0,0,0,-1,-5433.18,-504.296,397.523,3.74135,0,0,-0.955372,0.295404,300,255,1,'','',0,-1,533.333),
(@OGUID+266,188020,0,0,0,0,0,0,0,-1,-5442.27,-481.235,396.649,0.811814,0,0,-0.394852,-0.918745,300,255,1,'','',0,-1,533.333),
(@OGUID+267,181355,0,0,0,0,0,0,0,-1,-5424.01,-474.458,399.19,0.737198,0,0,-0.360309,-0.932833,300,255,1,'','',0,-1,533.333),
(@OGUID+268,181355,0,0,0,0,0,0,0,-1,-5416.23,-507.411,394.279,1.41264,0,0,-0.649039,-0.760755,300,255,1,'','',0,-1,533.333),
(@OGUID+269,188021,0,0,0,0,0,0,0,-1,-8250.11,-2611.63,133.154,1.46037,0,0,-0.667009,-0.74505,300,255,1,'','',0,-1,533.333),
(@OGUID+270,188174,0,0,0,0,0,0,0,-1,-8250.11,-2611.63,133.154,1.46037,0,0,-0.667009,-0.74505,300,255,1,'','',0,-1,533.333),
(@OGUID+271,187922,0,0,0,0,0,0,0,-1,-8238.2,-2612.62,133.154,1.60566,0,0,-0.719326,-0.694672,300,255,1,'','',0,-1,533.333),
(@OGUID+272,181288,0,0,0,0,0,0,0,-1,-8238.2,-2612.62,133.154,1.60566,0,0,-0.719326,-0.694672,300,255,1,'','',0,-1,533.333),
(@OGUID+273,181371,0,0,0,0,0,0,0,-1,-8238.2,-2612.62,133.154,1.60566,0,0,-0.719326,-0.694672,300,255,1,'','',0,-1,533.333),
(@OGUID+274,181290,0,0,0,0,0,0,0,-1,-8238.2,-2612.62,133.154,1.60566,0,0,-0.719326,-0.694672,300,0,1,'','',0,-1,533.333),
(@OGUID+275,181308,0,0,0,0,0,0,0,-1,-8238.2,-2612.62,133.154,1.60566,0,0,-0.719326,-0.694672,300,0,1,'','',0,-1,533.333),
(@OGUID+276,181305,0,0,0,0,0,0,0,-1,-8251.05,-2615.29,133.155,4.71583,0,0,-0.705889,0.708323,300,255,1,'','',0,-1,533.333),
(@OGUID+277,181307,0,0,0,0,0,0,0,-1,-8249.63,-2616.25,134.171,5.79521,0,0,-0.241572,0.970383,300,255,1,'','',0,-1,533.333),
(@OGUID+278,181306,0,0,0,0,0,0,0,-1,-8251.98,-2611.12,133.155,5.78343,0,0,-0.247284,0.968943,300,255,1,'','',0,-1,533.333),
(@OGUID+279,181302,0,0,0,0,0,0,0,-1,-8251.07,-2609.11,133.154,5.11585,0,0,-0.551087,0.834448,300,255,1,'','',0,-1,533.333),
(@OGUID+280,181302,0,0,0,0,0,0,0,-1,-8248.58,-2609.53,133.154,3.88672,0,0,-0.931398,0.364003,300,255,1,'','',0,-1,533.333),
(@OGUID+281,181605,0,0,0,0,0,0,0,-1,-8239.45,-2629.12,136.488,1.91536,0,0,-0.817859,-0.575419,300,255,1,'','',0,-1,533.333),
(@OGUID+282,188020,0,0,0,0,0,0,0,-1,-8258.62,-2599.28,133.15,1.06085,0,0,-0.505901,-0.862592,300,255,1,'','',0,-1,533.333),
(@OGUID+283,181355,0,0,0,0,0,0,0,-1,-8256.03,-2600.37,133.149,1.0687,0,0,-0.509282,-0.8606,300,255,1,'','',0,-1,533.333),
(@OGUID+284,188020,0,0,0,0,0,0,0,-1,-8266,-2624.4,135.35,0.182772,0,0,-0.0912589,-0.995827,300,255,1,'','',0,-1,533.333),
(@OGUID+285,181355,0,0,0,0,0,0,0,-1,-8266.21,-2621.42,135.176,0.0688877,0,0,-0.0344366,-0.999407,300,255,1,'','',0,-1,533.333),
(@OGUID+286,188020,0,0,0,0,0,0,0,-1,-8230.59,-2604.22,133.15,1.6711,0,0,-0.741665,-0.67077,300,255,1,'','',0,-1,533.333),
(@OGUID+287,181355,0,0,0,0,0,0,0,-1,-8227.79,-2604,133.15,1.59649,0,0,-0.716131,-0.697966,300,255,1,'','',0,-1,533.333),
(@OGUID+288,188020,0,0,0,0,0,0,0,-1,-8226.55,-2625.03,133.155,2.7628,0,0,-0.982118,-0.188265,300,255,1,'','',0,-1,533.333),
(@OGUID+289,181355,0,0,0,0,0,0,0,-1,-8227.87,-2627.19,133.238,2.48792,0,0,-0.947063,-0.321049,300,255,1,'','',0,-1,533.333),
(@OGUID+290,188174,0,0,0,0,0,0,0,-1,996.817,-1447.18,61.942,5.08406,0,0,-0.564281,0.825583,300,255,1,'','',0,-1,533.333),
(@OGUID+291,188021,0,0,0,0,0,0,0,-1,998.961,-1452.37,61.1579,1.86785,0,0,-0.80396,-0.594683,300,255,1,'','',0,-1,533.333),
(@OGUID+292,181306,0,0,0,0,0,0,0,-1,996.792,-1456.97,60.8018,2.8496,0,0,-0.989361,-0.145479,300,255,1,'','',0,-1,533.333),
(@OGUID+293,181305,0,0,0,0,0,0,0,-1,1006.66,-1445.92,62.1393,3.55096,0,0,-0.979125,0.203259,300,255,1,'','',0,-1,533.333),
(@OGUID+294,181307,0,0,0,0,0,0,0,-1,1006.16,-1444.99,63.1298,3.41666,0,0,-0.990557,0.137101,300,255,1,'','',0,-1,533.333),
(@OGUID+295,181302,0,0,0,0,0,0,0,-1,1003.01,-1448.52,61.846,2.6564,0,0,-0.970717,-0.240226,300,255,1,'','',0,-1,533.333),
(@OGUID+296,181302,0,0,0,0,0,0,0,-1,1001.39,-1450.1,61.5575,5.04399,0,0,-0.580707,0.814112,300,255,1,'','',0,-1,533.333),
(@OGUID+297,187939,0,0,0,0,0,0,0,-1,985.424,-1455.32,61.1702,1.76101,0,0,-0.771061,-0.636761,300,255,1,'','',0,-1,533.333),
(@OGUID+298,181288,0,0,0,0,0,0,0,-1,985.424,-1455.32,61.1702,1.76101,0,0,-0.771061,-0.636761,300,255,1,'','',0,-1,533.333),
(@OGUID+299,181371,0,0,0,0,0,0,0,-1,985.424,-1455.32,61.1702,1.76101,0,0,-0.771061,-0.636761,300,255,1,'','',0,-1,533.333),
(@OGUID+300,181290,0,0,0,0,0,0,0,-1,985.424,-1455.32,61.1702,1.76101,0,0,-0.771061,-0.636761,300,0,1,'','',0,-1,533.333),
(@OGUID+301,181308,0,0,0,0,0,0,0,-1,985.424,-1455.32,61.1702,1.76101,0,0,-0.771061,-0.636761,300,0,1,'','',0,-1,533.333),
(@OGUID+302,181605,0,0,0,0,0,0,0,-1,997.73,-1436.33,63.9644,5.09897,0,0,-0.55811,0.829767,300,255,1,'','',0,-1,533.333),
(@OGUID+303,188020,0,0,0,0,0,0,0,-1,1012.44,-1450.77,62.2958,4.94687,0,0,-0.619542,0.784963,300,255,1,'','',0,-1,533.333),
(@OGUID+304,181355,0,0,0,0,0,0,0,-1,1009.71,-1451.22,62.074,1.74244,0,0,-0.765116,-0.643893,300,255,1,'','',0,-1,533.333),
(@OGUID+305,188020,0,0,0,0,0,0,0,-1,996.846,-1467.88,61.2702,4.6759,0,0,-0.719888,0.69409,300,255,1,'','',0,-1,533.333),
(@OGUID+306,181355,0,0,0,0,0,0,0,-1,995.066,-1468.52,61.3523,4.80942,0,0,-0.671983,0.740566,300,255,1,'','',0,-1,533.333),
(@OGUID+307,188020,0,0,0,0,0,0,0,-1,975.194,-1460.9,61.4729,1.60499,0,0,-0.719092,-0.694915,300,255,1,'','',0,-1,533.333),
(@OGUID+308,181355,0,0,0,0,0,0,0,-1,973.434,-1460.69,61.5962,1.37174,0,0,-0.633345,-0.773869,300,255,1,'','',0,-1,533.333),
(@OGUID+309,188020,0,0,0,0,0,0,0,-1,981.698,-1441.91,65.1256,2.75796,0,0,-0.98166,-0.19064,300,255,1,'','',0,-1,533.333),
(@OGUID+310,181355,0,0,0,0,0,0,0,-1,978.11,-1448.76,64.3757,2.13986,0,0,-0.877166,-0.480188,300,255,1,'','',0,-1,533.333),
(@OGUID+311,188021,0,0,0,0,0,0,0,-1,-1215.87,-2671.27,45.2733,2.83591,0,0,-0.988343,-0.152245,300,255,1,'','',0,-1,533.333),
(@OGUID+312,188174,0,0,0,0,0,0,0,-1,-1215.87,-2671.27,45.2733,2.81235,0,0,-0.986481,-0.163878,300,255,1,'','',0,-1,533.333),
(@OGUID+313,181305,0,0,0,0,0,0,0,-1,-1219.68,-2669.28,45.4265,2.91838,0,0,-0.993779,-0.111375,300,255,1,'','',0,-1,533.333),
(@OGUID+314,181307,0,0,0,0,0,0,0,-1,-1219.19,-2670.59,46.4165,5.07037,0,0,-0.569921,0.8217,300,255,1,'','',0,-1,533.333),
(@OGUID+315,181306,0,0,0,0,0,0,0,-1,-1211.57,-2667.04,45.1816,4.16716,0,0,-0.871382,0.490605,300,255,1,'','',0,-1,533.333),
(@OGUID+316,181302,0,0,0,0,0,0,0,-1,-1213.21,-2669.42,45.1921,4.1593,0,0,-0.873303,0.487178,300,255,1,'','',0,-1,533.333),
(@OGUID+317,181302,0,0,0,0,0,0,0,-1,-1214.27,-2673.21,45.2592,1.37114,0,0,-0.633114,-0.774059,300,255,1,'','',0,-1,533.333),
(@OGUID+318,187914,0,0,0,0,0,0,0,-1,-1233.7,-2664.88,46.3649,5.78115,0,0,-0.248389,0.96866,300,255,1,'','',0,-1,533.333),
(@OGUID+319,181288,0,0,0,0,0,0,0,-1,-1233.7,-2664.88,46.3649,5.78115,0,0,-0.248389,0.96866,300,255,1,'','',0,-1,533.333),
(@OGUID+320,181371,0,0,0,0,0,0,0,-1,-1233.7,-2664.88,46.3649,5.78115,0,0,-0.248389,0.96866,300,255,1,'','',0,-1,533.333),
(@OGUID+321,181290,0,0,0,0,0,0,0,-1,-1233.7,-2664.88,46.3649,5.78115,0,0,-0.248389,0.96866,300,0,1,'','',0,-1,533.333),
(@OGUID+322,181308,0,0,0,0,0,0,0,-1,-1233.7,-2664.88,46.3649,5.78115,0,0,-0.248389,0.96866,300,0,1,'','',0,-1,533.333),
(@OGUID+323,188020,0,0,0,0,0,0,0,-1,-1202.78,-2663.26,45.0571,3.00069,0,0,-0.997519,-0.0703944,300,255,1,'','',0,-1,533.333),
(@OGUID+324,181355,0,0,0,0,0,0,0,-1,-1202.31,-2660.97,45.2863,3.07923,0,0,-0.999514,-0.0311753,300,255,1,'','',0,-1,533.333),
(@OGUID+325,188020,0,0,0,0,0,0,0,-1,-1210.76,-2688.07,46.5476,3.04389,0,0,-0.998807,-0.0488324,300,255,1,'','',0,-1,533.333),
(@OGUID+326,181355,0,0,0,0,0,0,0,-1,-1211,-2691.65,47.1091,3.00069,0,0,-0.997519,-0.0703919,300,255,1,'','',0,-1,533.333),
(@OGUID+327,188020,0,0,0,0,0,0,0,-1,-1242.74,-2683.1,46.4101,6.1737,0,0,-0.0547167,0.998502,300,255,1,'','',0,-1,533.333),
(@OGUID+328,181355,0,0,0,0,0,0,0,-1,-1242.56,-2685.12,46.2769,0.0004673,0,0,-0.000255102,-1,300,255,1,'','',0,-1,533.333),
(@OGUID+329,188020,0,0,0,0,0,0,0,-1,-1237.61,-2655.2,47.1193,6.11872,0,0,-0.0821384,0.996621,300,255,1,'','',0,-1,533.333),
(@OGUID+330,181355,0,0,0,0,0,0,0,-1,-1236.42,-2653.12,47.108,6.07942,0,0,-0.101704,0.994815,300,255,1,'','',0,-1,533.333),
(@OGUID+331,181605,0,0,0,0,0,0,0,-1,-1217.4,-2651.91,46.8723,5.46681,0,0,-0.396946,0.917842,300,255,1,'','',0,-1,533.333),
(@OGUID+332,188021,0,0,0,0,0,0,0,-1,191.853,-2125.6,103.246,3.58942,0,0,-0.975036,0.222048,300,255,1,'','',0,-1,533.333),
(@OGUID+333,188174,0,0,0,0,0,0,0,-1,190.763,-2125.71,103.252,0.632396,0,0,-0.310955,-0.950425,300,255,1,'','',0,-1,533.333),
(@OGUID+334,181306,0,0,0,0,0,0,0,-1,188.708,-2130.77,102.842,5.91812,0,0,-0.181521,0.983387,300,255,1,'','',0,-1,533.333),
(@OGUID+335,187938,0,0,0,0,0,0,0,-1,181.525,-2135.54,102.066,5.21441,0,0,-0.509315,0.86058,300,255,1,'','',0,-1,533.333),
(@OGUID+336,181288,0,0,0,0,0,0,0,-1,181.525,-2135.54,102.066,5.21441,0,0,-0.509315,0.86058,300,255,1,'','',0,-1,533.333),
(@OGUID+337,181371,0,0,0,0,0,0,0,-1,181.525,-2135.54,102.066,5.21441,0,0,-0.509315,0.86058,300,255,1,'','',0,-1,533.333),
(@OGUID+338,181290,0,0,0,0,0,0,0,-1,181.525,-2135.54,102.066,5.21441,0,0,-0.509315,0.86058,300,0,1,'','',0,-1,533.333),
(@OGUID+339,181308,0,0,0,0,0,0,0,-1,181.525,-2135.54,102.066,5.21441,0,0,-0.509315,0.86058,300,0,1,'','',0,-1,533.333),
(@OGUID+340,181605,0,0,0,0,0,0,0,-1,176.26,-2122.56,104.022,0.776898,0,0,-0.378753,-0.925498,300,255,1,'','',0,-1,533.333),
(@OGUID+341,181305,0,0,0,0,0,0,0,-1,196.425,-2123.15,103.462,3.78656,0,0,-0.948452,0.316922,300,255,1,'','',0,-1,533.333),
(@OGUID+342,181307,0,0,0,0,0,0,0,-1,195.323,-2122.23,104.452,3.46062,0,0,-0.987305,0.158836,300,255,1,'','',0,-1,533.333),
(@OGUID+343,181302,0,0,0,0,0,0,0,-1,190.411,-2127.97,103.077,4.92538,0,0,-0.62794,0.778262,300,255,1,'','',0,-1,533.333),
(@OGUID+344,181302,0,0,0,0,0,0,0,-1,192.596,-2132.13,102.977,2.22361,0,0,-0.896501,-0.443043,300,255,1,'','',0,-1,533.333),
(@OGUID+345,188020,0,0,0,0,0,0,0,-1,166.173,-2120.43,102.375,5.97939,0,0,-0.151314,0.988486,300,255,1,'','',0,-1,533.333),
(@OGUID+346,181355,0,0,0,0,0,0,0,-1,167.308,-2117.45,102.858,5.66523,0,0,-0.304087,0.952644,300,255,1,'','',0,-1,533.333),
(@OGUID+347,188020,0,0,0,0,0,0,0,-1,177.228,-2103.7,107.314,5.62832,0,0,-0.321615,0.94687,300,255,1,'','',0,-1,533.333),
(@OGUID+348,181355,0,0,0,0,0,0,0,-1,176.556,-2105.75,106.794,6.11134,0,0,-0.0858188,0.996311,300,255,1,'','',0,-1,533.333),
(@OGUID+349,181355,0,0,0,0,0,0,0,-1,197.674,-2136.32,103.979,1.56858,0,0,-0.706322,-0.707891,300,255,1,'','',0,-1,533.333),
(@OGUID+350,188020,0,0,0,0,0,0,0,-1,193.204,-2147.63,104.164,1.86782,0,0,-0.80395,-0.594697,300,255,1,'','',0,-1,533.333),
(@OGUID+351,188021,0,0,0,0,0,0,0,-1,-9774.12,-4006.28,21.853,3.54567,0,0,-0.97966,0.200667,300,255,1,'','',0,-1,533.333),
(@OGUID+352,207988,0,0,0,0,0,0,0,-1,-9766.78,-3991.13,23.5177,1.82879,0,0,-0.792194,-0.61027,300,255,1,'','',0,-1,533.333),
(@OGUID+353,181288,0,0,0,0,0,0,0,-1,-9766.78,-3991.13,23.5177,1.82879,0,0,-0.792194,-0.61027,300,255,1,'','',0,-1,533.333),
(@OGUID+354,181371,0,0,0,0,0,0,0,-1,-9766.78,-3991.13,23.5177,1.82879,0,0,-0.792194,-0.61027,300,255,1,'','',0,-1,533.333),
(@OGUID+355,181290,0,0,0,0,0,0,0,-1,-9766.78,-3991.13,23.5177,1.82879,0,0,-0.792194,-0.61027,300,0,1,'','',0,-1,533.333),
(@OGUID+356,181308,0,0,0,0,0,0,0,-1,-9766.78,-3991.13,23.5177,1.82879,0,0,-0.792194,-0.61027,300,0,1,'','',0,-1,533.333),
(@OGUID+357,181605,0,0,0,0,0,0,0,-1,-9762.42,-4012.27,24.1632,4.15751,0,0,-0.87374,0.486394,300,255,1,'','',0,-1,533.333),
(@OGUID+358,181305,0,0,0,0,0,0,0,-1,-9771.08,-4005,21.8977,3.5567,0,0,-0.978538,0.206066,300,255,1,'','',0,-1,533.333),
(@OGUID+359,181307,0,0,0,0,0,0,0,-1,-9771.23,-4006.28,22.9061,4.59735,0,0,-0.746588,0.665286,300,255,1,'','',0,-1,533.333),
(@OGUID+360,181306,0,0,0,0,0,0,0,-1,-9773.6,-4008.69,22.0101,1.67174,0,0,-0.74188,-0.670533,300,255,1,'','',0,-1,533.333),
(@OGUID+361,181302,0,0,0,0,0,0,0,-1,-9775.66,-4008.65,21.8723,0.772459,0,0,-0.376698,-0.926336,300,255,1,'','',0,-1,533.333),
(@OGUID+362,181302,0,0,0,0,0,0,0,-1,-9776.67,-4006.27,21.8368,6.00714,0,0,-0.137584,0.99049,300,255,1,'','',0,-1,533.333),
(@OGUID+363,188020,0,0,0,0,0,0,0,-1,-9762.06,-3986.08,23.281,5.88384,0,0,-0.198348,0.980132,300,255,1,'','',0,-1,533.333),
(@OGUID+364,188020,0,0,0,0,0,0,0,-1,-9757.68,-4008.31,22.5611,3.73265,0,0,-0.956649,0.291245,300,255,1,'','',0,-1,533.333),
(@OGUID+365,188020,0,0,0,0,0,0,0,-1,-9780.68,-4024.05,20.9757,3.65019,0,0,-0.96784,0.251565,300,255,1,'','',0,-1,533.333),
(@OGUID+366,188020,0,0,0,0,0,0,0,-1,-9787.84,-3999.25,19.9288,2.44853,0,0,-0.940557,-0.339636,300,255,1,'','',0,-1,533.333),
(@OGUID+367,181355,0,0,0,0,0,0,0,-1,-9780.44,-3985.39,20.3394,5.88073,0,0,-0.199872,0.979822,300,255,1,'','',0,-1,533.333),
(@OGUID+368,181355,0,0,0,0,0,0,0,-1,-9784.79,-4006.96,22.3296,4.49451,0,0,-0.779794,0.626036,300,255,1,'','',0,-1,533.333),
(@OGUID+369,181355,0,0,0,0,0,0,0,-1,-9782.14,-4020.76,21.6785,0.433988,0,0,-0.215295,-0.976549,300,255,1,'','',0,-1,533.333),
(@OGUID+370,181355,0,0,0,0,0,0,0,-1,-9756.35,-4010.27,21.8555,2.07154,0,0,-0.860256,-0.509862,300,255,1,'','',0,-1,533.333),
(@OGUID+371,187920,0,0,0,0,0,0,0,-1,-10951.8,-3217.77,41.3485,6.16417,0,0,-0.0594748,0.99823,300,255,1,'','',0,-1,533.333),
(@OGUID+372,181288,0,0,0,0,0,0,0,-1,-10951.8,-3217.77,41.3485,6.16417,0,0,-0.0594748,0.99823,300,255,1,'','',0,-1,533.333),
(@OGUID+373,181371,0,0,0,0,0,0,0,-1,-10951.8,-3217.77,41.3485,6.16417,0,0,-0.0594748,0.99823,300,255,1,'','',0,-1,533.333),
(@OGUID+374,181290,0,0,0,0,0,0,0,-1,-10951.8,-3217.77,41.3485,6.16417,0,0,-0.0594748,0.99823,300,0,1,'','',0,-1,533.333),
(@OGUID+375,181308,0,0,0,0,0,0,0,-1,-10951.8,-3217.77,41.3485,6.16417,0,0,-0.0594748,0.99823,300,0,1,'','',0,-1,533.333),
(@OGUID+376,181355,0,0,0,0,0,0,0,-1,-10968.7,-3251.11,42.5193,3.79303,0,0,-0.947421,0.31999,300,255,1,'','',0,-1,533.333),
(@OGUID+377,181355,0,0,0,0,0,0,0,-1,-10978.9,-3235.72,42.0781,3.25268,0,0,-0.998458,0.0555134,300,255,1,'','',0,-1,533.333),
(@OGUID+378,181355,0,0,0,0,0,0,0,-1,-10948.8,-3202.8,41.5866,1.05382,0,0,-0.502864,-0.864366,300,255,1,'','',0,-1,533.333),
(@OGUID+379,181355,0,0,0,0,0,0,0,-1,-10923.8,-3228.75,41.75,5.17402,0,0,-0.526587,0.850121,300,255,1,'','',0,-1,533.333),
(@OGUID+380,181605,0,0,0,0,0,0,0,-1,-8843.31,844.522,99.2025,1.07372,0,0,-0.511442,-0.859318,300,255,1,'','',0,-1,533.333),
(@OGUID+381,181355,0,0,0,0,0,0,0,-1,-8828.7,860.93,99.0818,0.209001,0,0,-0.10431,-0.994545,300,255,1,'','',0,-1,533.333),
(@OGUID+382,181355,0,0,0,0,0,0,0,-1,-8824.69,858.564,99.0881,3.9907,0,0,-0.911223,0.411914,300,255,1,'','',0,-1,533.333),
(@OGUID+383,181355,0,0,0,0,0,0,0,-1,-8822.88,854.268,99.1313,0.346452,0,0,-0.172361,-0.985034,300,255,1,'','',0,-1,533.333),
(@OGUID+384,181355,0,0,0,0,0,0,0,-1,-8824.47,850.372,99.2693,6.03116,0,0,-0.125677,0.992071,300,255,1,'','',0,-1,533.333),
(@OGUID+385,181355,0,0,0,0,0,0,0,-1,-8828.41,847.395,99.6427,5.43427,0,0,-0.411826,0.911262,300,255,1,'','',0,-1,533.333),
(@OGUID+386,181371,0,0,0,0,0,0,0,-1,-8828.78,860.785,100.887,0.560871,0,0,-0.276774,-0.960935,300,255,1,'','',0,-1,533.333),
(@OGUID+387,181290,0,0,0,0,0,0,0,-1,-4696.99,-1224.71,501.66,2.28815,0,0,-0.910327,-0.41389,300,0,1,'','',0,-1,533.333),
(@OGUID+388,181371,0,0,0,0,0,0,0,-1,-4697.36,-1221.94,502.73,5.02291,0,0,-0.589258,0.807945,300,255,1,'','',0,-1,533.333),
(@OGUID+389,181355,0,0,0,0,0,0,0,-1,-4710.7,-1227.93,501.66,4.51082,0,0,-0.774665,0.632372,300,255,1,'','',0,-1,533.333),
(@OGUID+390,181355,0,0,0,0,0,0,0,-1,-4717.9,-1224.83,501.66,4.28933,0,0,-0.839806,0.542887,300,255,1,'','',0,-1,533.333),
(@OGUID+391,181355,0,0,0,0,0,0,0,-1,-4718.86,-1217.63,501.66,3.14972,0,0,-0.999992,0.00406459,300,255,1,'','',0,-1,533.333),
(@OGUID+392,181355,0,0,0,0,0,0,0,-1,-4705.25,-1227.04,501.659,4.63806,0,0,-0.732893,0.680344,300,255,1,'','',0,-1,533.333),
(@OGUID+393,181355,0,0,0,0,0,0,0,-1,-4715.31,-1212.52,501.66,5.10144,0,0,-0.557086,0.830455,300,255,1,'','',0,-1,533.333),
(@OGUID+394,181605,0,0,0,0,0,0,0,-1,-4694.9,-1204.31,501.659,4.29054,0,0,-0.839478,0.543394,300,255,1,'','',0,-1,533.333),
(@OGUID+395,181305,0,0,0,0,0,0,0,-1,-4722.67,-1229.26,501.661,5.28799,0,0,-0.477315,0.878732,300,255,1,'','',0,-1,533.333),
(@OGUID+396,181307,0,0,0,0,0,0,0,-1,-4723.16,-1230.51,502.651,4.34159,0,0,-0.825337,0.564641,300,255,1,'','',0,-1,533.333),
(@OGUID+397,181302,0,0,0,0,0,0,0,-1,-4718.74,-1228.85,501.66,6.15586,0,0,-0.0636209,0.997974,300,255,1,'','',0,-1,533.333),
(@OGUID+398,181302,0,0,0,0,0,0,0,-1,-4716.78,-1229.74,501.66,5.49612,0,0,-0.383451,0.923561,300,255,1,'','',0,-1,533.333),
(@OGUID+399,188174,0,0,0,0,0,0,0,-1,-4699.88,-1230.99,501.659,0.944743,0,0,-0.454999,-0.890492,300,255,1,'','',0,-1,533.333),
(@OGUID+400,181332,0,0,0,0,0,0,0,-1,-8836.35,859.426,98.838,4.95125,0,0,-0.617821,0.786319,300,255,1,'','',0,-1,533.333),
(@OGUID+401,181333,0,0,0,0,0,0,0,-1,-4696.99,-1224.71,501.66,2.28815,0,0,-0.910327,-0.41389,300,255,1,'','',0,-1,533.333),
(@OGUID+402,188021,1,0,0,0,0,0,0,-1,3056.09,-3307.35,150.213,2.82654,0,0,-0.987618,-0.156876,300,255,1,'','',0,-1,533.333),
(@OGUID+403,188174,1,0,0,0,0,0,0,-1,3056.09,-3307.35,150.213,2.82654,0,0,-0.987618,-0.156876,300,255,1,'','',0,-1,533.333),
(@OGUID+404,181305,1,0,0,0,0,0,0,-1,3054.99,-3309.7,150.044,1.31857,0,0,-0.612553,-0.790429,300,255,1,'','',0,-1,533.333),
(@OGUID+405,181307,1,0,0,0,0,0,0,-1,3054.12,-3308.84,151.052,2.31996,0,0,-0.916795,-0.399359,300,255,1,'','',0,-1,533.333),
(@OGUID+406,181306,1,0,0,0,0,0,0,-1,3054.02,-3306.25,150.419,0.128696,0,0,-0.0643039,-0.99793,300,255,1,'','',0,-1,533.333),
(@OGUID+407,181302,1,0,0,0,0,0,0,-1,3057.07,-3305.9,150.377,6.03881,0,0,-0.121883,0.992544,300,255,1,'','',0,-1,533.333),
(@OGUID+408,181302,1,0,0,0,0,0,0,-1,3058.87,-3307.98,150.17,3.14464,0,0,-0.999999,0.00152366,300,255,1,'','',0,-1,533.333),
(@OGUID+409,181605,1,0,0,0,0,0,0,-1,3074.61,-3298.66,152.089,1.32643,0,0,-0.615654,-0.788016,300,255,1,'','',0,-1,533.333),
(@OGUID+410,188020,1,0,0,0,0,0,0,-1,3034.71,-3318.91,151.009,3.64336,0,0,-0.968694,0.248259,300,255,1,'','',0,-1,533.333),
(@OGUID+411,188020,1,0,0,0,0,0,0,-1,3045.65,-3280.96,155.488,2.50767,0,0,-0.950188,-0.311679,300,255,1,'','',0,-1,533.333),
(@OGUID+412,188020,1,0,0,0,0,0,0,-1,3085.71,-3293.26,153.039,6.0027,0,0,-0.139783,0.990182,300,255,1,'','',0,-1,533.333),
(@OGUID+413,188020,1,0,0,0,0,0,0,-1,3067.74,-3324.7,148.285,2.92002,0,0,-0.993869,-0.110561,300,255,1,'','',0,-1,533.333),
(@OGUID+414,181355,1,0,0,0,0,0,0,-1,3062.33,-3333.22,154.006,4.72015,0,0,-0.704358,0.709845,300,255,1,'','',0,-1,533.333),
(@OGUID+415,181355,1,0,0,0,0,0,0,-1,3042.46,-3324.48,150.325,3.40774,0,0,-0.991159,0.132683,300,255,1,'','',0,-1,533.333),
(@OGUID+416,181355,1,0,0,0,0,0,0,-1,3043.8,-3282.54,155.323,1.69165,0,0,-0.748517,-0.663115,300,255,1,'','',0,-1,533.333),
(@OGUID+417,181355,1,0,0,0,0,0,0,-1,3085.34,-3295.99,152.449,0.740526,0,0,-0.361861,-0.932232,300,255,1,'','',0,-1,533.333),
(@OGUID+418,187916,1,0,0,0,0,0,0,-1,3050.47,-3320.15,148.471,2.93886,0,0,-0.994867,-0.101195,300,255,1,'','',0,-1,533.333),
(@OGUID+419,181288,1,0,0,0,0,0,0,-1,3050.47,-3320.15,148.471,2.93886,0,0,-0.994867,-0.101195,300,255,1,'','',0,-1,533.333),
(@OGUID+420,181371,1,0,0,0,0,0,0,-1,3050.47,-3320.15,148.471,2.93886,0,0,-0.994867,-0.101195,300,255,1,'','',0,-1,533.333),
(@OGUID+421,181290,1,0,0,0,0,0,0,-1,3050.47,-3320.15,148.471,2.93886,0,0,-0.994867,-0.101195,300,0,1,'','',0,-1,533.333),
(@OGUID+422,181308,1,0,0,0,0,0,0,-1,3050.47,-3320.15,148.471,2.93886,0,0,-0.994867,-0.101195,300,0,1,'','',0,-1,533.333),
(@OGUID+423,188021,1,0,0,0,0,0,0,-1,9773.86,1011.25,1299.18,3.27506,0,0,-0.997774,0.0666833,300,255,1,'','',0,-1,533.333),
(@OGUID+424,188174,1,0,0,0,0,0,0,-1,9773.86,1011.25,1299.18,3.27506,0,0,-0.997774,0.0666833,300,255,1,'','',0,-1,533.333),
(@OGUID+425,181306,1,0,0,0,0,0,0,-1,9771.08,1005.78,1298.78,2.69875,0,0,-0.975587,-0.219614,300,255,1,'','',0,-1,533.333),
(@OGUID+426,181305,1,0,0,0,0,0,0,-1,9773.28,1015.79,1299.69,4.94893,0,0,-0.618731,0.785603,300,255,1,'','',0,-1,533.333),
(@OGUID+427,181307,1,0,0,0,0,0,0,-1,9772.55,1015.31,1300.68,4.21066,0,0,-0.860506,0.50944,300,255,1,'','',0,-1,533.333),
(@OGUID+428,181302,1,0,0,0,0,0,0,-1,9769.7,1004.47,1298.7,2.24324,0,0,-0.900805,-0.434224,300,255,1,'','',0,-1,533.333),
(@OGUID+429,181302,1,0,0,0,0,0,0,-1,9768.11,1005.96,1298.7,0.248326,0,0,-0.123844,-0.992302,300,255,1,'','',0,-1,533.333),
(@OGUID+430,181605,1,0,0,0,0,0,0,-1,9767.38,1028.93,1300.3,2.9068,0,0,-0.993117,-0.117126,300,255,1,'','',0,-1,533.333),
(@OGUID+431,187936,1,0,0,0,0,0,0,-1,9782.43,992.152,1297.32,4.35858,0,0,-0.820511,0.571631,300,255,1,'','',0,-1,533.333),
(@OGUID+432,181288,1,0,0,0,0,0,0,-1,9782.43,992.152,1297.32,4.35858,0,0,-0.820511,0.571631,300,255,1,'','',0,-1,533.333),
(@OGUID+433,181371,1,0,0,0,0,0,0,-1,9782.43,992.152,1297.32,4.35858,0,0,-0.820511,0.571631,300,255,1,'','',0,-1,533.333),
(@OGUID+434,181290,1,0,0,0,0,0,0,-1,9782.43,992.152,1297.32,4.35858,0,0,-0.820511,0.571631,300,0,1,'','',0,-1,533.333),
(@OGUID+435,181308,1,0,0,0,0,0,0,-1,9782.43,992.152,1297.32,4.35858,0,0,-0.820511,0.571631,300,0,1,'','',0,-1,533.333),
(@OGUID+436,188020,1,0,0,0,0,0,0,-1,9763.29,990.841,1297.46,4.60284,0,0,-0.744757,0.667335,300,255,1,'','',0,-1,533.333),
(@OGUID+437,188020,1,0,0,0,0,0,0,-1,9766.58,1041.47,1296.35,2.27021,0,0,-0.906579,-0.422036,300,255,1,'','',0,-1,533.333),
(@OGUID+438,188020,1,0,0,0,0,0,0,-1,9779.99,1046.83,1299.5,2.51054,0,0,-0.950633,-0.310316,300,255,1,'','',0,-1,533.333),
(@OGUID+439,188020,1,0,0,0,0,0,0,-1,9798.73,1015.45,1301.68,5.46755,0,0,-0.396607,0.917988,300,255,1,'','',0,-1,533.333),
(@OGUID+440,181355,1,0,0,0,0,0,0,-1,9759.22,1012.23,1298.23,3.87319,0,0,-0.933838,0.357697,300,255,1,'','',0,-1,533.333),
(@OGUID+441,181355,1,0,0,0,0,0,0,-1,9759.17,1003.5,1298.86,2.28276,0,0,-0.909209,-0.41634,300,255,1,'','',0,-1,533.333),
(@OGUID+442,181355,1,0,0,0,0,0,0,-1,9761.93,1031.98,1299.62,3.82607,0,0,-0.942006,0.335596,300,255,1,'','',0,-1,533.333),
(@OGUID+443,188021,1,0,0,0,0,0,0,-1,-68.3347,1303.64,90.4511,3.02457,0,0,-0.998289,-0.0584756,300,255,1,'','',0,-1,533.333),
(@OGUID+444,188174,1,0,0,0,0,0,0,-1,-68.3347,1303.64,90.4511,1.14276,0,0,-0.540794,-0.841155,300,255,1,'','',0,-1,533.333),
(@OGUID+445,181305,1,0,0,0,0,0,0,-1,-71.468,1304.83,90.463,6.26433,0,0,-0.00942518,0.999956,300,255,1,'','',0,-1,533.333),
(@OGUID+446,181307,1,0,0,0,0,0,0,-1,-70.9517,1303.8,91.453,5.17578,0,0,-0.525842,0.850582,300,255,1,'','',0,-1,533.333),
(@OGUID+447,181306,1,0,0,0,0,0,0,-1,-67.6223,1306.12,90.4133,4.44615,0,0,-0.794704,0.606997,300,255,1,'','',0,-1,533.333),
(@OGUID+448,181302,1,0,0,0,0,0,0,-1,-65.6395,1304.17,90.4132,3.24371,0,0,-0.998697,0.0510341,300,255,1,'','',0,-1,533.333),
(@OGUID+449,181302,1,0,0,0,0,0,0,-1,-67.1746,1301.92,90.4497,2.14128,0,0,-0.877508,-0.479563,300,255,1,'','',0,-1,533.333),
(@OGUID+450,187924,1,0,0,0,0,0,0,-1,-72.5927,1269.86,90.5119,4.8658,0,0,-0.65084,0.759215,300,255,1,'','',0,-1,533.333),
(@OGUID+451,181288,1,0,0,0,0,0,0,-1,-72.5927,1269.86,90.5119,4.8658,0,0,-0.65084,0.759215,300,255,1,'','',0,-1,533.333),
(@OGUID+452,181371,1,0,0,0,0,0,0,-1,-72.5927,1269.86,90.5119,4.8658,0,0,-0.65084,0.759215,300,255,1,'','',0,-1,533.333),
(@OGUID+453,181290,1,0,0,0,0,0,0,-1,-72.5927,1269.86,90.5119,4.8658,0,0,-0.65084,0.759215,300,0,1,'','',0,-1,533.333),
(@OGUID+454,181308,1,0,0,0,0,0,0,-1,-72.5927,1269.86,90.5119,4.8658,0,0,-0.65084,0.759215,300,0,1,'','',0,-1,533.333),
(@OGUID+455,181605,1,0,0,0,0,0,0,-1,-68.3462,1321.24,90.2397,4.80613,0,0,-0.673201,0.73946,300,255,1,'','',0,-1,533.333),
(@OGUID+456,188020,1,0,0,0,0,0,0,-1,-55.1775,1327.57,89.847,1.55457,0,0,-0.701347,-0.71282,300,255,1,'','',0,-1,533.333),
(@OGUID+457,188020,1,0,0,0,0,0,0,-1,-41.7985,1284.86,91.3811,5.54439,0,0,-0.361055,0.932545,300,255,1,'','',0,-1,533.333),
(@OGUID+458,188020,1,0,0,0,0,0,0,-1,-90.1696,1298.72,90.7237,2.97456,0,0,-0.996515,-0.0834175,300,255,1,'','',0,-1,533.333),
(@OGUID+459,181355,1,0,0,0,0,0,0,-1,-78.014,1322.65,89.994,5.48391,0,0,-0.389085,0.921202,300,255,1,'','',0,-1,533.333),
(@OGUID+460,181355,1,0,0,0,0,0,0,-1,-38.9036,1317.11,95.0216,5.99912,0,0,-0.141554,0.989931,300,255,1,'','',0,-1,533.333),
(@OGUID+461,181355,1,0,0,0,0,0,0,-1,-40.5301,1289.8,92.0436,4.74013,0,0,-0.697232,0.716845,300,255,1,'','',0,-1,533.333),
(@OGUID+462,181355,1,0,0,0,0,0,0,-1,-91.2635,1289.82,91.2247,2.94628,0,0,-0.995235,-0.0975015,300,255,1,'','',0,-1,533.333),
(@OGUID+463,188021,1,0,0,0,0,0,0,-1,1427.54,1009.33,150.103,0.673841,0,0,-0.330582,-0.943777,300,255,1,'','',0,-1,533.333),
(@OGUID+464,207987,1,0,0,0,0,0,0,-1,1440.77,1020.75,150.548,1.69879,0,0,-0.75088,-0.660438,300,255,1,'','',0,-1,533.333),
(@OGUID+465,181288,1,0,0,0,0,0,0,-1,1440.77,1020.75,150.548,1.69879,0,0,-0.75088,-0.660438,300,255,1,'','',0,-1,533.333),
(@OGUID+466,181371,1,0,0,0,0,0,0,-1,1440.77,1020.75,150.548,1.69879,0,0,-0.75088,-0.660438,300,255,1,'','',0,-1,533.333),
(@OGUID+467,181290,1,0,0,0,0,0,0,-1,1440.77,1020.75,150.548,1.69879,0,0,-0.75088,-0.660438,300,0,1,'','',0,-1,533.333),
(@OGUID+468,181308,1,0,0,0,0,0,0,-1,1440.77,1020.75,150.548,1.69879,0,0,-0.75088,-0.660438,300,0,1,'','',0,-1,533.333),
(@OGUID+469,181305,1,0,0,0,0,0,0,-1,1429.96,1005.99,149.825,2.36088,0,0,-0.924774,-0.380518,300,255,1,'','',0,-1,533.333),
(@OGUID+470,181307,1,0,0,0,0,0,0,-1,1429.12,1005.75,150.828,3.29943,0,0,-0.996888,0.0788374,300,255,1,'','',0,-1,533.333),
(@OGUID+471,188174,1,0,0,0,0,0,0,-1,1428.23,1008.56,150.018,2.19909,0,0,-0.891001,-0.454002,300,255,1,'','',0,-1,533.333),
(@OGUID+472,181306,1,0,0,0,0,0,0,-1,1424.44,1010.19,150.46,1.22519,0,0,-0.574994,-0.818158,300,255,1,'','',0,-1,533.333),
(@OGUID+473,181302,1,0,0,0,0,0,0,-1,1427.22,1012.36,150.465,2.51953,0,0,-0.952019,-0.30604,300,255,1,'','',0,-1,533.333),
(@OGUID+474,181302,1,0,0,0,0,0,0,-1,1429.06,1012.62,150.404,0.917318,0,0,-0.442746,-0.896647,300,255,1,'','',0,-1,533.333),
(@OGUID+475,181605,1,0,0,0,0,0,0,-1,1431.57,990.976,154.038,1.43296,0,0,-0.656735,-0.754121,300,255,1,'','',0,-1,533.333),
(@OGUID+476,188020,1,0,0,0,0,0,0,-1,1405.75,1002.63,152.959,1.55625,0,0,-0.701944,-0.712232,300,255,1,'','',0,-1,533.333),
(@OGUID+477,188020,1,0,0,0,0,0,0,-1,1421.55,994.09,150.526,0.688371,0,0,-0.33743,-0.941351,300,255,1,'','',0,-1,533.333),
(@OGUID+478,181355,1,0,0,0,0,0,0,-1,1407.88,1002.51,152.571,1.72667,0,0,-0.760014,-0.649907,300,255,1,'','',0,-1,533.333),
(@OGUID+479,181355,1,0,0,0,0,0,0,-1,1448.7,1005.48,148.598,0.289389,0,0,-0.14419,-0.98955,300,255,1,'','',0,-1,533.333),
(@OGUID+480,188020,1,0,0,0,0,0,0,-1,1446.95,1013.27,149.781,0.525007,0,0,-0.259499,-0.965743,300,255,1,'','',0,-1,533.333),
(@OGUID+481,188021,1,0,0,0,0,0,0,-1,-4385.71,2182.22,11.2872,1.1512,0,0,-0.544338,-0.838866,300,255,1,'','',0,-1,533.333),
(@OGUID+482,188174,1,0,0,0,0,0,0,-1,-4384.29,2183.33,11.5721,4.40275,0,0,-0.807685,0.589614,300,255,1,'','',0,-1,533.333),
(@OGUID+483,181305,1,0,0,0,0,0,0,-1,-4394.03,2177.06,12.8005,1.06247,0,0,-0.5066,-0.862181,300,255,1,'','',0,-1,533.333),
(@OGUID+484,181307,1,0,0,0,0,0,0,-1,-4392.97,2177.21,13.7906,0.100362,0,0,-0.0501596,-0.998741,300,255,1,'','',0,-1,533.333),
(@OGUID+485,181306,1,0,0,0,0,0,0,-1,-4389.56,2182.4,11.8377,6.02306,0,0,-0.129699,0.991553,300,255,1,'','',0,-1,533.333),
(@OGUID+486,181302,1,0,0,0,0,0,0,-1,-4389.08,2178.87,12.3708,1.06326,0,0,-0.506939,-0.861982,300,255,1,'','',0,-1,533.333),
(@OGUID+487,181302,1,0,0,0,0,0,0,-1,-4390.44,2180.92,12.1573,5.3319,0,0,-0.45791,0.888999,300,255,1,'','',0,-1,533.333),
(@OGUID+488,187929,1,0,0,0,0,0,0,-1,-4401.25,2166.19,11.1289,5.94056,0,0,-0.170478,0.985362,300,255,1,'','',0,-1,533.333),
(@OGUID+489,181288,1,0,0,0,0,0,0,-1,-4401.25,2166.19,11.1289,5.94056,0,0,-0.170478,0.985362,300,255,1,'','',0,-1,533.333),
(@OGUID+490,181371,1,0,0,0,0,0,0,-1,-4401.25,2166.19,11.1289,5.94056,0,0,-0.170478,0.985362,300,255,1,'','',0,-1,533.333),
(@OGUID+491,181290,1,0,0,0,0,0,0,-1,-4401.25,2166.19,11.1289,5.94056,0,0,-0.170478,0.985362,300,0,1,'','',0,-1,533.333),
(@OGUID+492,181308,1,0,0,0,0,0,0,-1,-4401.25,2166.19,11.1289,5.94056,0,0,-0.170478,0.985362,300,0,1,'','',0,-1,533.333),
(@OGUID+493,181605,1,0,0,0,0,0,0,-1,-4380.27,2170.03,15.6547,5.873,0,0,-0.203656,0.979043,300,255,1,'','',0,-1,533.333),
(@OGUID+494,181355,1,0,0,0,0,0,0,-1,-4415.84,2194.17,9.92365,2.9909,0,0,-0.997163,-0.0752763,300,255,1,'','',0,-1,533.333),
(@OGUID+495,181355,1,0,0,0,0,0,0,-1,-4414.91,2199.48,9.34991,2.9532,0,0,-0.995567,-0.094058,300,255,1,'','',0,-1,533.333),
(@OGUID+496,188020,1,0,0,0,0,0,0,-1,-4417.9,2184.08,11.7499,3.23202,0,0,-0.998978,0.0451977,300,255,1,'','',0,-1,533.333),
(@OGUID+497,188020,1,0,0,0,0,0,0,-1,-4380.37,2201.74,10.1938,0.514525,0,0,-0.254434,-0.96709,300,255,1,'','',0,-1,533.333),
(@OGUID+498,188020,1,0,0,0,0,0,0,-1,-4410.27,2212.44,8.4467,2.72936,0,0,-0.978833,-0.204662,300,255,1,'','',0,-1,533.333),
(@OGUID+499,181355,1,0,0,0,0,0,0,-1,-4391.62,2205.49,9.86472,0.21686,0,0,-0.108218,-0.994127,300,255,1,'','',0,-1,533.333),
(@OGUID+500,181355,1,0,0,0,0,0,0,-1,-4373.3,2176.8,14.2775,0.460318,0,0,-0.228132,-0.97363,300,255,1,'','',0,-1,533.333),
(@OGUID+501,188021,1,0,0,0,0,0,0,-1,-3319.27,-2205.74,92.0273,6.20325,0,0,-0.0399579,0.999201,300,255,1,'','',0,-1,533.333),
(@OGUID+502,188174,1,0,0,0,0,0,0,-1,-3319.27,-2205.74,92.0273,6.20325,0,0,-0.0399579,0.999201,300,255,1,'','',0,-1,533.333),
(@OGUID+503,207985,1,0,0,0,0,0,0,-1,-3295.92,-2206.51,92.1926,4.2751,0,0,-0.843648,0.536896,300,255,1,'','',0,-1,533.333),
(@OGUID+504,181288,1,0,0,0,0,0,0,-1,-3295.92,-2206.51,92.1926,4.2751,0,0,-0.843648,0.536896,300,255,1,'','',0,-1,533.333),
(@OGUID+505,181371,1,0,0,0,0,0,0,-1,-3295.92,-2206.51,92.1926,4.2751,0,0,-0.843648,0.536896,300,255,1,'','',0,-1,533.333),
(@OGUID+506,181290,1,0,0,0,0,0,0,-1,-3295.92,-2206.51,92.1926,4.2751,0,0,-0.843648,0.536896,300,0,1,'','',0,-1,533.333),
(@OGUID+507,181308,1,0,0,0,0,0,0,-1,-3295.92,-2206.51,92.1926,4.2751,0,0,-0.843648,0.536896,300,0,1,'','',0,-1,533.333),
(@OGUID+508,181305,1,0,0,0,0,0,0,-1,-3320.04,-2210.14,91.935,1.45869,0,0,-0.66638,-0.745613,300,255,1,'','',0,-1,533.333),
(@OGUID+509,181307,1,0,0,0,0,0,0,-1,-3320.04,-2210.14,92.925,1.45869,0,0,-0.66638,-0.745613,300,255,1,'','',0,-1,533.333),
(@OGUID+510,181306,1,0,0,0,0,0,0,-1,-3321.24,-2205.85,92.0213,3.31379,0,0,-0.996296,0.0859942,300,255,1,'','',0,-1,533.333),
(@OGUID+511,181302,1,0,0,0,0,0,0,-1,-3318.21,-2203.28,92.0862,4.84375,0,0,-0.659173,0.751991,300,255,1,'','',0,-1,533.333),
(@OGUID+512,181302,1,0,0,0,0,0,0,-1,-3316.81,-2205.3,92.0452,3.33579,0,0,-0.99529,0.0969443,300,255,1,'','',0,-1,533.333),
(@OGUID+513,181605,1,0,0,0,0,0,0,-1,-3334.12,-2205.98,91.9898,1.90321,0,0,-0.814349,-0.580375,300,255,1,'','',0,-1,533.333),
(@OGUID+514,188020,1,0,0,0,0,0,0,-1,-3331.52,-2182.9,93.2395,2.00071,0,0,-0.841662,-0.540006,300,255,1,'','',0,-1,533.333),
(@OGUID+515,188020,1,0,0,0,0,0,0,-1,-3313.07,-2169.63,94.5799,5.21301,0,0,-0.509918,0.860223,300,255,1,'','',0,-1,533.333),
(@OGUID+516,181355,1,0,0,0,0,0,0,-1,-3315.43,-2171.08,94.3019,5.23656,0,0,-0.499752,0.866169,300,255,1,'','',0,-1,533.333),
(@OGUID+517,181355,1,0,0,0,0,0,0,-1,-3329.47,-2181.66,93.2658,5.0174,0,0,-0.591478,0.806321,300,255,1,'','',0,-1,533.333),
(@OGUID+518,188020,1,0,0,0,0,0,0,-1,-3325.4,-2226.33,92.1155,4.90117,0,0,-0.637315,0.770604,300,255,1,'','',0,-1,533.333),
(@OGUID+519,181355,1,0,0,0,0,0,0,-1,-3309.76,-2221.59,92.2855,6.1421,0,0,-0.0704862,0.997513,300,255,1,'','',0,-1,533.333),
(@OGUID+520,188020,1,0,0,0,0,0,0,-1,-3290.84,-2218.07,92.3039,0.119659,0,0,-0.059794,-0.998211,300,255,1,'','',0,-1,533.333),
(@OGUID+521,181355,1,0,0,0,0,0,0,-1,-3341.45,-2191.96,92.4915,0.840651,0,0,-0.408058,-0.912956,300,255,1,'','',0,-1,533.333),
(@OGUID+522,188021,1,0,0,0,0,0,0,-1,-7042.86,-3902.06,9.18617,6.20148,0,0,-0.0408426,0.999166,300,255,1,'','',0,-1,533.333),
(@OGUID+523,188174,1,0,0,0,0,0,0,-1,-7042.86,-3902.06,9.18617,2.59179,0,0,-0.962452,-0.271453,300,255,1,'','',0,-1,533.333),
(@OGUID+524,187945,1,0,0,0,0,0,0,-1,-7020.07,-3896.69,10.9889,5.86535,0,0,-0.207401,0.978256,300,255,1,'','',0,-1,533.333),
(@OGUID+525,181288,1,0,0,0,0,0,0,-1,-7020.07,-3896.69,10.9889,5.86535,0,0,-0.207401,0.978256,300,255,1,'','',0,-1,533.333),
(@OGUID+526,181371,1,0,0,0,0,0,0,-1,-7020.07,-3896.69,10.9889,5.86535,0,0,-0.207401,0.978256,300,255,1,'','',0,-1,533.333),
(@OGUID+527,181290,1,0,0,0,0,0,0,-1,-7020.07,-3896.69,10.9889,5.86535,0,0,-0.207401,0.978256,300,0,1,'','',0,-1,533.333),
(@OGUID+528,181308,1,0,0,0,0,0,0,-1,-7020.07,-3896.69,10.9889,5.86535,0,0,-0.207401,0.978256,300,0,1,'','',0,-1,533.333),
(@OGUID+529,181605,1,0,0,0,0,0,0,-1,-7038.5,-3922.07,11.2967,2.20933,0,0,-0.893313,-0.449436,300,255,1,'','',0,-1,533.333),
(@OGUID+530,181305,1,0,0,0,0,0,0,-1,-7042.3,-3897.85,9.18719,4.69355,0,0,-0.713737,0.700414,300,255,1,'','',0,-1,533.333),
(@OGUID+531,181307,1,0,0,0,0,0,0,-1,-7043.04,-3898.3,10.1787,3.73144,0,0,-0.956825,0.290665,300,255,1,'','',0,-1,533.333),
(@OGUID+532,181306,1,0,0,0,0,0,0,-1,-7041.19,-3901.64,9.1865,2.56905,0,0,-0.959303,-0.282379,300,255,1,'','',0,-1,533.333),
(@OGUID+533,181302,1,0,0,0,0,0,0,-1,-7045.08,-3901.54,9.18734,1.89753,0,0,-0.812697,-0.582687,300,255,1,'','',0,-1,533.333),
(@OGUID+534,181302,1,0,0,0,0,0,0,-1,-7043.55,-3903.38,9.18734,5.72242,0,0,-0.276724,0.96095,300,255,1,'','',0,-1,533.333),
(@OGUID+535,188020,1,0,0,0,0,0,0,-1,-7053.99,-3929.32,11.0396,4.20816,0,0,-0.861141,0.508366,300,255,1,'','',0,-1,533.333),
(@OGUID+536,188020,1,0,0,0,0,0,0,-1,-7062.12,-3923.88,11.2118,4.2278,0,0,-0.856108,0.516797,300,255,1,'','',0,-1,533.333),
(@OGUID+537,188020,1,0,0,0,0,0,0,-1,-7040.83,-3882.4,9.20795,1.12154,0,0,-0.531841,-0.846845,300,255,1,'','',0,-1,533.333),
(@OGUID+538,188020,1,0,0,0,0,0,0,-1,-7027.98,-3884.33,9.6482,1.24485,0,0,-0.583007,-0.812467,300,255,1,'','',0,-1,533.333),
(@OGUID+539,181355,1,0,0,0,0,0,0,-1,-7027.38,-3915.7,10.3786,5.10901,0,0,-0.55394,0.832557,300,255,1,'','',0,-1,533.333),
(@OGUID+540,181355,1,0,0,0,0,0,0,-1,-7013.84,-3910.77,10.816,3.55393,0,0,-0.978823,0.20471,300,255,1,'','',0,-1,533.333),
(@OGUID+541,181355,1,0,0,0,0,0,0,-1,-7058.43,-3886.06,9.64418,1.69253,0,0,-0.748811,-0.662783,300,255,1,'','',0,-1,533.333),
(@OGUID+542,181355,1,0,0,0,0,0,0,-1,-7043.54,-3880.44,9.31919,0.812888,0,0,-0.395346,-0.918532,300,255,1,'','',0,-1,533.333),
(@OGUID+543,188021,1,0,0,0,0,0,0,-1,-7527.28,-1683.01,-280.96,3.24135,0,0,-0.998756,0.0498569,300,255,1,'','',0,-1,533.333),
(@OGUID+544,188174,1,0,0,0,0,0,0,-1,-7527.28,-1683.01,-280.96,3.24135,0,0,-0.998756,0.0498569,300,255,1,'','',0,-1,533.333),
(@OGUID+545,181305,1,0,0,0,0,0,0,-1,-7527.69,-1679.65,-280.922,4.88676,0,0,-0.642849,0.765993,300,255,1,'','',0,-1,533.333),
(@OGUID+546,181307,1,0,0,0,0,0,0,-1,-7527.69,-1679.65,-279.932,5.11061,0,0,-0.553271,0.833001,300,255,1,'','',0,-1,533.333),
(@OGUID+547,181306,1,0,0,0,0,0,0,-1,-7524.86,-1679.22,-281.225,3.33169,0,0,-0.995486,0.0949066,300,255,1,'','',0,-1,533.333),
(@OGUID+548,181302,1,0,0,0,0,0,0,-1,-7524.56,-1683.58,-281.115,3.04895,0,0,-0.998927,-0.0463059,300,255,1,'','',0,-1,533.333),
(@OGUID+549,181302,1,0,0,0,0,0,0,-1,-7527.05,-1685.73,-280.726,1.75697,0,0,-0.769772,-0.638319,300,255,1,'','',0,-1,533.333),
(@OGUID+550,207993,1,0,0,0,0,0,0,-1,-7527.44,-1697.8,-279,3.9957,0,0,-0.910191,0.414189,300,255,1,'','',0,-1,533.333),
(@OGUID+551,181288,1,0,0,0,0,0,0,-1,-7527.44,-1697.8,-279,3.9957,0,0,-0.910191,0.414189,300,255,1,'','',0,-1,533.333),
(@OGUID+552,181371,1,0,0,0,0,0,0,-1,-7527.44,-1697.8,-279,3.9957,0,0,-0.910191,0.414189,300,255,1,'','',0,-1,533.333),
(@OGUID+553,181290,1,0,0,0,0,0,0,-1,-7527.44,-1697.8,-279,3.9957,0,0,-0.910191,0.414189,300,0,1,'','',0,-1,533.333),
(@OGUID+554,181308,1,0,0,0,0,0,0,-1,-7527.44,-1697.8,-279,3.9957,0,0,-0.910191,0.414189,300,0,1,'','',0,-1,533.333),
(@OGUID+555,181605,1,0,0,0,0,0,0,-1,-7505.85,-1693.49,-276.698,6.11863,0,0,-0.0821859,0.996617,300,255,1,'','',0,-1,533.333),
(@OGUID+556,188020,1,0,0,0,0,0,0,-1,-7514.53,-1701.1,-278.351,4.20651,0,0,-0.861562,0.507652,300,255,1,'','',0,-1,533.333),
(@OGUID+557,188020,1,0,0,0,0,0,0,-1,-7511.01,-1678.03,-281.268,0.495506,0,0,-0.245226,-0.969466,300,255,1,'','',0,-1,533.333),
(@OGUID+558,188020,1,0,0,0,0,0,0,-1,-7541.32,-1674.39,-277.389,2.81244,0,0,-0.986488,-0.163836,300,255,1,'','',0,-1,533.333),
(@OGUID+559,181355,1,0,0,0,0,0,0,-1,-7538.57,-1669.14,-277.316,1.78121,0,0,-0.777452,-0.628942,300,255,1,'','',0,-1,533.333),
(@OGUID+560,181355,1,0,0,0,0,0,0,-1,-7507.11,-1681.7,-280.311,3.91672,0,0,-0.925833,0.377934,300,255,1,'','',0,-1,533.333),
(@OGUID+561,181355,1,0,0,0,0,0,0,-1,-7524.45,-1706.58,-278.786,3.83425,0,0,-0.940625,0.339447,300,255,1,'','',0,-1,533.333),
(@OGUID+562,188021,1,0,0,0,0,0,0,-1,7275.59,-152.206,14.3108,5.10113,0,0,-0.557213,0.83037,300,255,1,'','',0,-1,533.333),
(@OGUID+563,188174,1,0,0,0,0,0,0,-1,7275.59,-152.206,14.3108,5.10113,0,0,-0.557213,0.83037,300,255,1,'','',0,-1,533.333),
(@OGUID+564,181305,1,0,0,0,0,0,0,-1,7272.66,-153.896,14.4313,0.502629,0,0,-0.248677,-0.968586,300,255,1,'','',0,-1,533.333),
(@OGUID+565,181307,1,0,0,0,0,0,0,-1,7272.66,-153.896,15.4218,0.502629,0,0,-0.248677,-0.968586,300,255,1,'','',0,-1,533.333),
(@OGUID+566,181306,1,0,0,0,0,0,0,-1,7275.35,-150.218,14.3762,0.789298,0,0,-0.384484,-0.923132,300,255,1,'','',0,-1,533.333),
(@OGUID+567,181302,1,0,0,0,0,0,0,-1,7277.77,-150.767,14.3421,5.57631,0,0,-0.346125,0.938188,300,255,1,'','',0,-1,533.333),
(@OGUID+568,181302,1,0,0,0,0,0,0,-1,7277.93,-153.157,14.2299,3.78561,0,0,-0.948602,0.316473,300,255,1,'','',0,-1,533.333),
(@OGUID+569,187923,1,0,0,0,0,0,0,-1,7262.09,-143.306,15.0541,1.55036,0,0,-0.699843,-0.714297,300,255,1,'','',0,-1,533.333),
(@OGUID+570,181288,1,0,0,0,0,0,0,-1,7262.09,-143.306,15.0541,1.55036,0,0,-0.699843,-0.714297,300,255,1,'','',0,-1,533.333),
(@OGUID+571,181371,1,0,0,0,0,0,0,-1,7262.09,-143.306,15.0541,1.55036,0,0,-0.699843,-0.714297,300,255,1,'','',0,-1,533.333),
(@OGUID+572,181290,1,0,0,0,0,0,0,-1,7262.09,-143.306,15.0541,1.55036,0,0,-0.699843,-0.714297,300,0,1,'','',0,-1,533.333),
(@OGUID+573,181308,1,0,0,0,0,0,0,-1,7262.09,-143.306,15.0541,1.55036,0,0,-0.699843,-0.714297,300,0,1,'','',0,-1,533.333),
(@OGUID+574,181605,1,0,0,0,0,0,0,-1,7268.53,-163.008,15.6503,5.35168,0,0,-0.449097,0.893483,300,255,1,'','',0,-1,533.333),
(@OGUID+575,188020,1,0,0,0,0,0,0,-1,7254.58,-168.237,17.1838,1.33513,0,0,-0.619077,-0.78533,300,255,1,'','',0,-1,533.333),
(@OGUID+576,188020,1,0,0,0,0,0,0,-1,7271.56,-174.355,14.2048,1.14271,0,0,-0.540774,-0.841168,300,255,1,'','',0,-1,533.333),
(@OGUID+577,188020,1,0,0,0,0,0,0,-1,7296.77,-153.107,13.4526,0.392664,0,0,-0.195073,-0.980789,300,255,1,'','',0,-1,533.333),
(@OGUID+578,181355,1,0,0,0,0,0,0,-1,7287.26,-141.193,14.3912,1.49222,0,0,-0.678787,-0.734336,300,255,1,'','',0,-1,533.333),
(@OGUID+579,181355,1,0,0,0,0,0,0,-1,7263.14,-170.208,15.6759,2.86274,0,0,-0.990296,-0.138974,300,255,1,'','',0,-1,533.333),
(@OGUID+580,188020,1,0,0,0,0,0,0,-1,7264.42,-133.517,15.569,0.946371,0,0,-0.455724,-0.890121,300,255,1,'','',0,-1,533.333),
(@OGUID+581,181355,1,0,0,0,0,0,0,-1,7278.01,-138.268,14.9346,2.04983,0,0,-0.854671,-0.519169,300,255,1,'','',0,-1,533.333),
(@OGUID+582,188021,1,0,0,0,0,0,0,-1,-3449.29,-4223.16,11.2371,2.48677,0,0,-0.946878,-0.321592,300,255,1,'','',0,-1,533.333),
(@OGUID+583,188174,1,0,0,0,0,0,0,-1,-3449.29,-4223.16,11.2371,2.48677,0,0,-0.946878,-0.321592,300,255,1,'','',0,-1,533.333),
(@OGUID+584,181305,1,0,0,0,0,0,0,-1,-3452.14,-4220.13,11.3104,2.65337,0,0,-0.970352,-0.241696,300,255,1,'','',0,-1,533.333),
(@OGUID+585,181307,1,0,0,0,0,0,0,-1,-3452.14,-4220.13,12.3014,5.76746,0,0,-0.255017,0.966937,300,255,1,'','',0,-1,533.333),
(@OGUID+586,181306,1,0,0,0,0,0,0,-1,-3447.01,-4228.62,10.9074,3.39164,0,0,-0.992195,0.124697,300,255,1,'','',0,-1,533.333),
(@OGUID+587,181302,1,0,0,0,0,0,0,-1,-3449.05,-4228.13,10.9818,5.31585,0,0,-0.465029,0.885296,300,255,1,'','',0,-1,533.333),
(@OGUID+588,181302,1,0,0,0,0,0,0,-1,-3449.39,-4231.49,10.8707,1.00401,0,0,-0.481184,-0.87662,300,255,1,'','',0,-1,533.333),
(@OGUID+589,187927,1,0,0,0,0,0,0,-1,-3434.8,-4236.32,9.95921,2.45941,0,0,-0.942391,-0.334513,300,255,1,'','',0,-1,533.333),
(@OGUID+590,181288,1,0,0,0,0,0,0,-1,-3434.8,-4236.32,9.95921,2.45941,0,0,-0.942391,-0.334513,300,255,1,'','',0,-1,533.333),
(@OGUID+591,181371,1,0,0,0,0,0,0,-1,-3434.8,-4236.32,9.95921,2.45941,0,0,-0.942391,-0.334513,300,255,1,'','',0,-1,533.333),
(@OGUID+592,181290,1,0,0,0,0,0,0,-1,-3434.8,-4236.32,9.95921,2.45941,0,0,-0.942391,-0.334513,300,0,1,'','',0,-1,533.333),
(@OGUID+593,181308,1,0,0,0,0,0,0,-1,-3434.8,-4236.32,9.95921,2.45941,0,0,-0.942391,-0.334513,300,0,1,'','',0,-1,533.333),
(@OGUID+594,181605,1,0,0,0,0,0,0,-1,-3458.41,-4238.14,10.6748,3.87313,0,0,-0.933849,0.357667,300,255,1,'','',0,-1,533.333),
(@OGUID+595,188020,1,0,0,0,0,0,0,-1,-3456.65,-4203.36,10.6071,6.06131,0,0,-0.110711,0.993853,300,255,1,'','',0,-1,533.333),
(@OGUID+596,181355,1,0,0,0,0,0,0,-1,-3462.04,-4222.26,10.0647,5.88851,0,0,-0.196059,0.980592,300,255,1,'','',0,-1,533.333),
(@OGUID+597,188020,1,0,0,0,0,0,0,-1,-3470.15,-4233.63,9.62765,5.48403,0,0,-0.389031,0.921225,300,255,1,'','',0,-1,533.333),
(@OGUID+598,181355,1,0,0,0,0,0,0,-1,-3458.24,-4214.72,10.4902,6.26156,0,0,-0.0108093,0.999942,300,255,1,'','',0,-1,533.333),
(@OGUID+599,188020,1,0,0,0,0,0,0,-1,-3422.55,-4219.43,10.1931,0.634196,0,0,-0.31181,-0.950144,300,255,1,'','',0,-1,533.333),
(@OGUID+600,188020,1,0,0,0,0,0,0,-1,-3470.22,-4204.81,10.4376,3.0493,0,0,-0.998935,-0.0461321,300,255,1,'','',0,-1,533.333),
(@OGUID+601,188020,1,0,0,0,0,0,0,-1,-3472.93,-4218.77,9.48579,3.02181,0,0,-0.998207,-0.059856,300,255,1,'','',0,-1,533.333),
(@OGUID+602,181355,1,0,0,0,0,0,0,-1,-3470.72,-4210.43,9.9531,1.58767,0,0,-0.713046,-0.701117,300,255,1,'','',0,-1,533.333),
(@OGUID+603,188021,1,0,0,0,0,0,0,-1,-6777.14,572.138,4.97786,3.59724,0,0,-0.97416,0.22586,300,255,1,'','',0,-1,533.333),
(@OGUID+604,188174,1,0,0,0,0,0,0,-1,-6777.14,572.138,4.97786,1.90864,0,0,-0.81592,-0.578164,300,255,1,'','',0,-1,533.333),
(@OGUID+605,187943,1,0,0,0,0,0,0,-1,-6765.72,576.43,5.08813,4.18807,0,0,-0.866206,0.499687,300,255,1,'','',0,-1,533.333),
(@OGUID+606,181288,1,0,0,0,0,0,0,-1,-6765.72,576.43,5.08813,4.18807,0,0,-0.866206,0.499687,300,255,1,'','',0,-1,533.333),
(@OGUID+607,181371,1,0,0,0,0,0,0,-1,-6765.72,576.43,5.08813,4.18807,0,0,-0.866206,0.499687,300,255,1,'','',0,-1,533.333),
(@OGUID+608,181290,1,0,0,0,0,0,0,-1,-6765.72,576.43,5.08813,4.18807,0,0,-0.866206,0.499687,300,0,1,'','',0,-1,533.333),
(@OGUID+609,181308,1,0,0,0,0,0,0,-1,-6765.72,576.43,5.08813,4.18807,0,0,-0.866206,0.499687,300,0,1,'','',0,-1,533.333),
(@OGUID+610,181305,1,0,0,0,0,0,0,-1,-6776.14,569.243,4.88871,2.02587,0,0,-0.848389,-0.529373,300,255,1,'','',0,-1,533.333),
(@OGUID+611,181307,1,0,0,0,0,0,0,-1,-6776.14,569.243,5.87909,2.02587,0,0,-0.848389,-0.529373,300,255,1,'','',0,-1,533.333),
(@OGUID+612,181306,1,0,0,0,0,0,0,-1,-6779.39,572.908,4.94442,0.294067,0,0,-0.146504,-0.98921,300,255,1,'','',0,-1,533.333),
(@OGUID+613,181302,1,0,0,0,0,0,0,-1,-6778.24,574.697,5.00534,5.29313,0,0,-0.475055,0.879956,300,255,1,'','',0,-1,533.333),
(@OGUID+614,181302,1,0,0,0,0,0,0,-1,-6775.54,573.932,5.05091,3.84408,0,0,-0.938946,0.344065,300,255,1,'','',0,-1,533.333),
(@OGUID+615,188020,1,0,0,0,0,0,0,-1,-6792.85,583.287,3.81594,2.97621,0,0,-0.996583,-0.0825994,300,255,1,'','',0,-1,533.333),
(@OGUID+616,188020,1,0,0,0,0,0,0,-1,-6787.59,553.167,3.09719,4.70015,0,0,-0.71142,0.702768,300,255,1,'','',0,-1,533.333),
(@OGUID+617,188020,1,0,0,0,0,0,0,-1,-6758.69,542.414,2.46115,5.11721,0,0,-0.550519,0.834823,300,255,1,'','',0,-1,533.333),
(@OGUID+618,181355,1,0,0,0,0,0,0,-1,-6793.2,559.353,3.56626,0.317639,0,0,-0.158153,-0.987415,300,255,1,'','',0,-1,533.333),
(@OGUID+619,181355,1,0,0,0,0,0,0,-1,-6793.39,579.177,3.81212,6.19242,0,0,-0.045367,0.99897,300,255,1,'','',0,-1,533.333),
(@OGUID+620,181355,1,0,0,0,0,0,0,-1,-6788.32,593.001,3.32563,5.75811,0,0,-0.259534,0.965734,300,255,1,'','',0,-1,533.333),
(@OGUID+621,188020,1,0,0,0,0,0,0,-1,-6777.31,599.8,2.80957,4.72532,0,0,-0.702519,0.711665,300,255,1,'','',0,-1,533.333),
(@OGUID+622,181355,1,0,0,0,0,0,0,-1,-6765.25,595.221,3.49768,4.39547,0,0,-0.809828,0.586667,300,255,1,'','',0,-1,533.333),
(@OGUID+623,181605,1,0,0,0,0,0,0,-1,-6758.17,552.468,3.83438,5.98278,0,0,-0.149639,0.988741,300,255,1,'','',0,-1,533.333),
(@OGUID+624,188021,1,0,0,0,0,0,0,-1,6837.78,-4738.58,698.653,1.65445,0,0,-0.736056,-0.67692,300,255,1,'','',0,-1,533.333),
(@OGUID+625,188174,1,0,0,0,0,0,0,-1,6837.78,-4738.58,698.653,5.55945,0,0,-0.35402,0.935238,300,255,1,'','',0,-1,533.333),
(@OGUID+626,181306,1,0,0,0,0,0,0,-1,6843.59,-4742.92,698.004,2.55375,0,0,-0.957115,-0.289708,300,255,1,'','',0,-1,533.333),
(@OGUID+627,181302,1,0,0,0,0,0,0,-1,6841.81,-4743.69,698.094,1.30497,0,0,-0.607161,-0.794579,300,255,1,'','',0,-1,533.333),
(@OGUID+628,181302,1,0,0,0,0,0,0,-1,6841.56,-4741.52,698.236,5.51471,0,0,-0.374855,0.927084,300,255,1,'','',0,-1,533.333),
(@OGUID+629,181305,1,0,0,0,0,0,0,-1,6837.47,-4734.47,698.899,1.67412,0,0,-0.742678,-0.669649,300,255,1,'','',0,-1,533.333),
(@OGUID+630,181307,1,0,0,0,0,0,0,-1,6837.47,-4734.47,699.888,3.49625,0,0,-0.984319,0.176399,300,255,1,'','',0,-1,533.333),
(@OGUID+631,187946,1,0,0,0,0,0,0,-1,6854.6,-4752.32,696.822,6.21685,0,0,-0.0331613,0.99945,300,255,1,'','',0,-1,533.333),
(@OGUID+632,181288,1,0,0,0,0,0,0,-1,6854.6,-4752.32,696.822,6.21685,0,0,-0.0331613,0.99945,300,255,1,'','',0,-1,533.333),
(@OGUID+633,181371,1,0,0,0,0,0,0,-1,6854.6,-4752.32,696.822,6.21685,0,0,-0.0331613,0.99945,300,255,1,'','',0,-1,533.333),
(@OGUID+634,181290,1,0,0,0,0,0,0,-1,6854.6,-4752.32,696.822,6.21685,0,0,-0.0331613,0.99945,300,0,1,'','',0,-1,533.333),
(@OGUID+635,181308,1,0,0,0,0,0,0,-1,6854.6,-4752.32,696.822,6.21685,0,0,-0.0331613,0.99945,300,0,1,'','',0,-1,533.333),
(@OGUID+636,181605,1,0,0,0,0,0,0,-1,6832.72,-4723.26,699.618,0.690787,0,0,-0.338567,-0.940942,300,255,1,'','',0,-1,533.333),
(@OGUID+637,188020,1,0,0,0,0,0,0,-1,6812.52,-4742.88,701.069,3.1813,0,0,-0.999803,0.0198532,300,255,1,'','',0,-1,533.333),
(@OGUID+638,188020,1,0,0,0,0,0,0,-1,6809.56,-4735.93,701.254,3.66039,0,0,-0.966544,0.256502,300,255,1,'','',0,-1,533.333),
(@OGUID+639,188020,1,0,0,0,0,0,0,-1,6853.07,-4716.08,698.892,0.785059,0,0,-0.382527,-0.923944,300,255,1,'','',0,-1,533.333),
(@OGUID+640,188020,1,0,0,0,0,0,0,-1,6836.04,-4709.32,699.91,4.70814,0,0,-0.708609,0.705602,300,255,1,'','',0,-1,533.333),
(@OGUID+641,181355,1,0,0,0,0,0,0,-1,6815.53,-4708.16,700.061,2.69359,0,0,-0.975016,-0.222133,300,255,1,'','',0,-1,533.333),
(@OGUID+642,181355,1,0,0,0,0,0,0,-1,6805.46,-4728.11,701.339,4.3335,0,0,-0.827614,0.561298,300,255,1,'','',0,-1,533.333),
(@OGUID+643,181355,1,0,0,0,0,0,0,-1,6818.86,-4752.67,700.01,4.19684,0,0,-0.864006,0.503482,300,255,1,'','',0,-1,533.333),
(@OGUID+644,181355,1,0,0,0,0,0,0,-1,6838.62,-4766.45,699.186,5.19823,0,0,-0.516261,0.856432,300,255,1,'','',0,-1,533.333),
(@OGUID+645,181334,1,0,0,0,0,0,0,-1,9984.94,2200.63,1328.47,2.28779,0,0,-0.910253,-0.414052,300,255,1,'','',0,-1,533.333),
(@OGUID+646,181371,1,0,0,0,0,0,0,-1,9984.94,2200.63,1328.47,2.28779,0,0,-0.910253,-0.414052,300,255,1,'','',0,-1,533.333),
(@OGUID+647,181308,1,0,0,0,0,0,0,-1,9984.94,2200.63,1328.47,2.28779,0,0,-0.910253,-0.414052,300,0,1,'','',0,-1,533.333),
(@OGUID+648,181290,1,0,0,0,0,0,0,-1,9984.94,2200.63,1328.47,2.28779,0,0,-0.910253,-0.414052,300,0,1,'','',0,-1,533.333),
(@OGUID+649,188021,1,0,0,0,0,0,0,-1,9964.5,2211.66,1329.36,3.15173,0,0,-0.999987,0.00506761,300,255,1,'','',0,-1,533.333),
(@OGUID+650,188174,1,0,0,0,0,0,0,-1,9964.5,2211.66,1329.36,3.15173,0,0,-0.999987,0.00506761,300,255,1,'','',0,-1,533.333),
(@OGUID+651,181355,1,0,0,0,0,0,0,-1,9959.65,2199.03,1328.16,3.11246,0,0,-0.999894,-0.0145649,300,255,1,'','',0,-1,533.333),
(@OGUID+652,181355,1,0,0,0,0,0,0,-1,9996.38,2190.48,1327.74,0.39891,0,0,-0.198135,-0.980175,300,255,1,'','',0,-1,533.333),
(@OGUID+653,181355,1,0,0,0,0,0,0,-1,10000,2192.91,1327.92,1.67911,0,0,-0.744346,-0.667794,300,255,1,'','',0,-1,533.333),
(@OGUID+654,181355,1,0,0,0,0,0,0,-1,10002.5,2198.09,1327.97,6.26191,0,0,-0.0106389,0.999943,300,255,1,'','',0,-1,533.333),
(@OGUID+655,181355,1,0,0,0,0,0,0,-1,9999.94,2203.44,1327.71,6.26583,0,0,-0.00867679,0.999962,300,255,1,'','',0,-1,533.333),
(@OGUID+656,181355,1,0,0,0,0,0,0,-1,9996.43,2206.38,1327.78,6.23756,0,0,-0.0228113,0.99974,300,255,1,'','',0,-1,533.333),
(@OGUID+657,188020,1,0,0,0,0,0,0,-1,9993.01,2219.14,1328.68,6.17159,0,0,-0.0557678,0.998444,300,255,1,'','',0,-1,533.333),
(@OGUID+658,181355,1,0,0,0,0,0,0,-1,9974.72,2185.32,1328.67,4.84032,0,0,-0.660461,0.75086,300,255,1,'','',0,-1,533.333),
(@OGUID+659,181355,1,0,0,0,0,0,0,-1,9980.62,2213.76,1328.83,0.469573,0,0,-0.232635,-0.972564,300,255,1,'','',0,-1,533.333),
(@OGUID+660,181605,1,0,0,0,0,0,0,-1,9987.25,2223.38,1328.95,1.55342,0,0,-0.700937,-0.713223,300,255,1,'','',0,-1,533.333),
(@OGUID+661,188020,1,0,0,0,0,0,0,-1,9992.87,2182.19,1327.72,4.72094,0,0,-0.704079,0.710122,300,255,1,'','',0,-1,533.333),
(@OGUID+662,188020,1,0,0,0,0,0,0,-1,9959.87,2192.25,1328.08,3.14621,0,0,-0.999997,0.00230996,300,255,1,'','',0,-1,533.333),
(@OGUID+663,181305,1,0,0,0,0,0,0,-1,9967.06,2212.77,1329.63,3.31114,0,0,-0.996409,0.0846736,300,255,1,'','',0,-1,533.333),
(@OGUID+664,181307,1,0,0,0,0,0,0,-1,9967.57,2212.85,1330.63,3.31114,0,0,-0.996409,0.0846736,300,255,1,'','',0,-1,533.333),
(@OGUID+665,181302,1,0,0,0,0,0,0,-1,9965.92,2216.53,1329.84,3.24438,0,0,-0.99868,0.0513731,300,255,1,'','',0,-1,533.333),
(@OGUID+666,181302,1,0,0,0,0,0,0,-1,9964.56,2216.11,1329.72,1.74427,0,0,-0.765705,-0.643192,300,255,1,'','',0,-1,533.333),
(@OGUID+667,181302,1,0,0,0,0,0,0,-1,9965.22,2216.25,1330.95,0.2206,0,0,-0.110077,-0.993923,300,255,1,'','',0,-1,533.333),
(@OGUID+668,188020,1,0,0,0,0,0,0,-1,9958.48,2223.58,1330.77,3.23105,0,0,-0.999,0.0447123,300,255,1,'','',0,-1,533.333),
(@OGUID+669,181355,1,0,0,0,0,0,0,-1,9958.76,2231.46,1332,0.0541027,0,0,-0.0270477,-0.999634,300,255,1,'','',0,-1,533.333),
(@OGUID+670,181336,1,0,0,0,0,0,0,-1,2050.66,-4315.16,95.472,4.46527,0,0,-0.788862,0.61457,300,255,1,'','',0,-1,533.333),
(@OGUID+671,181371,1,0,0,0,0,0,0,-1,2050.66,-4315.16,95.472,4.46527,0,0,-0.788862,0.61457,300,255,1,'','',0,-1,533.333),
(@OGUID+672,181308,1,0,0,0,0,0,0,-1,2050.66,-4315.16,95.472,4.46527,0,0,-0.788862,0.61457,300,0,1,'','',0,-1,533.333),
(@OGUID+673,181290,1,0,0,0,0,0,0,-1,2050.66,-4315.16,95.472,4.46527,0,0,-0.788862,0.61457,300,0,1,'','',0,-1,533.333),
(@OGUID+674,188021,1,0,0,0,0,0,0,-1,2050.86,-4335.4,95.4747,1.6834,0,0,-0.745775,-0.666198,300,255,1,'','',0,-1,533.333),
(@OGUID+675,188174,1,0,0,0,0,0,0,-1,2050.86,-4335.4,95.4747,1.6834,0,0,-0.745775,-0.666198,300,255,1,'','',0,-1,533.333),
(@OGUID+676,181305,1,0,0,0,0,0,0,-1,2050.56,-4333.03,95.472,1.60407,0,0,-0.718771,-0.695247,300,255,1,'','',0,-1,533.333),
(@OGUID+677,181307,1,0,0,0,0,0,0,-1,2051.19,-4332.98,96.4626,4.72366,0,0,-0.70311,0.711081,300,255,1,'','',0,-1,533.333),
(@OGUID+678,181306,1,0,0,0,0,0,0,-1,2052.67,-4336.91,95.4783,3.45917,0,0,-0.987419,0.158125,300,255,1,'','',0,-1,533.333),
(@OGUID+679,181302,1,0,0,0,0,0,0,-1,2050.48,-4340.97,95.4958,2.99972,0,0,-0.997485,-0.0708788,300,255,1,'','',0,-1,533.333),
(@OGUID+680,181302,1,0,0,0,0,0,0,-1,2052.56,-4341.49,95.4992,2.89369,0,0,-0.992328,-0.123636,300,255,1,'','',0,-1,533.333),
(@OGUID+681,181302,1,0,0,0,0,0,0,-1,2051.22,-4341.48,96.4366,2.97505,0,0,-0.996535,-0.0831749,300,255,1,'','',0,-1,533.333),
(@OGUID+682,181355,1,0,0,0,0,0,0,-1,2063.02,-4318.02,96.6311,1.31472,0,0,-0.61103,-0.791608,300,255,1,'','',0,-1,533.333),
(@OGUID+683,181355,1,0,0,0,0,0,0,-1,2063.09,-4313.74,96.6217,1.71135,0,0,-0.755013,-0.65571,300,255,1,'','',0,-1,533.333),
(@OGUID+684,181355,1,0,0,0,0,0,0,-1,2061.36,-4309.69,96.4472,2.13939,0,0,-0.877054,-0.480392,300,255,1,'','',0,-1,533.333),
(@OGUID+685,181355,1,0,0,0,0,0,0,-1,2058.23,-4306.52,96.0929,2.30825,0,0,-0.914442,-0.404718,300,255,1,'','',0,-1,533.333),
(@OGUID+686,181355,1,0,0,0,0,0,0,-1,2054.13,-4303.45,95.6201,2.92068,0,0,-0.993906,-0.110234,300,255,1,'','',0,-1,533.333),
(@OGUID+687,188020,1,0,0,0,0,0,0,-1,2036.27,-4345.39,95.5159,4.69332,0,0,-0.713818,0.700332,300,255,1,'','',0,-1,533.333),
(@OGUID+688,188020,1,0,0,0,0,0,0,-1,2019.27,-4355.33,95.49,5.67977,0,0,-0.297151,0.954831,300,255,1,'','',0,-1,533.333),
(@OGUID+689,188020,1,0,0,0,0,0,0,-1,2063.68,-4346.41,95.5254,4.5331,0,0,-0.767569,0.640966,300,255,1,'','',0,-1,533.333),
(@OGUID+690,188020,1,0,0,0,0,0,0,-1,2066.13,-4296.49,96.0666,1.25642,0,0,-0.587697,-0.809081,300,255,1,'','',0,-1,533.333),
(@OGUID+691,188020,1,0,0,0,0,0,0,-1,2040.67,-4301.13,95.4756,2.73061,0,0,-0.97896,-0.20405,300,255,1,'','',0,-1,533.333),
(@OGUID+692,181355,1,0,0,0,0,0,0,-1,2007.86,-4325.61,93.6221,3.51916,0,0,-0.982233,0.187665,300,255,1,'','',0,-1,533.333),
(@OGUID+693,181355,1,0,0,0,0,0,0,-1,1998.21,-4329.18,92.0725,3.4956,0,0,-0.984376,0.176081,300,255,1,'','',0,-1,533.333),
(@OGUID+694,181355,1,0,0,0,0,0,0,-1,1987.66,-4334.72,91.1044,3.68802,0,0,-0.962909,0.269828,300,255,1,'','',0,-1,533.333),
(@OGUID+695,181355,1,0,0,0,0,0,0,-1,1983.24,-4345.05,90.3221,4.38309,0,0,-0.813442,0.581646,300,255,1,'','',0,-1,533.333),
(@OGUID+696,188020,1,0,0,0,0,0,0,-1,2002.5,-4358.73,93.9109,3.03692,0,0,-0.998631,-0.0523124,300,255,1,'','',0,-1,533.333),
(@OGUID+697,181605,1,0,0,0,0,0,0,-1,2074.66,-4307.04,97.6942,1.09464,0,0,-0.5204,-0.853923,300,255,1,'','',0,-1,533.333),
(@OGUID+698,188021,0,0,0,0,0,0,0,-1,-1103.99,-3509.57,50.038,3.03901,0,0,-0.998685,-0.0512713,300,255,1,'','',0,-1,533.333),
(@OGUID+699,188174,0,0,0,0,0,0,0,-1,-1103.99,-3509.57,50.038,3.03901,0,0,-0.998685,-0.0512713,300,255,1,'','',0,-1,533.333),
(@OGUID+700,181305,0,0,0,0,0,0,0,-1,-1103.55,-3504.84,49.9712,4.64672,0,0,-0.729938,0.683513,300,255,1,'','',0,-1,533.333),
(@OGUID+701,181307,0,0,0,0,0,0,0,-1,-1103.55,-3504.84,50.9612,4.64672,0,0,-0.729938,0.683513,300,255,1,'','',0,-1,533.333),
(@OGUID+702,181306,0,0,0,0,0,0,0,-1,-1100.87,-3508.82,49.9871,2.79711,0,0,-0.985203,-0.17139,300,255,1,'','',0,-1,533.333),
(@OGUID+703,181302,0,0,0,0,0,0,0,-1,-1102.46,-3511.99,50.0085,1.76746,0,0,-0.773109,-0.634274,300,255,1,'','',0,-1,533.333),
(@OGUID+704,181302,0,0,0,0,0,0,0,-1,-1104.83,-3511.22,50.0969,0.797489,0,0,-0.388262,-0.921549,300,255,1,'','',0,-1,533.333),
(@OGUID+705,187947,0,0,0,0,0,0,0,-1,-1103.69,-3490.91,50.0042,6.1916,0,0,-0.0457776,0.998952,300,255,1,'','',0,-1,533.333),
(@OGUID+706,181288,0,0,0,0,0,0,0,-1,-1103.69,-3490.91,50.0042,6.1916,0,0,-0.0457776,0.998952,300,255,1,'','',0,-1,533.333),
(@OGUID+707,181371,0,0,0,0,0,0,0,-1,-1103.69,-3490.91,50.0042,6.1916,0,0,-0.0457776,0.998952,300,255,1,'','',0,-1,533.333),
(@OGUID+708,181308,0,0,0,0,0,0,0,-1,-1103.69,-3490.91,50.0042,6.1916,0,0,-0.0457776,0.998952,300,0,1,'','',0,-1,533.333),
(@OGUID+709,181290,0,0,0,0,0,0,0,-1,-1103.69,-3490.91,50.0042,6.1916,0,0,-0.0457776,0.998952,300,0,1,'','',0,-1,533.333),
(@OGUID+710,181605,0,0,0,0,0,0,0,-1,-1121.41,-3506.4,51.6703,4.50691,0,0,-0.775898,0.630858,300,255,1,'','',0,-1,533.333),
(@OGUID+711,181355,0,0,0,0,0,0,0,-1,-1094.16,-3540.26,49.9683,5.13679,0,0,-0.542321,0.840171,300,255,1,'','',0,-1,533.333),
(@OGUID+712,188020,0,0,0,0,0,0,0,-1,-1099.85,-3543.57,49.9172,5.05825,0,0,-0.574888,0.818232,300,255,1,'','',0,-1,533.333),
(@OGUID+713,188020,0,0,0,0,0,0,0,-1,-1118.44,-3543.25,50.2248,4.62,0,0,-0.739004,0.673701,300,255,1,'','',0,-1,533.333),
(@OGUID+714,188020,0,0,0,0,0,0,0,-1,-1119.28,-3560.05,49.2105,1.43914,0,0,-0.659061,-0.75209,300,255,1,'','',0,-1,533.333),
(@OGUID+715,188020,0,0,0,0,0,0,0,-1,-1095.68,-3562.78,48.9362,1.79649,0,0,-0.782236,-0.622982,300,255,1,'','',0,-1,533.333),
(@OGUID+716,181355,0,0,0,0,0,0,0,-1,-1122.67,-3541.64,50.3772,1.44228,0,0,-0.660242,-0.751053,300,255,1,'','',0,-1,533.333),
(@OGUID+717,181355,0,0,0,0,0,0,0,-1,-1109.48,-3563.4,48.3133,0.967114,0,0,-0.464931,-0.885347,300,255,1,'','',0,-1,533.333),
(@OGUID+718,181355,0,0,0,0,0,0,0,-1,-1107.68,-3563.81,48.1851,1.36924,0,0,-0.632378,-0.77466,300,255,1,'','',0,-1,533.333),
(@OGUID+719,207989,0,0,0,0,0,0,0,-1,-10929.8,-2890.36,10.556,0.112626,0,0,-0.0562833,-0.998415,300,255,1,'','',0,-1,533.333),
(@OGUID+720,181288,0,0,0,0,0,0,0,-1,-10929.8,-2890.36,10.556,0.112626,0,0,-0.0562833,-0.998415,300,255,1,'','',0,-1,533.333),
(@OGUID+721,181371,0,0,0,0,0,0,0,-1,-10929.8,-2890.36,10.556,0.112626,0,0,-0.0562833,-0.998415,300,255,1,'','',0,-1,533.333),
(@OGUID+722,181308,0,0,0,0,0,0,0,-1,-10929.8,-2890.36,10.556,0.112626,0,0,-0.0562833,-0.998415,300,0,1,'','',0,-1,533.333),
(@OGUID+723,181290,0,0,0,0,0,0,0,-1,-10929.8,-2890.36,10.556,0.112626,0,0,-0.0562833,-0.998415,300,0,1,'','',0,-1,533.333),
(@OGUID+724,188174,0,0,0,0,0,0,0,-1,-10912.3,-2891,13.3367,1.79337,0,0,-0.781261,-0.624204,300,255,1,'','',0,-1,533.333),
(@OGUID+725,188021,0,0,0,0,0,0,0,-1,-137.256,-817.146,55.2474,1.25917,0,0,-0.588809,-0.808272,300,255,1,'','',0,-1,533.333),
(@OGUID+726,188174,0,0,0,0,0,0,0,-1,-137.256,-817.146,55.2474,1.25917,0,0,-0.588809,-0.808272,300,255,1,'','',0,-1,533.333),
(@OGUID+727,187964,0,0,0,0,0,0,0,-1,-133.498,-803.903,55.1231,2.81898,0,0,-0.987018,-0.160609,300,255,1,'','',0,-1,533.333),
(@OGUID+728,181288,0,0,0,0,0,0,0,-1,-133.498,-803.903,55.1231,2.81898,0,0,-0.987018,-0.160609,300,255,1,'','',0,-1,533.333),
(@OGUID+729,181371,0,0,0,0,0,0,0,-1,-133.498,-803.903,55.1231,2.81898,0,0,-0.987018,-0.160609,300,255,1,'','',0,-1,533.333),
(@OGUID+730,181308,0,0,0,0,0,0,0,-1,-133.498,-803.903,55.1231,2.81898,0,0,-0.987018,-0.160609,300,0,1,'','',0,-1,533.333),
(@OGUID+731,181290,0,0,0,0,0,0,0,-1,-133.498,-803.903,55.1231,2.81898,0,0,-0.987018,-0.160609,300,0,1,'','',0,-1,533.333),
(@OGUID+732,181605,0,0,0,0,0,0,0,-1,-158.924,-814.011,56.627,4.25625,0,0,-0.84867,0.528922,300,255,1,'','',0,-1,533.333),
(@OGUID+733,181305,0,0,0,0,0,0,0,-1,-133.696,-818.691,55.1343,2.82214,0,0,-0.987271,-0.159048,300,255,1,'','',0,-1,533.333),
(@OGUID+734,181307,0,0,0,0,0,0,0,-1,-133.793,-818.054,56.1243,1.72258,0,0,-0.758684,-0.651459,300,255,1,'','',0,-1,533.333),
(@OGUID+735,181302,0,0,0,0,0,0,0,-1,-136.873,-813.33,55.182,2.68155,0,0,-0.973662,-0.227998,300,255,1,'','',0,-1,533.333),
(@OGUID+736,181302,0,0,0,0,0,0,0,-1,-134.986,-814.265,55.1271,2.68155,0,0,-0.973662,-0.227998,300,255,1,'','',0,-1,533.333),
(@OGUID+737,181302,0,0,0,0,0,0,0,-1,-134.986,-814.265,56.3701,2.68155,0,0,-0.973662,-0.227998,300,255,1,'','',0,-1,533.333),
(@OGUID+738,181355,0,0,0,0,0,0,0,-1,-148.246,-824.353,55.8457,4.8885,0,0,-0.642182,0.766552,300,255,1,'','',0,-1,533.333),
(@OGUID+739,188020,0,0,0,0,0,0,0,-1,-123.001,-840.041,56.9434,5.50974,0,0,-0.377154,0.926151,300,255,1,'','',0,-1,533.333),
(@OGUID+740,181355,0,0,0,0,0,0,0,-1,-111.671,-834.446,56.8868,6.24016,0,0,-0.0215104,0.999769,300,255,1,'','',0,-1,533.333),
(@OGUID+741,188020,0,0,0,0,0,0,0,-1,-95.0477,-836.749,56.446,4.59083,0,0,-0.748752,0.66285,300,255,1,'','',0,-1,533.333),
(@OGUID+742,181355,0,0,0,0,0,0,0,-1,-119.695,-835.489,56.7124,4.92069,0,0,-0.629762,0.776789,300,255,1,'','',0,-1,533.333),
(@OGUID+743,188020,0,0,0,0,0,0,0,-1,-121.813,-794.661,55.9949,1.80896,0,0,-0.786103,-0.618096,300,255,1,'','',0,-1,533.333),
(@OGUID+744,181355,0,0,0,0,0,0,0,-1,-87.9596,-835.626,56.5371,5.28827,0,0,-0.477195,0.878798,300,255,1,'','',0,-1,533.333),
(@OGUID+745,181355,0,0,0,0,0,0,0,-1,-80.6513,-835.589,56.9256,4.86023,0,0,-0.652954,0.757398,300,255,1,'','',0,-1,533.333),
(@OGUID+746,181355,0,0,0,0,0,0,0,-1,-73.6116,-836.014,57.0536,4.51152,0,0,-0.774443,0.632644,300,255,1,'','',0,-1,533.333),
(@OGUID+747,181355,0,0,0,0,0,0,0,-1,-66.1268,-836.077,56.7734,4.64897,0,0,-0.72917,0.684333,300,255,1,'','',0,-1,533.333),
(@OGUID+748,188021,0,0,0,0,0,0,0,-1,578.022,1361.98,90.4705,3.58983,0,0,-0.974991,0.222245,300,255,1,'','',0,-1,533.333),
(@OGUID+749,188174,0,0,0,0,0,0,0,-1,579.483,1362.55,90.4386,3.45629,0,0,-0.987646,0.156701,300,255,1,'','',0,-1,533.333),
(@OGUID+750,181305,0,0,0,0,0,0,0,-1,580.013,1358.41,90.4044,2.16038,0,0,-0.882048,-0.471159,300,255,1,'','',0,-1,533.333),
(@OGUID+751,181307,0,0,0,0,0,0,0,-1,580.013,1358.41,91.3945,2.15646,0,0,-0.881121,-0.47289,300,255,1,'','',0,-1,533.333),
(@OGUID+752,181306,0,0,0,0,0,0,0,-1,584.041,1360.94,90.1957,5.69468,0,0,-0.290025,0.957019,300,255,1,'','',0,-1,533.333),
(@OGUID+753,181302,0,0,0,0,0,0,0,-1,585.885,1359.99,90.0483,3.46179,0,0,-0.987211,0.159417,300,255,1,'','',0,-1,533.333),
(@OGUID+754,181302,0,0,0,0,0,0,0,-1,584.607,1358.6,90.1018,1.91456,0,0,-0.817628,-0.575747,300,255,1,'','',0,-1,533.333),
(@OGUID+755,181605,0,0,0,0,0,0,0,-1,569.77,1382.41,91.1231,0.0543754,0,0,-0.027184,-0.99963,300,255,1,'','',0,-1,533.333),
(@OGUID+756,188020,0,0,0,0,0,0,0,-1,590.159,1376.98,90.1583,0.409829,0,0,-0.203484,-0.979078,300,255,1,'','',0,-1,533.333),
(@OGUID+757,188020,0,0,0,0,0,0,0,-1,602.973,1352.55,87.7947,0.421605,0,0,-0.209245,-0.977863,300,255,1,'','',0,-1,533.333),
(@OGUID+758,181355,0,0,0,0,0,0,0,-1,614.857,1359.84,87.1235,0.229163,0,0,-0.114331,-0.993443,300,255,1,'','',0,-1,533.333),
(@OGUID+759,188020,0,0,0,0,0,0,0,-1,616.175,1356.15,86.7968,0.45693,0,0,-0.226483,-0.974015,300,255,1,'','',0,-1,533.333),
(@OGUID+760,188020,0,0,0,0,0,0,0,-1,610.157,1372.09,88.3152,0.476564,0,0,-0.236034,-0.971745,300,255,1,'','',0,-1,533.333),
(@OGUID+761,181355,0,0,0,0,0,0,0,-1,597.545,1364.38,88.8353,3.58281,0,0,-0.975764,0.218825,300,255,1,'','',0,-1,533.333),
(@OGUID+762,181355,0,0,0,0,0,0,0,-1,583.26,1395.79,92.8675,0.174184,0,0,-0.0869819,-0.99621,300,255,1,'','',0,-1,533.333),
(@OGUID+763,188021,0,0,0,0,0,0,0,-1,-14365.6,123.88,1.2489,3.95407,0,0,-0.918613,0.395158,300,255,1,'','',0,-1,533.333),
(@OGUID+764,188174,0,0,0,0,0,0,0,-1,-14365.6,123.88,1.2489,3.95407,0,0,-0.918613,0.395158,300,255,1,'','',0,-1,533.333),
(@OGUID+765,181305,0,0,0,0,0,0,0,-1,-14369,121.905,1.19022,0.741794,0,0,-0.362451,-0.932003,300,255,1,'','',0,-1,533.333),
(@OGUID+766,181307,0,0,0,0,0,0,0,-1,-14369.7,122.557,2.18751,1.21303,0,0,-0.570009,-0.821639,300,255,1,'','',0,-1,533.333),
(@OGUID+767,181306,0,0,0,0,0,0,0,-1,-14367.1,126.787,1.28688,1.13528,0,0,-0.537644,-0.843172,300,255,1,'','',0,-1,533.333),
(@OGUID+768,181302,0,0,0,0,0,0,0,-1,-14364.8,128.38,1.30112,0.754363,0,0,-0.368302,-0.929706,300,255,1,'','',0,-1,533.333),
(@OGUID+769,181302,0,0,0,0,0,0,0,-1,-14363.8,127.227,1.26287,0.754363,0,0,-0.368302,-0.929706,300,255,1,'','',0,-1,533.333),
(@OGUID+770,181302,0,0,0,0,0,0,0,-1,-14364.4,127.721,2.41092,0.689961,0,0,-0.338178,-0.941082,300,255,1,'','',0,-1,533.333),
(@OGUID+771,187951,0,0,0,0,0,0,0,-1,-14380,132.643,0.369493,0.95385,0,0,-0.459049,-0.888411,300,255,1,'','',0,-1,533.333),
(@OGUID+772,181288,0,0,0,0,0,0,0,-1,-14380,132.643,0.369493,0.95385,0,0,-0.459049,-0.888411,300,255,1,'','',0,-1,533.333),
(@OGUID+773,181371,0,0,0,0,0,0,0,-1,-14380,132.643,0.369493,0.95385,0,0,-0.459049,-0.888411,300,255,1,'','',0,-1,533.333),
(@OGUID+774,181308,0,0,0,0,0,0,0,-1,-14380,132.643,0.369493,0.95385,0,0,-0.459049,-0.888411,300,0,1,'','',0,-1,533.333),
(@OGUID+775,181290,0,0,0,0,0,0,0,-1,-14380,132.643,0.369493,0.95385,0,0,-0.459049,-0.888411,300,0,1,'','',0,-1,533.333),
(@OGUID+776,181605,0,0,0,0,0,0,0,-1,-14383.5,98.3446,5.12491,0.968777,0,0,-0.465667,-0.88496,300,255,1,'','',0,-1,533.333),
(@OGUID+777,188020,0,0,0,0,0,0,0,-1,-14347.3,124.186,1.97592,5.4589,0,0,-0.400574,0.916264,300,255,1,'','',0,-1,533.333),
(@OGUID+778,188020,0,0,0,0,0,0,0,-1,-14360.1,105.321,1.51379,5.63247,0,0,-0.319649,0.947536,300,255,1,'','',0,-1,533.333),
(@OGUID+779,181355,0,0,0,0,0,0,0,-1,-14371.3,138.244,0.520494,2.5537,0,0,-0.957109,-0.289729,300,255,1,'','',0,-1,533.333),
(@OGUID+780,181355,0,0,0,0,0,0,0,-1,-14368.8,100.146,3.13687,4.48578,0,0,-0.78252,0.622626,300,255,1,'','',0,-1,533.333),
(@OGUID+781,181355,0,0,0,0,0,0,0,-1,-14362.6,111.979,0.752327,0.166108,0,0,-0.0829586,-0.996553,300,255,1,'','',0,-1,533.333),
(@OGUID+782,188021,0,0,0,0,0,0,0,-1,2289.49,468.531,34.0357,0.344166,0,0,-0.171235,-0.98523,300,255,1,'','',0,-1,533.333),
(@OGUID+783,188174,0,0,0,0,0,0,0,-1,2289.49,468.531,34.0357,0.344166,0,0,-0.171235,-0.98523,300,255,1,'','',0,-1,533.333),
(@OGUID+784,181305,0,0,0,0,0,0,0,-1,2291.72,463.939,33.9653,2.76161,0,0,-0.982006,-0.18885,300,255,1,'','',0,-1,533.333),
(@OGUID+785,181307,0,0,0,0,0,0,0,-1,2291.72,463.939,34.9554,2.76161,0,0,-0.982006,-0.18885,300,255,1,'','',0,-1,533.333),
(@OGUID+786,181302,0,0,0,0,0,0,0,-1,2290.61,470.922,34.2104,3.83761,0,0,-0.940054,0.341025,300,255,1,'','',0,-1,533.333),
(@OGUID+787,181302,0,0,0,0,0,0,0,-1,2291.2,468.452,34.1324,2.78517,0,0,-0.984163,-0.177268,300,255,1,'','',0,-1,533.333),
(@OGUID+788,181306,0,0,0,0,0,0,0,-1,2292.41,469.735,34.266,3.091,0,0,-0.99968,-0.0252919,300,255,1,'','',0,-1,533.333),
(@OGUID+789,187974,0,0,0,0,0,0,0,-1,2285.22,485.215,34.0509,5.19353,0,0,-0.51827,0.855217,300,255,1,'','',0,-1,533.333),
(@OGUID+790,181288,0,0,0,0,0,0,0,-1,2285.22,485.215,34.0509,5.19353,0,0,-0.51827,0.855217,300,255,1,'','',0,-1,533.333),
(@OGUID+791,181371,0,0,0,0,0,0,0,-1,2285.22,485.215,34.0509,5.19353,0,0,-0.51827,0.855217,300,255,1,'','',0,-1,533.333),
(@OGUID+792,181308,0,0,0,0,0,0,0,-1,2285.22,485.215,34.0509,5.19353,0,0,-0.51827,0.855217,300,0,1,'','',0,-1,533.333),
(@OGUID+793,181290,0,0,0,0,0,0,0,-1,2285.22,485.215,34.0509,5.19353,0,0,-0.51827,0.855217,300,0,1,'','',0,-1,533.333),
(@OGUID+794,181605,0,0,0,0,0,0,0,-1,2302.66,470.71,34.6085,4.6634,0,0,-0.724213,0.689576,300,255,1,'','',0,-1,533.333),
(@OGUID+795,188020,0,0,0,0,0,0,0,-1,2310.95,474.728,34.4032,6.09848,0,0,-0.0922219,0.995739,300,255,1,'','',0,-1,533.333),
(@OGUID+796,181355,0,0,0,0,0,0,0,-1,2309.93,469.04,34.359,3.85617,0,0,-0.936848,0.349737,300,255,1,'','',0,-1,533.333),
(@OGUID+797,181355,0,0,0,0,0,0,0,-1,2307.98,458.214,33.9831,0.306161,0,0,-0.152483,-0.988306,300,255,1,'','',0,-1,533.333),
(@OGUID+798,181355,0,0,0,0,0,0,0,-1,2306.34,442.94,35.1552,5.10102,0,0,-0.55726,0.830338,300,255,1,'','',0,-1,533.333),
(@OGUID+799,188020,0,0,0,0,0,0,0,-1,2275.17,453.388,33.9152,3.42026,0,0,-0.990309,0.138883,300,255,1,'','',0,-1,533.333),
(@OGUID+800,181355,0,0,0,0,0,0,0,-1,2265.57,481.067,33.7914,0.39569,0,0,-0.196557,-0.980492,300,255,1,'','',0,-1,533.333),
(@OGUID+801,188020,0,0,0,0,0,0,0,-1,2268.95,468.786,33.8514,0.259814,0,0,-0.129542,-0.991574,300,255,1,'','',0,-1,533.333),
(@OGUID+802,188021,0,0,0,0,0,0,0,-1,-6609.39,-2617.48,265.835,2.9245,0,0,-0.994114,-0.108335,300,255,1,'','',0,-1,533.333),
(@OGUID+803,188174,0,0,0,0,0,0,0,-1,-6609.39,-2617.48,265.835,2.9245,0,0,-0.994114,-0.108335,300,255,1,'','',0,-1,533.333),
(@OGUID+804,207989,0,0,0,0,0,0,0,-1,-6610.61,-2638.61,265.838,6.18311,0,0,-0.0500163,0.998748,300,255,1,'','',0,-1,533.333),
(@OGUID+805,181288,0,0,0,0,0,0,0,-1,-6610.61,-2638.61,265.838,6.18311,0,0,-0.0500163,0.998748,300,255,1,'','',0,-1,533.333),
(@OGUID+806,181371,0,0,0,0,0,0,0,-1,-6610.61,-2638.61,265.838,6.18311,0,0,-0.0500163,0.998748,300,255,1,'','',0,-1,533.333),
(@OGUID+807,181308,0,0,0,0,0,0,0,-1,-6610.61,-2638.61,265.838,6.18311,0,0,-0.0500163,0.998748,300,0,1,'','',0,-1,533.333),
(@OGUID+808,181290,0,0,0,0,0,0,0,-1,-6610.61,-2638.61,265.838,6.18311,0,0,-0.0500163,0.998748,300,0,1,'','',0,-1,533.333),
(@OGUID+809,181305,0,0,0,0,0,0,0,-1,-6610.44,-2621.83,265.833,4.64686,0,0,-0.729889,0.683565,300,255,1,'','',0,-1,533.333),
(@OGUID+810,181307,0,0,0,0,0,0,0,-1,-6611.72,-2620.88,266.823,5.57363,0,0,-0.34738,0.937724,300,255,1,'','',0,-1,533.333),
(@OGUID+811,181306,0,0,0,0,0,0,0,-1,-6612.5,-2617.21,265.832,5.97026,0,0,-0.155823,0.987785,300,255,1,'','',0,-1,533.333),
(@OGUID+812,181302,0,0,0,0,0,0,0,-1,-6610.51,-2615.13,265.835,4.41519,0,0,-0.804003,0.594626,300,255,1,'','',0,-1,533.333),
(@OGUID+813,181302,0,0,0,0,0,0,0,-1,-6607.99,-2615.9,265.835,3.5434,0,0,-0.979887,0.199555,300,255,1,'','',0,-1,533.333),
(@OGUID+814,181605,0,0,0,0,0,0,0,-1,-6609.31,-2587.57,267.695,3.59602,0,0,-0.974298,0.225265,300,255,1,'','',0,-1,533.333),
(@OGUID+815,188020,0,0,0,0,0,0,0,-1,-6626.61,-2582.32,265.166,2.62059,0,0,-0.966261,-0.257564,300,255,1,'','',0,-1,533.333),
(@OGUID+816,188020,0,0,0,0,0,0,0,-1,-6633.87,-2598.18,261.608,3.15073,0,0,-0.99999,0.00457111,300,255,1,'','',0,-1,533.333),
(@OGUID+817,181355,0,0,0,0,0,0,0,-1,-6617.35,-2645.51,265.74,3.33135,0,0,-0.995502,0.0947382,300,255,1,'','',0,-1,533.333),
(@OGUID+818,188020,0,0,0,0,0,0,0,-1,-6630.5,-2630.97,262.494,3.48843,0,0,-0.985,0.172552,300,255,1,'','',0,-1,533.333),
(@OGUID+819,181355,0,0,0,0,0,0,0,-1,-6625.67,-2621.14,265.396,1.29718,0,0,-0.604062,-0.796937,300,255,1,'','',0,-1,533.333),
(@OGUID+820,181355,0,0,0,0,0,0,0,-1,-6621.88,-2611.12,265.021,5.66792,0,0,-0.302801,0.953054,300,255,1,'','',0,-1,533.333),
(@OGUID+821,181355,0,0,0,0,0,0,0,-1,-6618.36,-2595.69,264.591,5.46451,0,0,-0.398003,0.917384,300,255,1,'','',0,-1,533.333),
(@OGUID+822,188021,0,0,0,0,0,0,0,-1,-7606.26,-2083.99,126.411,3.18354,0,0,-0.99978,0.0209722,300,255,1,'','',0,-1,533.333),
(@OGUID+823,188174,0,0,0,0,0,0,0,-1,-7606.26,-2083.99,126.411,3.18354,0,0,-0.99978,0.0209722,300,255,1,'','',0,-1,533.333),
(@OGUID+824,181305,0,0,0,0,0,0,0,-1,-7600.81,-2083.48,125.911,3.16785,0,0,-0.999914,0.0131278,300,255,1,'','',0,-1,533.333),
(@OGUID+825,181307,0,0,0,0,0,0,0,-1,-7600.81,-2083.48,126.902,3.16785,0,0,-0.999914,0.0131278,300,255,1,'','',0,-1,533.333),
(@OGUID+826,181306,0,0,0,0,0,0,0,-1,-7605.55,-2086.02,126.331,2.92437,0,0,-0.994108,-0.108396,300,255,1,'','',0,-1,533.333),
(@OGUID+827,181302,0,0,0,0,0,0,0,-1,-7610.72,-2082.57,126.879,1.67166,0,0,-0.741855,-0.67056,300,255,1,'','',0,-1,533.333),
(@OGUID+828,181302,0,0,0,0,0,0,0,-1,-7610.52,-2084.58,126.815,1.67166,0,0,-0.741855,-0.67056,300,255,1,'','',0,-1,533.333),
(@OGUID+829,187956,0,0,0,0,0,0,0,-1,-7592.82,-2085.05,125.302,4.99784,0,0,-0.599337,0.800497,300,255,1,'','',0,-1,533.333),
(@OGUID+830,181288,0,0,0,0,0,0,0,-1,-7592.82,-2085.05,125.302,4.99784,0,0,-0.599337,0.800497,300,255,1,'','',0,-1,533.333),
(@OGUID+831,181371,0,0,0,0,0,0,0,-1,-7592.82,-2085.05,125.302,4.99784,0,0,-0.599337,0.800497,300,255,1,'','',0,-1,533.333),
(@OGUID+832,181308,0,0,0,0,0,0,0,-1,-7592.82,-2085.05,125.302,4.99784,0,0,-0.599337,0.800497,300,0,1,'','',0,-1,533.333),
(@OGUID+833,181290,0,0,0,0,0,0,0,-1,-7592.82,-2085.05,125.302,4.99784,0,0,-0.599337,0.800497,300,0,1,'','',0,-1,533.333),
(@OGUID+834,181605,0,0,0,0,0,0,0,-1,-7608.8,-2059.87,130.698,5.1565,0,0,-0.534014,0.845476,300,255,1,'','',0,-1,533.333),
(@OGUID+835,188020,0,0,0,0,0,0,0,-1,-7621.55,-2066.51,129.371,2.72649,0,0,-0.978538,-0.206065,300,255,1,'','',0,-1,533.333),
(@OGUID+836,188020,0,0,0,0,0,0,0,-1,-7629.03,-2080.48,127.034,2.96211,0,0,-0.995976,-0.0896215,300,255,1,'','',0,-1,533.333),
(@OGUID+837,188020,0,0,0,0,0,0,0,-1,-7629.01,-2097.92,129.202,3.06813,0,0,-0.999326,-0.0367214,300,255,1,'','',0,-1,533.333),
(@OGUID+838,181355,0,0,0,0,0,0,0,-1,-7598.2,-2105.31,134.65,1.03238,0,0,-0.493569,-0.869707,300,255,1,'','',0,-1,533.333),
(@OGUID+839,181355,0,0,0,0,0,0,0,-1,-7601.35,-2069.55,128.746,3.581,0,0,-0.975962,0.217941,300,255,1,'','',0,-1,533.333),
(@OGUID+840,181355,0,0,0,0,0,0,0,-1,-7612.82,-2071.14,128.629,0.144882,0,0,-0.0723775,-0.997377,300,255,1,'','',0,-1,533.333),
(@OGUID+841,181355,0,0,0,0,0,0,0,-1,-7607.49,-2070.37,128.65,0.0820498,0,0,-0.0410135,-0.999159,300,255,1,'','',0,-1,533.333),
(@OGUID+842,188021,0,0,0,0,0,0,0,-1,-12422.6,102.914,6.19382,1.56958,0,0,-0.706677,-0.707536,300,255,1,'','',0,-1,533.333),
(@OGUID+843,188174,0,0,0,0,0,0,0,-1,-12422.6,102.914,6.19382,1.56958,0,0,-0.706677,-0.707536,300,255,1,'','',0,-1,533.333),
(@OGUID+844,181305,0,0,0,0,0,0,0,-1,-12421.8,107.372,6.23978,1.60021,0,0,-0.717428,-0.696632,300,255,1,'','',0,-1,533.333),
(@OGUID+845,181307,0,0,0,0,0,0,0,-1,-12421.8,107.372,7.23029,1.60021,0,0,-0.717428,-0.696632,300,255,1,'','',0,-1,533.333),
(@OGUID+846,181306,0,0,0,0,0,0,0,-1,-12420,104.13,6.45939,3.41291,0,0,-0.990812,0.135245,300,255,1,'','',0,-1,533.333),
(@OGUID+847,181302,0,0,0,0,0,0,0,-1,-12424.6,100.646,5.99284,2.75475,0,0,-0.981353,-0.192216,300,255,1,'','',0,-1,533.333),
(@OGUID+848,181302,0,0,0,0,0,0,0,-1,-12425.2,102.815,6.15156,1.55309,0,0,-0.70082,-0.713338,300,255,1,'','',0,-1,533.333),
(@OGUID+849,187951,0,0,0,0,0,0,0,-1,-12424,82.9419,3.71307,1.59238,0,0,-0.714696,-0.699435,300,255,1,'','',0,-1,533.333),
(@OGUID+850,181288,0,0,0,0,0,0,0,-1,-12424,82.9419,3.71307,1.59238,0,0,-0.714696,-0.699435,300,255,1,'','',0,-1,533.333),
(@OGUID+851,181371,0,0,0,0,0,0,0,-1,-12424,82.9419,3.71307,1.59238,0,0,-0.714696,-0.699435,300,255,1,'','',0,-1,533.333),
(@OGUID+852,181308,0,0,0,0,0,0,0,-1,-12424,82.9419,3.71307,1.59238,0,0,-0.714696,-0.699435,300,0,1,'','',0,-1,533.333),
(@OGUID+853,181290,0,0,0,0,0,0,0,-1,-12424,82.9419,3.71307,1.59238,0,0,-0.714696,-0.699435,300,0,1,'','',0,-1,533.333),
(@OGUID+854,181605,0,0,0,0,0,0,0,-1,-12408.2,94.7738,7.53847,0.500672,0,0,-0.247729,-0.968829,300,255,1,'','',0,-1,533.333),
(@OGUID+855,188020,0,0,0,0,0,0,0,-1,-12394.4,112.811,5.20855,0.046427,0,0,-0.0232113,-0.999731,300,255,1,'','',0,-1,533.333),
(@OGUID+856,188020,0,0,0,0,0,0,0,-1,-12379.6,110.557,5.16208,0.128888,0,0,-0.0643995,-0.997924,300,255,1,'','',0,-1,533.333),
(@OGUID+857,188020,0,0,0,0,0,0,0,-1,-12387.3,88.4983,3.78015,6.02721,0,0,-0.127638,0.991821,300,255,1,'','',0,-1,533.333),
(@OGUID+858,181355,0,0,0,0,0,0,0,-1,-12395.5,90.4,3.97904,1.30697,0,0,-0.607956,-0.793971,300,255,1,'','',0,-1,533.333),
(@OGUID+859,181355,0,0,0,0,0,0,0,-1,-12393.8,98.1215,4.84904,1.3266,0,0,-0.615721,-0.787964,300,255,1,'','',0,-1,533.333),
(@OGUID+860,181355,0,0,0,0,0,0,0,-1,-12383.3,97.9636,4.68165,0.470518,0,0,-0.233095,-0.972454,300,255,1,'','',0,-1,533.333),
(@OGUID+861,181355,0,0,0,0,0,0,0,-1,-12419.2,117.275,5.38847,2.53612,0,0,-0.954524,-0.298135,300,255,1,'','',0,-1,533.333),
(@OGUID+862,188021,0,0,0,0,0,0,0,-1,-9767.42,-3838.26,22.6941,0.243871,0,0,-0.121634,-0.992575,300,255,1,'','',0,-1,533.333),
(@OGUID+863,188174,0,0,0,0,0,0,0,-1,-9767.42,-3838.26,22.6941,0.243871,0,0,-0.121634,-0.992575,300,255,1,'','',0,-1,533.333),
(@OGUID+864,181305,0,0,0,0,0,0,0,-1,-9766.12,-3842.85,22.4094,1.77147,0,0,-0.774381,-0.63272,300,255,1,'','',0,-1,533.333),
(@OGUID+865,181307,0,0,0,0,0,0,0,-1,-9766.12,-3842.85,23.4009,1.77147,0,0,-0.774381,-0.63272,300,255,1,'','',0,-1,533.333),
(@OGUID+866,187969,0,0,0,0,0,0,0,-1,-9780.55,-3838.44,23.0067,5.26258,0,0,-0.488442,0.872596,300,255,1,'','',0,-1,533.333),
(@OGUID+867,181288,0,0,0,0,0,0,0,-1,-9780.55,-3838.44,23.0067,5.26258,0,0,-0.488442,0.872596,300,255,1,'','',0,-1,533.333),
(@OGUID+868,181371,0,0,0,0,0,0,0,-1,-9780.55,-3838.44,23.0067,5.26258,0,0,-0.488442,0.872596,300,255,1,'','',0,-1,533.333),
(@OGUID+869,181308,0,0,0,0,0,0,0,-1,-9780.55,-3838.44,23.0067,5.26258,0,0,-0.488442,0.872596,300,0,1,'','',0,-1,533.333),
(@OGUID+870,181290,0,0,0,0,0,0,0,-1,-9780.55,-3838.44,23.0067,5.26258,0,0,-0.488442,0.872596,300,0,1,'','',0,-1,533.333),
(@OGUID+871,188020,0,0,0,0,0,0,0,-1,-9796.76,-3846.23,22.2943,6.21134,0,0,-0.0359166,0.999355,300,255,1,'','',0,-1,533.333),
(@OGUID+872,181355,0,0,0,0,0,0,0,-1,-9774.24,-3853.94,21.752,4.75262,0,0,-0.692739,0.721188,300,255,1,'','',0,-1,533.333),
(@OGUID+873,188020,0,0,0,0,0,0,0,-1,-9797,-3836,22.9339,3.09936,0,0,-0.999777,-0.0211131,300,255,1,'','',0,-1,533.333),
(@OGUID+874,181306,0,0,0,0,0,0,0,-1,-9769.14,-3838.39,22.6971,0.762822,0,0,-0.37223,-0.92814,300,255,1,'','',0,-1,533.333),
(@OGUID+875,181302,0,0,0,0,0,0,0,-1,-9771.81,-3837.32,22.8614,0.158063,0,0,-0.0789492,-0.996879,300,255,1,'','',0,-1,533.333),
(@OGUID+876,181302,0,0,0,0,0,0,0,-1,-9771.44,-3839.28,22.8958,0.268018,0,0,-0.133608,-0.991034,300,255,1,'','',0,-1,533.333),
(@OGUID+877,188021,0,0,0,0,0,0,0,-1,-500.638,-4555.9,10.4498,2.2825,0,0,-0.909155,-0.416458,300,255,1,'','',0,-1,533.333),
(@OGUID+878,188174,0,0,0,0,0,0,0,-1,-500.638,-4555.9,10.4498,2.2825,0,0,-0.909155,-0.416458,300,255,1,'','',0,-1,533.333),
(@OGUID+879,181305,0,0,0,0,0,0,0,-1,-498.45,-4559.52,10.4616,2.25344,0,0,-0.903008,-0.429624,300,255,1,'','',0,-1,533.333),
(@OGUID+880,181307,0,0,0,0,0,0,0,-1,-498.45,-4559.52,11.4521,2.25344,0,0,-0.903008,-0.429624,300,255,1,'','',0,-1,533.333),
(@OGUID+881,181306,0,0,0,0,0,0,0,-1,-498.561,-4554.92,10.3347,2.43408,0,0,-0.938078,-0.346423,300,255,1,'','',0,-1,533.333),
(@OGUID+882,181302,0,0,0,0,0,0,0,-1,-502.89,-4558.33,10.5889,5.03375,0,0,-0.584869,0.811128,300,255,1,'','',0,-1,533.333),
(@OGUID+883,181302,0,0,0,0,0,0,0,-1,-503.783,-4557.49,10.6074,2.38853,0,0,-0.929945,-0.367699,300,255,1,'','',0,-1,533.333),
(@OGUID+884,181605,0,0,0,0,0,0,0,-1,-482.809,-4551.33,9.909,5.2945,0,0,-0.474452,0.880282,300,255,1,'','',0,-1,533.333),
(@OGUID+885,187972,0,0,0,0,0,0,0,-1,-493.94,-4576.63,8.87222,4.09049,0,0,-0.889545,0.456848,300,255,1,'','',0,-1,533.333),
(@OGUID+886,181288,0,0,0,0,0,0,0,-1,-493.94,-4576.63,8.87222,4.09049,0,0,-0.889545,0.456848,300,255,1,'','',0,-1,533.333),
(@OGUID+887,181371,0,0,0,0,0,0,0,-1,-493.94,-4576.63,8.87222,4.09049,0,0,-0.889545,0.456848,300,255,1,'','',0,-1,533.333),
(@OGUID+888,181308,0,0,0,0,0,0,0,-1,-493.94,-4576.63,8.87222,4.09049,0,0,-0.889545,0.456848,300,0,1,'','',0,-1,533.333),
(@OGUID+889,181290,0,0,0,0,0,0,0,-1,-493.94,-4576.63,8.87222,4.09049,0,0,-0.889545,0.456848,300,0,1,'','',0,-1,533.333),
(@OGUID+890,188020,0,0,0,0,0,0,0,-1,-497.819,-4540.45,10.9966,2.15605,0,0,-0.881026,-0.473067,300,255,1,'','',0,-1,533.333),
(@OGUID+891,181355,0,0,0,0,0,0,0,-1,-514.094,-4549.9,11.5218,3.61689,0,0,-0.971894,0.23542,300,255,1,'','',0,-1,533.333),
(@OGUID+892,181355,0,0,0,0,0,0,0,-1,-511.963,-4565.76,10.914,4.53581,0,0,-0.766703,0.642003,300,255,1,'','',0,-1,533.333),
(@OGUID+893,188020,0,0,0,0,0,0,0,-1,-495.612,-4532.31,11.6956,4.31592,0,0,-0.832515,0.554003,300,255,1,'','',0,-1,533.333),
(@OGUID+894,188020,0,0,0,0,0,0,0,-1,-508.025,-4524.67,10.928,5.44691,0,0,-0.40606,0.913846,300,255,1,'','',0,-1,533.333),
(@OGUID+895,181355,0,0,0,0,0,0,0,-1,-519.668,-4526.73,11.3348,2.57237,0,0,-0.95977,-0.280787,300,255,1,'','',0,-1,533.333),
(@OGUID+896,181355,0,0,0,0,0,0,0,-1,-482.342,-4543.57,10.6555,5.91973,0,0,-0.180728,0.983533,300,255,1,'','',0,-1,533.333),
(@OGUID+897,188021,0,0,0,0,0,0,0,-1,1745.25,-833.857,60.0469,0.159615,0,0,-0.0797229,-0.996817,300,255,1,'','',0,-1,533.333),
(@OGUID+898,188174,0,0,0,0,0,0,0,-1,1745.25,-833.857,60.0469,0.159615,0,0,-0.0797229,-0.996817,300,255,1,'','',0,-1,533.333),
(@OGUID+899,181305,0,0,0,0,0,0,0,-1,1741.51,-834.537,60.0902,0.108552,0,0,-0.0542495,-0.998528,300,255,1,'','',0,-1,533.333),
(@OGUID+900,181307,0,0,0,0,0,0,0,-1,1741.51,-834.537,61.0803,0.108552,0,0,-0.0542495,-0.998528,300,255,1,'','',0,-1,533.333),
(@OGUID+901,181306,0,0,0,0,0,0,0,-1,1746.29,-835.234,60.164,6.24251,0,0,-0.0203373,0.999793,300,255,1,'','',0,-1,533.333),
(@OGUID+902,181302,0,0,0,0,0,0,0,-1,1746.87,-830.736,60.1605,4.91127,0,0,-0.633416,0.773812,300,255,1,'','',0,-1,533.333),
(@OGUID+903,181302,0,0,0,0,0,0,0,-1,1748.01,-832.908,60.0098,3.47399,0,0,-0.986221,0.165435,300,255,1,'','',0,-1,533.333),
(@OGUID+904,207990,0,0,0,0,0,0,0,-1,1760.21,-843.863,60.4893,3.51093,0,0,-0.982997,0.18362,300,255,1,'','',0,-1,533.333),
(@OGUID+905,181288,0,0,0,0,0,0,0,-1,1760.21,-843.863,60.4893,3.51093,0,0,-0.982997,0.18362,300,255,1,'','',0,-1,533.333),
(@OGUID+906,181371,0,0,0,0,0,0,0,-1,1760.21,-843.863,60.4893,3.51093,0,0,-0.982997,0.18362,300,255,1,'','',0,-1,533.333),
(@OGUID+907,181308,0,0,0,0,0,0,0,-1,1760.21,-843.863,60.4893,3.51093,0,0,-0.982997,0.18362,300,0,1,'','',0,-1,533.333),
(@OGUID+908,181290,0,0,0,0,0,0,0,-1,1760.21,-843.863,60.4893,3.51093,0,0,-0.982997,0.18362,300,0,1,'','',0,-1,533.333),
(@OGUID+909,181605,0,0,0,0,0,0,0,-1,1733.43,-848.354,61.0761,6.15535,0,0,-0.0638718,0.997958,300,255,1,'','',0,-1,533.333),
(@OGUID+910,188020,0,0,0,0,0,0,0,-1,1725.02,-825.519,59.6294,0.271149,0,0,-0.135159,-0.990824,300,255,1,'','',0,-1,533.333),
(@OGUID+911,181355,0,0,0,0,0,0,0,-1,1725.77,-832.867,59.8068,6.18519,0,0,-0.0489783,0.9988,300,255,1,'','',0,-1,533.333),
(@OGUID+912,188020,0,0,0,0,0,0,0,-1,1722.94,-847.044,60.5253,6.15533,0,0,-0.063883,0.997957,300,255,1,'','',0,-1,533.333),
(@OGUID+913,188020,0,0,0,0,0,0,0,-1,1716.23,-835.175,60.3735,6.18282,0,0,-0.0501613,0.998741,300,255,1,'','',0,-1,533.333),
(@OGUID+914,181355,0,0,0,0,0,0,0,-1,1716.31,-839.266,60.3473,6.27628,0,0,-0.00345361,0.999994,300,255,1,'','',0,-1,533.333),
(@OGUID+915,181355,0,0,0,0,0,0,0,-1,1715.9,-830.669,60.4273,6.24958,0,0,-0.016802,0.999859,300,255,1,'','',0,-1,533.333),
(@OGUID+916,181355,0,0,0,0,0,0,0,-1,1723.76,-840.949,60.21,6.23387,0,0,-0.0246572,0.999696,300,255,1,'','',0,-1,533.333),
(@OGUID+917,181605,0,0,0,0,0,0,0,-1,-9806.86,-3837.62,25.0064,5.56964,0,0,-0.349252,0.937029,300,255,1,'','',0,-1,533.333),
(@OGUID+918,181335,0,0,0,0,0,0,0,-1,1832.61,220.067,60.3987,5.56235,0,0,-0.352663,0.93575,300,255,1,'','',0,-1,533.333),
(@OGUID+919,181371,0,0,0,0,0,0,0,-1,1832.61,220.067,60.3987,5.56235,0,0,-0.352663,0.93575,300,255,1,'','',0,-1,533.333),
(@OGUID+920,188021,0,0,0,0,0,0,0,-1,1786.88,223.311,59.4794,1.60393,0,0,-0.718723,-0.695296,300,255,1,'','',0,-1,533.333),
(@OGUID+921,188174,0,0,0,0,0,0,0,-1,1786.88,223.311,59.4794,1.60393,0,0,-0.718723,-0.695296,300,255,1,'','',0,-1,533.333),
(@OGUID+922,181305,0,0,0,0,0,0,0,-1,1791.74,222.336,59.7435,0.417977,0,0,-0.20747,-0.978241,300,255,1,'','',0,-1,533.333),
(@OGUID+923,181307,0,0,0,0,0,0,0,-1,1791.74,222.336,60.7336,0.417977,0,0,-0.20747,-0.978241,300,255,1,'','',0,-1,533.333),
(@OGUID+924,181302,0,0,0,0,0,0,0,-1,1793.42,229.477,59.865,4.87511,0,0,-0.647302,0.762234,300,255,1,'','',0,-1,533.333),
(@OGUID+925,181302,0,0,0,0,0,0,0,-1,1793.68,227.861,59.7609,4.87511,0,0,-0.647302,0.762234,300,255,1,'','',0,-1,533.333),
(@OGUID+926,181302,0,0,0,0,0,0,0,-1,1793.66,227.966,61.0039,4.87511,0,0,-0.647302,0.762234,300,255,1,'','',0,-1,533.333),
(@OGUID+927,181605,0,0,0,0,0,0,0,-1,1784,209.294,59.7779,3.33659,0,0,-0.995251,0.097346,300,255,1,'','',0,-1,533.333),
(@OGUID+928,181355,0,0,0,0,0,0,0,-1,1802.22,214.405,65.3996,3.06093,0,0,-0.999187,-0.0403205,300,255,1,'','',0,-1,533.333),
(@OGUID+929,181355,0,0,0,0,0,0,0,-1,1807.42,214.481,65.3996,0.0552097,0,0,-0.0276014,-0.999619,300,255,1,'','',0,-1,533.333),
(@OGUID+930,181355,0,0,0,0,0,0,0,-1,1809.01,199.556,70.8724,6.16245,0,0,-0.0603322,0.998178,300,255,1,'','',0,-1,533.333),
(@OGUID+931,181355,0,0,0,0,0,0,0,-1,1812.96,199.44,70.8726,6.24491,0,0,-0.0191341,0.999817,300,255,1,'','',0,-1,533.333),
(@OGUID+932,181355,0,0,0,0,0,0,0,-1,1816.75,199.48,70.8723,6.2135,0,0,-0.034836,0.999393,300,255,1,'','',0,-1,533.333),
(@OGUID+933,181355,0,0,0,0,0,0,0,-1,1821.89,199.37,70.8724,0.02456,0,0,-0.0122804,-0.999925,300,255,1,'','',0,-1,533.333),
(@OGUID+934,181355,0,0,0,0,0,0,0,-1,1800.52,199.486,70.8727,3.10725,0,0,-0.999853,-0.0171719,300,255,1,'','',0,-1,533.333),
(@OGUID+935,181355,0,0,0,0,0,0,0,-1,1795.64,199.522,70.8726,3.18971,0,0,-0.999711,0.0240585,300,255,1,'','',0,-1,533.333),
(@OGUID+936,188020,0,0,0,0,0,0,0,-1,1832.47,243.392,59.9455,4.73539,0,0,-0.698927,0.715193,300,255,1,'','',0,-1,533.333),
(@OGUID+937,188020,0,0,0,0,0,0,0,-1,1822.78,243.741,60.2106,4.68434,0,0,-0.716953,0.697121,300,255,1,'','',0,-1,533.333),
(@OGUID+938,188020,0,0,0,0,0,0,0,-1,1811.3,224.852,59.173,2.48916,0,0,-0.947262,-0.320461,300,255,1,'','',0,-1,533.333),
(@OGUID+939,188020,0,0,0,0,0,0,0,-1,1778.45,234.325,60.1159,1.54273,0,0,-0.697113,-0.716961,300,255,1,'','',0,-1,533.333),
(@OGUID+940,188020,0,0,0,0,0,0,0,-1,1778.36,244.391,60.1383,4.67594,0,0,-0.719874,0.694105,300,255,1,'','',0,-1,533.333),
(@OGUID+941,188020,0,0,0,0,0,0,0,-1,1821.95,204.788,59.9749,4.76391,0,0,-0.688659,0.725086,300,255,1,'','',0,-1,533.333),
(@OGUID+942,181355,0,0,0,0,0,0,0,-1,1836.16,209.241,60.5557,5.86346,0,0,-0.208323,0.97806,300,255,1,'','',0,-1,533.333),
(@OGUID+943,181355,0,0,0,0,0,0,0,-1,1825.3,204.863,59.9268,4.76784,0,0,-0.687232,0.726438,300,255,1,'','',0,-1,533.333),
(@OGUID+944,181355,0,0,0,0,0,0,0,-1,1814.88,217.632,60.1158,3.35805,0,0,-0.994149,0.108018,300,255,1,'','',0,-1,533.333),
(@OGUID+945,181355,0,0,0,0,0,0,0,-1,1818.97,204.918,60.1539,4.63825,0,0,-0.732828,0.680414,300,255,1,'','',0,-1,533.333),
(@OGUID+946,181355,0,0,0,0,0,0,0,-1,1831.58,205.983,60.0789,5.03095,0,0,-0.586003,0.810309,300,255,1,'','',0,-1,533.333),
(@OGUID+947,187559,0,0,0,0,0,0,0,-1,583.448,1346.72,89.1394,2.16865,0,0,-0.883987,-0.467511,300,255,1,'','',0,-1,533.333),
(@OGUID+948,181288,0,0,0,0,0,0,0,-1,583.448,1346.72,89.1394,2.16865,0,0,-0.883987,-0.467511,300,255,1,'','',0,-1,533.333),
(@OGUID+949,181371,0,0,0,0,0,0,0,-1,583.448,1346.72,89.1394,2.16865,0,0,-0.883987,-0.467511,300,255,1,'','',0,-1,533.333),
(@OGUID+950,181308,0,0,0,0,0,0,0,-1,583.448,1346.72,89.1394,2.16865,0,0,-0.883987,-0.467511,300,0,1,'','',0,-1,533.333),
(@OGUID+951,181290,0,0,0,0,0,0,0,-1,583.448,1346.72,89.1394,2.16865,0,0,-0.883987,-0.467511,300,0,1,'','',0,-1,533.333),
(@OGUID+952,188021,1,0,0,0,0,0,0,-1,2138.97,-1255.98,94.9865,4.30161,0,0,-0.836458,0.548031,300,255,1,'','',0,-1,533.333),
(@OGUID+953,188174,1,0,0,0,0,0,0,-1,2138.97,-1255.98,94.9865,4.30161,0,0,-0.836458,0.548031,300,255,1,'','',0,-1,533.333),
(@OGUID+954,181305,1,0,0,0,0,0,0,-1,2138.66,-1258.86,95.3087,1.08855,0,0,-0.517796,-0.855504,300,255,1,'','',0,-1,533.333),
(@OGUID+955,181307,1,0,0,0,0,0,0,-1,2138.66,-1258.86,96.299,1.08855,0,0,-0.517796,-0.855504,300,255,1,'','',0,-1,533.333),
(@OGUID+956,181306,1,0,0,0,0,0,0,-1,2141.03,-1255.24,95.4631,2.40016,0,0,-0.932068,-0.362283,300,255,1,'','',0,-1,533.333),
(@OGUID+957,181302,1,0,0,0,0,0,0,-1,2138.07,-1254.4,95.1788,3.53114,0,0,-0.981092,0.193542,300,255,1,'','',0,-1,533.333),
(@OGUID+958,181302,1,0,0,0,0,0,0,-1,2136.51,-1255.9,95.4344,3.8555,0,0,-0.936965,0.349422,300,255,1,'','',0,-1,533.333),
(@OGUID+959,181605,1,0,0,0,0,0,0,-1,2120.43,-1267.38,98.685,4.0652,0,0,-0.89525,0.445564,300,255,1,'','',0,-1,533.333),
(@OGUID+960,187948,1,0,0,0,0,0,0,-1,2135.2,-1281.25,95.0749,1.37521,0,0,-0.63469,-0.772767,300,255,1,'','',0,-1,533.333),
(@OGUID+961,181288,1,0,0,0,0,0,0,-1,2135.2,-1281.25,95.0749,1.37521,0,0,-0.63469,-0.772767,300,255,1,'','',0,-1,533.333),
(@OGUID+962,181371,1,0,0,0,0,0,0,-1,2135.2,-1281.25,95.0749,1.37521,0,0,-0.63469,-0.772767,300,255,1,'','',0,-1,533.333),
(@OGUID+963,181308,1,0,0,0,0,0,0,-1,2135.2,-1281.25,95.0749,1.37521,0,0,-0.63469,-0.772767,300,0,1,'','',0,-1,533.333),
(@OGUID+964,181290,1,0,0,0,0,0,0,-1,2135.2,-1281.25,95.0749,1.37521,0,0,-0.63469,-0.772767,300,0,1,'','',0,-1,533.333),
(@OGUID+965,188020,1,0,0,0,0,0,0,-1,2143.89,-1244.73,96.2231,1.51658,0,0,-0.687681,-0.726013,300,255,1,'','',0,-1,533.333),
(@OGUID+966,188020,1,0,0,0,0,0,0,-1,2158.02,-1243.57,95.8945,2.03101,0,0,-0.849748,-0.527189,300,255,1,'','',0,-1,533.333),
(@OGUID+967,181355,1,0,0,0,0,0,0,-1,2122.85,-1248.45,98.7361,1.9682,0,0,-0.832774,-0.553614,300,255,1,'','',0,-1,533.333),
(@OGUID+968,181355,1,0,0,0,0,0,0,-1,2117.44,-1260.44,98.067,3.87281,0,0,-0.933907,0.357516,300,255,1,'','',0,-1,533.333),
(@OGUID+969,181355,1,0,0,0,0,0,0,-1,2162.89,-1258.5,94.6098,3.45026,0,0,-0.988114,0.153721,300,255,1,'','',0,-1,533.333),
(@OGUID+970,188021,1,0,0,0,0,0,0,-1,-1848.45,3051.74,1.01748,1.33204,0,0,-0.617861,-0.786288,300,255,1,'','',0,-1,533.333),
(@OGUID+971,188174,1,0,0,0,0,0,0,-1,-1848.45,3051.74,1.01748,1.33204,0,0,-0.617861,-0.786288,300,255,1,'','',0,-1,533.333),
(@OGUID+972,187957,1,0,0,0,0,0,0,-1,-1867.76,3061.27,1.00209,2.93975,0,0,-0.994912,-0.10075,300,255,1,'','',0,-1,533.333),
(@OGUID+973,181288,1,0,0,0,0,0,0,-1,-1867.76,3061.27,1.00209,2.93975,0,0,-0.994912,-0.10075,300,255,1,'','',0,-1,533.333),
(@OGUID+974,181371,1,0,0,0,0,0,0,-1,-1867.76,3061.27,1.00209,2.93975,0,0,-0.994912,-0.10075,300,255,1,'','',0,-1,533.333),
(@OGUID+975,181308,1,0,0,0,0,0,0,-1,-1867.76,3061.27,1.00209,2.93975,0,0,-0.994912,-0.10075,300,0,1,'','',0,-1,533.333),
(@OGUID+976,181290,1,0,0,0,0,0,0,-1,-1867.76,3061.27,1.00209,2.93975,0,0,-0.994912,-0.10075,300,0,1,'','',0,-1,533.333),
(@OGUID+977,181305,1,0,0,0,0,0,0,-1,-1844.95,3050.25,1.08352,2.91227,0,0,-0.993434,-0.114409,300,255,1,'','',0,-1,533.333),
(@OGUID+978,181307,1,0,0,0,0,0,0,-1,-1844.95,3050.25,2.07403,2.91227,0,0,-0.993434,-0.114409,300,255,1,'','',0,-1,533.333),
(@OGUID+979,181306,1,0,0,0,0,0,0,-1,-1848.38,3048.91,1.26385,1.74988,0,0,-0.767506,-0.641042,300,255,1,'','',0,-1,533.333),
(@OGUID+980,181302,1,0,0,0,0,0,0,-1,-1852.65,3050.88,1.07199,5.83474,0,0,-0.22235,0.974967,300,255,1,'','',0,-1,533.333),
(@OGUID+981,181302,1,0,0,0,0,0,0,-1,-1851.99,3052.91,0.933402,5.7562,0,0,-0.260454,0.965486,300,255,1,'','',0,-1,533.333),
(@OGUID+982,181605,1,0,0,0,0,0,0,-1,-1826.58,3049.39,1.33417,0.716333,0,0,-0.350558,-0.936541,300,255,1,'','',0,-1,533.333),
(@OGUID+983,181355,1,0,0,0,0,0,0,-1,-1823.64,3053.39,0.668871,1.6918,0,0,-0.748567,-0.66306,300,255,1,'','',0,-1,533.333),
(@OGUID+984,181355,1,0,0,0,0,0,0,-1,-1828.74,3056.07,0.251003,3.03875,0,0,-0.998678,-0.0513967,300,255,1,'','',0,-1,533.333),
(@OGUID+985,181355,1,0,0,0,0,0,0,-1,-1834.5,3055.92,0.174722,3.2351,0,0,-0.998907,0.0467383,300,255,1,'','',0,-1,533.333),
(@OGUID+986,181355,1,0,0,0,0,0,0,-1,-1816.94,3054.37,0.342278,4.70381,0,0,-0.710135,0.704066,300,255,1,'','',0,-1,533.333),
(@OGUID+987,188020,1,0,0,0,0,0,0,-1,-1808.56,3045.47,5.29913,5.67926,0,0,-0.297395,0.954755,300,255,1,'','',0,-1,533.333),
(@OGUID+988,188020,1,0,0,0,0,0,0,-1,-1823.28,3032.37,6.25813,4.65431,0,0,-0.727341,0.686277,300,255,1,'','',0,-1,533.333),
(@OGUID+989,188020,1,0,0,0,0,0,0,-1,-1830.65,3010.68,12.3357,4.98809,0,0,-0.603233,0.797565,300,255,1,'','',0,-1,533.333),
(@OGUID+990,188020,1,0,0,0,0,0,0,-1,-1796.24,3055.67,7.00271,5.86618,0,0,-0.206994,0.978342,300,255,1,'','',0,-1,533.333),
(@OGUID+991,188021,1,0,0,0,0,0,0,-1,-3092.25,-2712.32,34.1787,3.40194,0,0,-0.99154,0.129805,300,255,1,'','',0,-1,533.333),
(@OGUID+992,188174,1,0,0,0,0,0,0,-1,-3092.25,-2712.32,34.1787,3.40194,0,0,-0.99154,0.129805,300,255,1,'','',0,-1,533.333),
(@OGUID+993,181305,1,0,0,0,0,0,0,-1,-3088.87,-2711.46,34.3133,3.51189,0,0,-0.982909,0.184094,300,255,1,'','',0,-1,533.333),
(@OGUID+994,181307,1,0,0,0,0,0,0,-1,-3088.87,-2711.46,35.3035,3.51189,0,0,-0.982909,0.184094,300,255,1,'','',0,-1,533.333),
(@OGUID+995,181306,1,0,0,0,0,0,0,-1,-3090.87,-2714.68,34.1207,2.05891,0,0,-0.857017,-0.515288,300,255,1,'','',0,-1,533.333),
(@OGUID+996,181302,1,0,0,0,0,0,0,-1,-3093.95,-2715.73,34.2421,1.95288,0,0,-0.828509,-0.559976,300,255,1,'','',0,-1,533.333),
(@OGUID+997,181302,1,0,0,0,0,0,0,-1,-3095.71,-2711.27,34.2462,2.03927,0,0,-0.851918,-0.523676,300,255,1,'','',0,-1,533.333),
(@OGUID+998,187959,1,0,0,0,0,0,0,-1,-3109.44,-2699.46,35.8498,4.85729,0,0,-0.654065,0.756438,300,255,1,'','',0,-1,533.333),
(@OGUID+999,181288,1,0,0,0,0,0,0,-1,-3109.44,-2699.46,35.8498,4.85729,0,0,-0.654065,0.756438,300,255,1,'','',0,-1,533.333),
(@OGUID+1000,181371,1,0,0,0,0,0,0,-1,-3109.44,-2699.46,35.8498,4.85729,0,0,-0.654065,0.756438,300,255,1,'','',0,-1,533.333),
(@OGUID+1001,181308,1,0,0,0,0,0,0,-1,-3109.44,-2699.46,35.8498,4.85729,0,0,-0.654065,0.756438,300,0,1,'','',0,-1,533.333),
(@OGUID+1002,181290,1,0,0,0,0,0,0,-1,-3109.44,-2699.46,35.8498,4.85729,0,0,-0.654065,0.756438,300,0,1,'','',0,-1,533.333),
(@OGUID+1003,181605,1,0,0,0,0,0,0,-1,-3107.74,-2715.36,34.8232,0.525811,0,0,-0.259888,-0.965639,300,255,1,'','',0,-1,533.333),
(@OGUID+1004,188020,1,0,0,0,0,0,0,-1,-3120.57,-2717.14,34.3549,2.59163,0,0,-0.962431,-0.271527,300,255,1,'','',0,-1,533.333),
(@OGUID+1005,188020,1,0,0,0,0,0,0,-1,-3116.35,-2705.34,35.0325,2.78798,0,0,-0.984411,-0.175885,300,255,1,'','',0,-1,533.333),
(@OGUID+1006,188020,1,0,0,0,0,0,0,-1,-3116.24,-2736.31,34.402,3.13749,0,0,-0.999998,-0.00205143,300,255,1,'','',0,-1,533.333),
(@OGUID+1007,181355,1,0,0,0,0,0,0,-1,-3131.04,-2727.94,34.024,0.346172,0,0,-0.172223,-0.985058,300,255,1,'','',0,-1,533.333),
(@OGUID+1008,181355,1,0,0,0,0,0,0,-1,-3126.28,-2737.81,33.8423,5.71437,0,0,-0.280587,0.959829,300,255,1,'','',0,-1,533.333),
(@OGUID+1009,181355,1,0,0,0,0,0,0,-1,-3129.02,-2713.12,34.9007,5.84005,0,0,-0.219761,0.975554,300,255,1,'','',0,-1,533.333),
(@OGUID+1010,188021,1,0,0,0,0,0,0,-1,-2320.58,-560.988,-5.46485,4.70766,0,0,-0.708775,0.705434,300,255,1,'','',0,-1,533.333),
(@OGUID+1011,188174,1,0,0,0,0,0,0,-1,-2320.58,-560.988,-5.46485,4.70766,0,0,-0.708775,0.705434,300,255,1,'','',0,-1,533.333),
(@OGUID+1012,181305,1,0,0,0,0,0,0,-1,-2324.39,-560.919,-5.40182,0.00313827,0,0,-0.00157641,-0.999999,300,255,1,'','',0,-1,533.333),
(@OGUID+1013,181307,1,0,0,0,0,0,0,-1,-2324.39,-560.919,-4.41189,0.00313827,0,0,-0.00157641,-0.999999,300,255,1,'','',0,-1,533.333),
(@OGUID+1014,187965,1,0,0,0,0,0,0,-1,-2298.3,-547.527,-5.06802,0.368352,0,0,-0.183136,-0.983088,300,255,1,'','',0,-1,533.333),
(@OGUID+1015,181288,1,0,0,0,0,0,0,-1,-2298.3,-547.527,-5.06802,0.368352,0,0,-0.183136,-0.983088,300,255,1,'','',0,-1,533.333),
(@OGUID+1016,181371,1,0,0,0,0,0,0,-1,-2298.3,-547.527,-5.06802,0.368352,0,0,-0.183136,-0.983088,300,255,1,'','',0,-1,533.333),
(@OGUID+1017,181308,1,0,0,0,0,0,0,-1,-2298.3,-547.527,-5.06802,0.368352,0,0,-0.183136,-0.983088,300,0,1,'','',0,-1,533.333),
(@OGUID+1018,181290,1,0,0,0,0,0,0,-1,-2298.3,-547.527,-5.06802,0.368352,0,0,-0.183136,-0.983088,300,0,1,'','',0,-1,533.333),
(@OGUID+1019,181306,1,0,0,0,0,0,0,-1,-2319.77,-563.604,-5.65787,1.0972,0,0,-0.521494,-0.853255,300,255,1,'','',0,-1,533.333),
(@OGUID+1020,181302,1,0,0,0,0,0,0,-1,-2319.18,-559.644,-5.41539,2.16927,0,0,-0.884133,-0.467235,300,255,1,'','',0,-1,533.333),
(@OGUID+1021,181302,1,0,0,0,0,0,0,-1,-2321.02,-558.038,-5.37098,4.46263,0,0,-0.789674,0.613527,300,255,1,'','',0,-1,533.333),
(@OGUID+1022,181605,1,0,0,0,0,0,0,-1,-2339.94,-566.467,-5.45174,2.85884,0,0,-0.990023,-0.140906,300,255,1,'','',0,-1,533.333),
(@OGUID+1023,181355,1,0,0,0,0,0,0,-1,-2316.42,-586.063,-9.16261,4.97158,0,0,-0.609796,0.792558,300,255,1,'','',0,-1,533.333),
(@OGUID+1024,181355,1,0,0,0,0,0,0,-1,-2311.83,-584.583,-9.16234,5.07368,0,0,-0.568557,0.822644,300,255,1,'','',0,-1,533.333),
(@OGUID+1025,188020,1,0,0,0,0,0,0,-1,-2325.83,-589.16,-9.16036,4.98649,0,0,-0.60387,0.797083,300,255,1,'','',0,-1,533.333),
(@OGUID+1026,188020,1,0,0,0,0,0,0,-1,-2301.92,-580.45,-9.30697,5.17813,0,0,-0.524839,0.851201,300,255,1,'','',0,-1,533.333),
(@OGUID+1027,181355,1,0,0,0,0,0,0,-1,-2305.69,-600.143,-9.42383,2.49208,0,0,-0.947728,-0.31908,300,255,1,'','',0,-1,533.333),
(@OGUID+1028,181355,1,0,0,0,0,0,0,-1,-2303.88,-593.249,-9.4249,1.22287,0,0,-0.574044,-0.818825,300,255,1,'','',0,-1,533.333),
(@OGUID+1029,181355,1,0,0,0,0,0,0,-1,-2311.98,-594.604,-9.42417,1.73888,0,0,-0.763967,-0.645255,300,255,1,'','',0,-1,533.333),
(@OGUID+1030,181355,1,0,0,0,0,0,0,-1,-2318.86,-597.3,-9.41966,1.77029,0,0,-0.774008,-0.633176,300,255,1,'','',0,-1,533.333),
(@OGUID+1031,181355,1,0,0,0,0,0,0,-1,-2315.81,-603.048,-9.42341,5.22291,0,0,-0.50565,0.862739,300,255,1,'','',0,-1,533.333),
(@OGUID+1032,181355,1,0,0,0,0,0,0,-1,-2311.66,-608.591,-9.42432,5.52608,0,0,-0.369576,0.9292,300,255,1,'','',0,-1,533.333),
(@OGUID+1033,181355,1,0,0,0,0,0,0,-1,-2308.16,-604.033,-9.42485,1.31242,0,0,-0.610117,-0.792311,300,255,1,'','',0,-1,533.333),
(@OGUID+1034,181337,1,0,0,0,0,0,0,-1,-1038.88,277.229,135.745,4.73579,0,0,-0.698786,0.71533,300,255,1,'','',0,-1,533.333),
(@OGUID+1035,181371,1,0,0,0,0,0,0,-1,-1038.88,277.229,135.745,4.73579,0,0,-0.698786,0.71533,300,255,1,'','',0,-1,533.333),
(@OGUID+1036,188021,1,0,0,0,0,0,0,-1,-1021.39,283.733,135.744,3.09039,0,0,-0.999672,-0.0255996,300,255,1,'','',0,-1,533.333),
(@OGUID+1037,188174,1,0,0,0,0,0,0,-1,-1021.39,283.733,135.744,3.09039,0,0,-0.999672,-0.0255996,300,255,1,'','',0,-1,533.333),
(@OGUID+1038,181305,1,0,0,0,0,0,0,-1,-1020.93,278.651,135.744,4.64156,0,0,-0.731701,0.681626,300,255,1,'','',0,-1,533.333),
(@OGUID+1039,181307,1,0,0,0,0,0,0,-1,-1020.93,278.651,136.734,4.64156,0,0,-0.731701,0.681626,300,255,1,'','',0,-1,533.333),
(@OGUID+1040,181302,1,0,0,0,0,0,0,-1,-1017.16,285.488,135.746,6.26968,0,0,-0.00674986,0.999977,300,255,1,'','',0,-1,533.333),
(@OGUID+1041,181302,1,0,0,0,0,0,0,-1,-1017.35,283.886,135.746,6.26654,0,0,-0.00832349,0.999965,300,255,1,'','',0,-1,533.333),
(@OGUID+1042,181302,1,0,0,0,0,0,0,-1,-1017.25,284.719,136.792,6.14244,0,0,-0.0703136,0.997525,300,255,1,'','',0,-1,533.333),
(@OGUID+1043,181355,1,0,0,0,0,0,0,-1,-1047.22,285.29,135.004,0.85902,0,0,-0.416425,-0.90917,300,255,1,'','',0,-1,533.333),
(@OGUID+1044,181355,1,0,0,0,0,0,0,-1,-1044.02,289.398,135.5,0.760845,0,0,-0.371313,-0.928508,300,255,1,'','',0,-1,533.333),
(@OGUID+1045,181355,1,0,0,0,0,0,0,-1,-1039.62,293.976,135.718,5.90913,0,0,-0.18594,0.982561,300,255,1,'','',0,-1,533.333),
(@OGUID+1046,181355,1,0,0,0,0,0,0,-1,-1035.17,297.794,135.744,5.00393,0,0,-0.596896,0.802319,300,255,1,'','',0,-1,533.333),
(@OGUID+1047,181355,1,0,0,0,0,0,0,-1,-1030.85,302.511,135.746,5.31417,0,0,-0.465775,0.884903,300,255,1,'','',0,-1,533.333),
(@OGUID+1048,188020,1,0,0,0,0,0,0,-1,-1040.37,262.405,135.687,3.19199,0,0,-0.999682,0.0251974,300,255,1,'','',0,-1,533.333),
(@OGUID+1049,188020,1,0,0,0,0,0,0,-1,-1050.89,291.675,134.622,5.54034,0,0,-0.362943,0.931811,300,255,1,'','',0,-1,533.333),
(@OGUID+1050,188020,1,0,0,0,0,0,0,-1,-1044.6,300.271,135.024,5.43825,0,0,-0.410013,0.91208,300,255,1,'','',0,-1,533.333),
(@OGUID+1051,188020,1,0,0,0,0,0,0,-1,-1036.48,307.559,135.202,5.5757,0,0,-0.346412,0.938083,300,255,1,'','',0,-1,533.333),
(@OGUID+1052,181605,1,0,0,0,0,0,0,-1,-1032.39,289.753,135.745,0.12344,0,0,-0.0616807,-0.998096,300,255,1,'','',0,-1,533.333),
(@OGUID+1053,188021,1,0,0,0,0,0,0,-1,-6976,921.19,9.75433,1.42856,0,0,-0.655073,-0.755566,300,255,1,'','',0,-1,533.333),
(@OGUID+1054,188174,1,0,0,0,0,0,0,-1,-6976,921.19,9.75433,1.42856,0,0,-0.655073,-0.755566,300,255,1,'','',0,-1,533.333),
(@OGUID+1055,181305,1,0,0,0,0,0,0,-1,-6978.38,921.986,9.68903,5.90533,0,0,-0.187805,0.982206,300,255,1,'','',0,-1,533.333),
(@OGUID+1056,181307,1,0,0,0,0,0,0,-1,-6978.38,921.986,10.6794,5.90533,0,0,-0.187805,0.982206,300,255,1,'','',0,-1,533.333),
(@OGUID+1057,187950,1,0,0,0,0,0,0,-1,-6991.19,925.291,8.6508,5.7836,0,0,-0.247204,0.968963,300,255,1,'','',0,-1,533.333),
(@OGUID+1058,181288,1,0,0,0,0,0,0,-1,-6991.19,925.291,8.6508,5.7836,0,0,-0.247204,0.968963,300,255,1,'','',0,-1,533.333),
(@OGUID+1059,181371,1,0,0,0,0,0,0,-1,-6991.19,925.291,8.6508,5.7836,0,0,-0.247204,0.968963,300,255,1,'','',0,-1,533.333),
(@OGUID+1060,181308,1,0,0,0,0,0,0,-1,-6991.19,925.291,8.6508,5.7836,0,0,-0.247204,0.968963,300,0,1,'','',0,-1,533.333),
(@OGUID+1061,181290,1,0,0,0,0,0,0,-1,-6991.19,925.291,8.6508,5.7836,0,0,-0.247204,0.968963,300,0,1,'','',0,-1,533.333),
(@OGUID+1062,181306,1,0,0,0,0,0,0,-1,-6975.22,918.814,9.8834,2.77082,0,0,-0.982865,-0.184327,300,255,1,'','',0,-1,533.333),
(@OGUID+1063,181302,1,0,0,0,0,0,0,-1,-6973.75,920.86,9.83319,2.22104,0,0,-0.89593,-0.444196,300,255,1,'','',0,-1,533.333),
(@OGUID+1064,181302,1,0,0,0,0,0,0,-1,-6972.35,922.18,9.96878,5.4451,0,0,-0.406886,0.913479,300,255,1,'','',0,-1,533.333),
(@OGUID+1065,181605,1,0,0,0,0,0,0,-1,-6984.82,942.325,12.0539,1.8528,0,0,-0.799462,-0.600717,300,255,1,'','',0,-1,533.333),
(@OGUID+1066,188020,1,0,0,0,0,0,0,-1,-6955.12,931.547,16.442,0.210121,0,0,-0.104867,-0.994486,300,255,1,'','',0,-1,533.333),
(@OGUID+1067,188020,1,0,0,0,0,0,0,-1,-6965.83,939.426,14.0819,0.909124,0,0,-0.439069,-0.898453,300,255,1,'','',0,-1,533.333),
(@OGUID+1068,188020,1,0,0,0,0,0,0,-1,-6976.85,948.484,12.0082,4.05858,0,0,-0.89672,0.442598,300,255,1,'','',0,-1,533.333),
(@OGUID+1069,181355,1,0,0,0,0,0,0,-1,-6950.91,946.522,16.1203,2.4014,0,0,-0.932292,-0.361706,300,255,1,'','',0,-1,533.333),
(@OGUID+1070,181355,1,0,0,0,0,0,0,-1,-6955.57,950.923,15.2322,2.27181,0,0,-0.906915,-0.421313,300,255,1,'','',0,-1,533.333),
(@OGUID+1071,181355,1,0,0,0,0,0,0,-1,-6960.36,955.57,14.5567,3.98005,0,0,-0.913403,0.407055,300,255,1,'','',0,-1,533.333),
(@OGUID+1072,181355,1,0,0,0,0,0,0,-1,-6965.18,960.137,13.0796,4.13713,0,0,-0.878651,0.477465,300,255,1,'','',0,-1,533.333),
(@OGUID+1073,188021,1,0,0,0,0,0,0,-1,955.486,769.444,104.957,0.604696,0,0,-0.297763,-0.95464,300,255,1,'','',0,-1,533.333),
(@OGUID+1074,188174,1,0,0,0,0,0,0,-1,955.486,769.444,104.957,0.604696,0,0,-0.297763,-0.95464,300,255,1,'','',0,-1,533.333),
(@OGUID+1075,181306,1,0,0,0,0,0,0,-1,947.835,770.924,104.48,5.99251,0,0,-0.144827,0.989457,300,255,1,'','',0,-1,533.333),
(@OGUID+1076,181302,1,0,0,0,0,0,0,-1,949.98,771.664,104.436,4.38637,0,0,-0.812489,0.582977,300,255,1,'','',0,-1,533.333),
(@OGUID+1077,181302,1,0,0,0,0,0,0,-1,949.881,769.42,104.584,1.77412,0,0,-0.775218,-0.631694,300,255,1,'','',0,-1,533.333),
(@OGUID+1078,187968,1,0,0,0,0,0,0,-1,968.064,765.405,106.549,1.29895,0,0,-0.60477,-0.7964,300,255,1,'','',0,-1,533.333),
(@OGUID+1079,181288,1,0,0,0,0,0,0,-1,968.064,765.405,106.549,1.29895,0,0,-0.60477,-0.7964,300,255,1,'','',0,-1,533.333),
(@OGUID+1080,181371,1,0,0,0,0,0,0,-1,968.064,765.405,106.549,1.29895,0,0,-0.60477,-0.7964,300,255,1,'','',0,-1,533.333),
(@OGUID+1081,181308,1,0,0,0,0,0,0,-1,968.064,765.405,106.549,1.29895,0,0,-0.60477,-0.7964,300,0,1,'','',0,-1,533.333),
(@OGUID+1082,181290,1,0,0,0,0,0,0,-1,968.064,765.405,106.549,1.29895,0,0,-0.60477,-0.7964,300,0,1,'','',0,-1,533.333),
(@OGUID+1083,181605,1,0,0,0,0,0,0,-1,937.914,756.626,108.464,1.32409,0,0,-0.614731,-0.788737,300,255,1,'','',0,-1,533.333),
(@OGUID+1084,188020,1,0,0,0,0,0,0,-1,977.112,765.127,108.038,1.00598,0,0,-0.482047,-0.876146,300,255,1,'','',0,-1,533.333),
(@OGUID+1085,188020,1,0,0,0,0,0,0,-1,975.442,751.264,109.819,4.48137,0,0,-0.783889,0.620901,300,255,1,'','',0,-1,533.333),
(@OGUID+1086,188020,1,0,0,0,0,0,0,-1,948.993,795.233,104.931,0.558312,0,0,-0.275544,-0.961288,300,255,1,'','',0,-1,533.333),
(@OGUID+1087,181355,1,0,0,0,0,0,0,-1,952.483,788.64,105.171,0.365889,0,0,-0.181926,-0.983312,300,255,1,'','',0,-1,533.333),
(@OGUID+1088,181355,1,0,0,0,0,0,0,-1,958.217,781.205,106.356,5.50632,0,0,-0.378737,0.925505,300,255,1,'','',0,-1,533.333),
(@OGUID+1089,181355,1,0,0,0,0,0,0,-1,963.156,775.447,107.348,2.2862,0,0,-0.909923,-0.414777,300,255,1,'','',0,-1,533.333),
(@OGUID+1090,181355,1,0,0,0,0,0,0,-1,968.421,771.048,107.674,2.70638,0,0,-0.976417,-0.215891,300,255,1,'','',0,-1,533.333),
(@OGUID+1091,188021,1,0,0,0,0,0,0,-1,-7583.82,-1557.18,-272.295,4.62523,0,0,-0.73724,0.675631,300,255,1,'','',0,-1,533.333),
(@OGUID+1092,188174,1,0,0,0,0,0,0,-1,-7583.82,-1557.18,-272.295,4.62523,0,0,-0.73724,0.675631,300,255,1,'','',0,-1,533.333),
(@OGUID+1093,181305,1,0,0,0,0,0,0,-1,-7583.82,-1552.79,-272.28,1.26215,0,0,-0.590013,-0.807394,300,255,1,'','',0,-1,533.333),
(@OGUID+1094,181307,1,0,0,0,0,0,0,-1,-7583.82,-1552.79,-271.289,1.26215,0,0,-0.590013,-0.807394,300,255,1,'','',0,-1,533.333),
(@OGUID+1095,181306,1,0,0,0,0,0,0,-1,-7581.75,-1558.2,-272.299,1.01868,0,0,-0.4876,-0.873067,300,255,1,'','',0,-1,533.333),
(@OGUID+1096,181302,1,0,0,0,0,0,0,-1,-7583.3,-1561.82,-272.081,2.3892,0,0,-0.930068,-0.367387,300,255,1,'','',0,-1,533.333),
(@OGUID+1097,181302,1,0,0,0,0,0,0,-1,-7584.91,-1560.87,-272.03,2.60911,0,0,-0.964766,-0.263108,300,255,1,'','',0,-1,533.333),
(@OGUID+1098,207992,1,0,0,0,0,0,0,-1,-7599.36,-1554.37,-270.868,1.49384,0,0,-0.679383,-0.733784,300,255,1,'','',0,-1,533.333),
(@OGUID+1099,181288,1,0,0,0,0,0,0,-1,-7599.36,-1554.37,-270.868,1.49384,0,0,-0.679383,-0.733784,300,255,1,'','',0,-1,533.333),
(@OGUID+1100,181371,1,0,0,0,0,0,0,-1,-7599.36,-1554.37,-270.868,1.49384,0,0,-0.679383,-0.733784,300,255,1,'','',0,-1,533.333),
(@OGUID+1101,181308,1,0,0,0,0,0,0,-1,-7599.36,-1554.37,-270.868,1.49384,0,0,-0.679383,-0.733784,300,0,1,'','',0,-1,533.333),
(@OGUID+1102,181290,1,0,0,0,0,0,0,-1,-7599.36,-1554.37,-270.868,1.49384,0,0,-0.679383,-0.733784,300,0,1,'','',0,-1,533.333),
(@OGUID+1103,181605,1,0,0,0,0,0,0,-1,-7567.43,-1567.52,-268.882,0.545845,0,0,-0.269547,-0.962987,300,255,1,'','',0,-1,533.333),
(@OGUID+1104,188020,1,0,0,0,0,0,0,-1,-7564.38,-1546.55,-271.824,0.332242,0,0,-0.165358,-0.986234,300,255,1,'','',0,-1,533.333),
(@OGUID+1105,188020,1,0,0,0,0,0,0,-1,-7570.59,-1540,-270.569,3.51704,0,0,-0.982432,0.186621,300,255,1,'','',0,-1,533.333),
(@OGUID+1106,181355,1,0,0,0,0,0,0,-1,-7560.27,-1556.48,-269.467,0.108396,0,0,-0.0541714,-0.998532,300,255,1,'','',0,-1,533.333),
(@OGUID+1107,188020,1,0,0,0,0,0,0,-1,-7584,-1575.19,-271.528,3.44633,0,0,-0.988414,0.151782,300,255,1,'','',0,-1,533.333),
(@OGUID+1108,188020,1,0,0,0,0,0,0,-1,-7594.78,-1576.03,-270.794,0.0298506,0,0,-0.0149244,-0.999889,300,255,1,'','',0,-1,533.333),
(@OGUID+1109,181355,1,0,0,0,0,0,0,-1,-7572.63,-1570.05,-269.711,1.18046,0,0,-0.556552,-0.830813,300,255,1,'','',0,-1,533.333),
(@OGUID+1110,188021,1,0,0,0,0,0,0,-1,3416.86,-6731.11,52.6983,4.84137,0,0,-0.660068,0.751206,300,255,1,'','',0,-1,533.333),
(@OGUID+1111,188174,1,0,0,0,0,0,0,-1,3416.86,-6731.11,52.6983,4.84137,0,0,-0.660068,0.751206,300,255,1,'','',0,-1,533.333),
(@OGUID+1112,181305,1,0,0,0,0,0,0,-1,3424.38,-6721.41,52.6976,0.169817,0,0,-0.0848069,-0.996397,300,255,1,'','',0,-1,533.333),
(@OGUID+1113,181307,1,0,0,0,0,0,0,-1,3424.38,-6721.41,53.6881,0.169817,0,0,-0.0848069,-0.996397,300,255,1,'','',0,-1,533.333),
(@OGUID+1114,181302,1,0,0,0,0,0,0,-1,3425.48,-6717.67,52.698,6.18598,0,0,-0.0485859,0.998819,300,255,1,'','',0,-1,533.333),
(@OGUID+1115,181302,1,0,0,0,0,0,0,-1,3425.48,-6717.67,53.942,6.18598,0,0,-0.0485859,0.998819,300,255,1,'','',0,-1,533.333),
(@OGUID+1116,181306,1,0,0,0,0,0,0,-1,3423.22,-6725.37,52.6984,5.45554,0,0,-0.40211,0.915591,300,255,1,'','',0,-1,533.333),
(@OGUID+1117,181355,1,0,0,0,0,0,0,-1,3420.51,-6692,52.698,1.33616,0,0,-0.619479,-0.785013,300,255,1,'','',0,-1,533.333),
(@OGUID+1118,181355,1,0,0,0,0,0,0,-1,3429.46,-6693.08,52.6969,6.06818,0,0,-0.107294,0.994227,300,255,1,'','',0,-1,533.333),
(@OGUID+1119,181355,1,0,0,0,0,0,0,-1,3408.32,-6690.88,52.6978,3.09938,0,0,-0.999777,-0.0211048,300,255,1,'','',0,-1,533.333),
(@OGUID+1120,188020,1,0,0,0,0,0,0,-1,3403.73,-6740.35,52.3939,3.20149,0,0,-0.999552,0.0299419,300,255,1,'','',0,-1,533.333),
(@OGUID+1121,188020,1,0,0,0,0,0,0,-1,3402.92,-6724,53.1118,3.23605,0,0,-0.998885,0.0472098,300,255,1,'','',0,-1,533.333),
(@OGUID+1122,188020,1,0,0,0,0,0,0,-1,3403.88,-6701.53,53.7355,3.19049,0,0,-0.999701,0.0244476,300,255,1,'','',0,-1,533.333),
(@OGUID+1123,181605,1,0,0,0,0,0,0,-1,3423.71,-6708.89,52.6975,6.08468,0,0,-0.099088,0.995079,300,255,1,'','',0,-1,533.333),
(@OGUID+1124,188021,1,0,0,0,0,0,0,-1,142.354,-4710.21,18.5765,4.99497,0,0,-0.600484,0.799637,300,255,1,'','',0,-1,533.333),
(@OGUID+1125,188174,1,0,0,0,0,0,0,-1,142.354,-4710.21,18.5765,4.99497,0,0,-0.600484,0.799637,300,255,1,'','',0,-1,533.333),
(@OGUID+1126,181305,1,0,0,0,0,0,0,-1,143.113,-4713.13,18.4513,1.75521,0,0,-0.76921,-0.638996,300,255,1,'','',0,-1,533.333),
(@OGUID+1127,181307,1,0,0,0,0,0,0,-1,143.113,-4713.13,19.4418,1.75521,0,0,-0.76921,-0.638996,300,255,1,'','',0,-1,533.333),
(@OGUID+1128,181306,1,0,0,0,0,0,0,-1,139.185,-4710.97,18.5972,1.75128,0,0,-0.767954,-0.640505,300,255,1,'','',0,-1,533.333),
(@OGUID+1129,181302,1,0,0,0,0,0,0,-1,140.181,-4707.39,18.6014,1.24548,0,0,-0.583264,-0.812283,300,255,1,'','',0,-1,533.333),
(@OGUID+1130,181302,1,0,0,0,0,0,0,-1,142.441,-4706.68,18.6014,1.76777,0,0,-0.773209,-0.634151,300,255,1,'','',0,-1,533.333),
(@OGUID+1131,187958,1,0,0,0,0,0,0,-1,129.151,-4719.42,18.4647,1.75364,0,0,-0.768708,-0.6396,300,255,1,'','',0,-1,533.333),
(@OGUID+1132,181288,1,0,0,0,0,0,0,-1,129.151,-4719.42,18.4647,1.75364,0,0,-0.768708,-0.6396,300,255,1,'','',0,-1,533.333),
(@OGUID+1133,181371,1,0,0,0,0,0,0,-1,129.151,-4719.42,18.4647,1.75364,0,0,-0.768708,-0.6396,300,255,1,'','',0,-1,533.333),
(@OGUID+1134,181308,1,0,0,0,0,0,0,-1,129.151,-4719.42,18.4647,1.75364,0,0,-0.768708,-0.6396,300,0,1,'','',0,-1,533.333),
(@OGUID+1135,181290,1,0,0,0,0,0,0,-1,129.151,-4719.42,18.4647,1.75364,0,0,-0.768708,-0.6396,300,0,1,'','',0,-1,533.333),
(@OGUID+1136,181605,1,0,0,0,0,0,0,-1,141.079,-4731.99,15.8233,1.49837,0,0,-0.681043,-0.732243,300,255,1,'','',0,-1,533.333),
(@OGUID+1137,188020,1,0,0,0,0,0,0,-1,154.776,-4699.22,20.6441,3.12649,0,0,-0.999972,-0.00754881,300,255,1,'','',0,-1,533.333),
(@OGUID+1138,188020,1,0,0,0,0,0,0,-1,119.767,-4717.04,22.8976,6.00812,0,0,-0.137101,0.990557,300,255,1,'','',0,-1,533.333),
(@OGUID+1139,188020,1,0,0,0,0,0,0,-1,127.784,-4702.85,23.8305,5.4717,0,0,-0.394702,0.918809,300,255,1,'','',0,-1,533.333),
(@OGUID+1140,188020,1,0,0,0,0,0,0,-1,138.227,-4693.83,22.178,5.15275,0,0,-0.535601,0.844471,300,255,1,'','',0,-1,533.333),
(@OGUID+1141,181355,1,0,0,0,0,0,0,-1,157.53,-4705.92,19.9048,3.09579,0,0,-0.999738,-0.0228978,300,255,1,'','',0,-1,533.333),
(@OGUID+1142,181355,1,0,0,0,0,0,0,-1,154.069,-4726.76,16.5349,3.39346,0,0,-0.992081,0.125601,300,255,1,'','',0,-1,533.333),
(@OGUID+1143,181355,1,0,0,0,0,0,0,-1,124.416,-4728.75,17.9947,0.634354,0,0,-0.311886,-0.95012,300,255,1,'','',0,-1,533.333),
(@OGUID+1144,188021,1,0,0,0,0,0,0,-1,-4514.8,424.755,46.4528,0.405087,0,0,-0.201161,-0.979558,300,255,1,'','',0,-1,533.333),
(@OGUID+1145,188174,1,0,0,0,0,0,0,-1,-4514.8,424.755,46.4528,0.405087,0,0,-0.201161,-0.979558,300,255,1,'','',0,-1,533.333),
(@OGUID+1146,187961,1,0,0,0,0,0,0,-1,-4501.19,432.858,47.4123,5.27065,0,0,-0.484916,0.874561,300,255,1,'','',0,-1,533.333),
(@OGUID+1147,181288,1,0,0,0,0,0,0,-1,-4501.19,432.858,47.4123,5.27065,0,0,-0.484916,0.874561,300,255,1,'','',0,-1,533.333),
(@OGUID+1148,181371,1,0,0,0,0,0,0,-1,-4501.19,432.858,47.4123,5.27065,0,0,-0.484916,0.874561,300,255,1,'','',0,-1,533.333),
(@OGUID+1149,181308,1,0,0,0,0,0,0,-1,-4501.19,432.858,47.4123,5.27065,0,0,-0.484916,0.874561,300,0,1,'','',0,-1,533.333),
(@OGUID+1150,181290,1,0,0,0,0,0,0,-1,-4501.19,432.858,47.4123,5.27065,0,0,-0.484916,0.874561,300,0,1,'','',0,-1,533.333),
(@OGUID+1151,181306,1,0,0,0,0,0,0,-1,-4521.16,425.399,45.7817,1.02883,0,0,-0.492026,-0.870581,300,255,1,'','',0,-1,533.333),
(@OGUID+1152,181302,1,0,0,0,0,0,0,-1,-4521.79,426.39,45.8889,0.442923,0,0,-0.219656,-0.975578,300,255,1,'','',0,-1,533.333),
(@OGUID+1153,181302,1,0,0,0,0,0,0,-1,-4521.21,428.032,46.0329,5.20637,0,0,-0.512769,0.858526,300,255,1,'','',0,-1,533.333),
(@OGUID+1154,181306,1,0,0,0,0,0,0,-1,-4519.52,426.348,45.9285,2.75984,0,0,-0.981839,-0.189717,300,255,1,'','',0,-1,533.333),
(@OGUID+1155,181305,1,0,0,0,0,0,0,-1,-4513.19,422.339,46.6391,5.2417,0,0,-0.497526,0.867449,300,255,1,'','',0,-1,533.333),
(@OGUID+1156,181307,1,0,0,0,0,0,0,-1,-4513.6,421.132,47.632,1.97836,0,0,-0.835577,-0.549373,300,255,1,'','',0,-1,533.333),
(@OGUID+1157,181605,1,0,0,0,0,0,0,-1,-4504.17,407.547,47.9666,5.9407,0,0,-0.170409,0.985373,300,255,1,'','',0,-1,533.333),
(@OGUID+1158,188020,1,0,0,0,0,0,0,-1,-4510.46,448.195,47.9427,5.89751,0,0,-0.191646,0.981464,300,255,1,'','',0,-1,533.333),
(@OGUID+1159,188020,1,0,0,0,0,0,0,-1,-4491.51,438.582,48.8735,5.87787,0,0,-0.201272,0.979535,300,255,1,'','',0,-1,533.333),
(@OGUID+1160,181355,1,0,0,0,0,0,0,-1,-4497.66,414.176,48.4751,4.29139,0,0,-0.839248,0.543748,300,255,1,'','',0,-1,533.333),
(@OGUID+1161,188020,1,0,0,0,0,0,0,-1,-4528.34,425.403,45.8992,1.82916,0,0,-0.792307,-0.610122,300,255,1,'','',0,-1,533.333),
(@OGUID+1162,181355,1,0,0,0,0,0,0,-1,-4517.33,408.034,46.7482,6.07816,0,0,-0.102331,0.99475,300,255,1,'','',0,-1,533.333),
(@OGUID+1163,188021,1,0,0,0,0,0,0,-1,-302.292,-2693.88,93.6251,4.67041,0,0,-0.721791,0.692111,300,255,1,'','',0,-1,533.333),
(@OGUID+1164,188174,1,0,0,0,0,0,0,-1,-302.292,-2693.88,93.6251,4.67041,0,0,-0.721791,0.692111,300,255,1,'','',0,-1,533.333),
(@OGUID+1165,187971,1,0,0,0,0,0,0,-1,-297.086,-2663.69,93.6125,1.2555,0,0,-0.587326,-0.80935,300,255,1,'','',0,-1,533.333),
(@OGUID+1166,181288,1,0,0,0,0,0,0,-1,-297.086,-2663.69,93.6125,1.2555,0,0,-0.587326,-0.80935,300,255,1,'','',0,-1,533.333),
(@OGUID+1167,181371,1,0,0,0,0,0,0,-1,-297.086,-2663.69,93.6125,1.2555,0,0,-0.587326,-0.80935,300,255,1,'','',0,-1,533.333),
(@OGUID+1168,181308,1,0,0,0,0,0,0,-1,-297.086,-2663.69,93.6125,1.2555,0,0,-0.587326,-0.80935,300,0,1,'','',0,-1,533.333),
(@OGUID+1169,181290,1,0,0,0,0,0,0,-1,-297.086,-2663.69,93.6125,1.2555,0,0,-0.587326,-0.80935,300,0,1,'','',0,-1,533.333),
(@OGUID+1170,188020,1,0,0,0,0,0,0,-1,-310.814,-2671.29,92.989,4.60521,0,0,-0.743968,0.668215,300,255,1,'','',0,-1,533.333),
(@OGUID+1171,188020,1,0,0,0,0,0,0,-1,-323.383,-2671.22,94.0919,4.52274,0,0,-0.770881,0.636979,300,255,1,'','',0,-1,533.333),
(@OGUID+1172,181302,1,0,0,0,0,0,0,-1,-297.135,-2687.49,93.1783,4.3421,0,0,-0.825194,0.56485,300,255,1,'','',0,-1,533.333),
(@OGUID+1173,181302,1,0,0,0,0,0,0,-1,-298.715,-2688.24,93.2306,5.35132,0,0,-0.449254,0.893404,300,255,1,'','',0,-1,533.333),
(@OGUID+1174,181302,1,0,0,0,0,0,0,-1,-296.373,-2689.27,93.2608,3.20327,0,0,-0.999524,0.0308351,300,255,1,'','',0,-1,533.333),
(@OGUID+1175,181306,1,0,0,0,0,0,0,-1,-297.935,-2690.58,93.3465,2.24509,0,0,-0.901206,-0.433392,300,255,1,'','',0,-1,533.333),
(@OGUID+1176,181305,1,0,0,0,0,0,0,-1,-302.457,-2697.53,93.9152,1.51859,0,0,-0.688411,-0.725321,300,255,1,'','',0,-1,533.333),
(@OGUID+1177,181307,1,0,0,0,0,0,0,-1,-302.457,-2697.53,94.9052,1.51859,0,0,-0.688411,-0.725321,300,255,1,'','',0,-1,533.333),
(@OGUID+1178,181605,1,0,0,0,0,0,0,-1,-303.476,-2709.4,94.7725,3.22996,0,0,-0.999024,0.0441707,300,255,1,'','',0,-1,533.333),
(@OGUID+1179,181355,1,0,0,0,0,0,0,-1,-320.63,-2689.03,94.1026,1.3882,0,0,-0.639695,-0.768629,300,255,1,'','',0,-1,533.333),
(@OGUID+1180,181355,1,0,0,0,0,0,0,-1,-327.008,-2686.83,94.825,1.2429,0,0,-0.582216,-0.813034,300,255,1,'','',0,-1,533.333),
(@OGUID+1181,181355,1,0,0,0,0,0,0,-1,-292.921,-2689.62,93.2673,5.47071,0,0,-0.395154,0.918615,300,255,1,'','',0,-1,533.333),
(@OGUID+1182,188020,1,0,0,0,0,0,0,-1,-288.463,-2674.16,92.9554,4.56515,0,0,-0.757201,0.653182,300,255,1,'','',0,-1,533.333),
(@OGUID+1183,188021,1,0,0,0,0,0,0,-1,-3178.89,-1654.9,93.7452,2.6666,0,0,-0.971931,-0.235268,300,255,1,'','',0,-1,533.333),
(@OGUID+1184,188174,1,0,0,0,0,0,0,-1,-3178.89,-1654.9,93.7452,2.6666,0,0,-0.971931,-0.235268,300,255,1,'','',0,-1,533.333),
(@OGUID+1185,181306,1,0,0,0,0,0,0,-1,-3172.2,-1652.1,93.1699,4.0175,0,0,-0.905622,0.424087,300,255,1,'','',0,-1,533.333),
(@OGUID+1186,181306,1,0,0,0,0,0,0,-1,-3173.47,-1652.32,93.3353,5.21915,0,0,-0.507271,0.861787,300,255,1,'','',0,-1,533.333),
(@OGUID+1187,181302,1,0,0,0,0,0,0,-1,-3172.19,-1653.53,93.1638,2.54096,0,0,-0.955242,-0.295825,300,255,1,'','',0,-1,533.333),
(@OGUID+1188,181302,1,0,0,0,0,0,0,-1,-3173.61,-1653.53,93.3223,0.581386,0,0,-0.286616,-0.958045,300,255,1,'','',0,-1,533.333),
(@OGUID+1189,207986,1,0,0,0,0,0,0,-1,-3163.31,-1649.44,91.9202,1.41939,0,0,-0.651603,-0.758561,300,255,1,'','',0,-1,533.333),
(@OGUID+1190,181288,1,0,0,0,0,0,0,-1,-3163.31,-1649.44,91.9202,1.38405,0,0,-0.638097,-0.769956,300,255,1,'','',0,-1,533.333),
(@OGUID+1191,181371,1,0,0,0,0,0,0,-1,-3163.31,-1649.44,91.9202,1.38405,0,0,-0.638097,-0.769956,300,255,1,'','',0,-1,533.333),
(@OGUID+1192,181308,1,0,0,0,0,0,0,-1,-3163.31,-1649.44,91.9202,1.38405,0,0,-0.638097,-0.769956,300,0,1,'','',0,-1,533.333),
(@OGUID+1193,181290,1,0,0,0,0,0,0,-1,-3163.31,-1649.44,91.9202,1.38405,0,0,-0.638097,-0.769956,300,0,1,'','',0,-1,533.333),
(@OGUID+1194,181305,1,0,0,0,0,0,0,-1,-3180.81,-1662.31,93.8889,5.79563,0,0,-0.241369,0.970433,300,255,1,'','',0,-1,533.333),
(@OGUID+1195,181307,1,0,0,0,0,0,0,-1,-3180.81,-1662.31,94.8791,5.79563,0,0,-0.241369,0.970433,300,255,1,'','',0,-1,533.333),
(@OGUID+1196,181605,1,0,0,0,0,0,0,-1,-3165.64,-1670.87,93.8059,1.47201,0,0,-0.671332,-0.741157,300,255,1,'','',0,-1,533.333),
(@OGUID+1197,181355,1,0,0,0,0,0,0,-1,-3185.12,-1667.17,93.1123,3.14055,0,0,-1,-0.000523285,300,255,1,'','',0,-1,533.333),
(@OGUID+1198,181355,1,0,0,0,0,0,0,-1,-3181.09,-1680.33,93.7413,3.58429,0,0,-0.975602,0.219548,300,255,1,'','',0,-1,533.333),
(@OGUID+1199,181355,1,0,0,0,0,0,0,-1,-3176.17,-1691.38,92.8609,3.41151,0,0,-0.990907,0.134548,300,255,1,'','',0,-1,533.333),
(@OGUID+1200,188020,1,0,0,0,0,0,0,-1,-3162.43,-1681.05,93.2133,2.03313,0,0,-0.850306,-0.526289,300,255,1,'','',0,-1,533.333),
(@OGUID+1201,188020,1,0,0,0,0,0,0,-1,-3148.92,-1665.42,92.1094,2.63396,0,0,-0.967961,-0.251099,300,255,1,'','',0,-1,533.333),
(@OGUID+1202,188020,1,0,0,0,0,0,0,-1,-3144.58,-1644.26,92.3979,3.19552,0,0,-0.999636,0.0269628,300,255,1,'','',0,-1,533.333),
(@OGUID+1203,188021,1,0,0,0,0,0,0,-1,-7081.9,-3616.15,9.24276,5.6407,0,0,-0.315744,0.948844,300,255,1,'','',0,-1,533.333),
(@OGUID+1204,188174,1,0,0,0,0,0,0,-1,-7081.9,-3616.15,9.24276,5.6407,0,0,-0.315744,0.948844,300,255,1,'','',0,-1,533.333),
(@OGUID+1205,181305,1,0,0,0,0,0,0,-1,-7079.61,-3612.42,9.15837,4.20499,0,0,-0.861947,0.506999,300,255,1,'','',0,-1,533.333),
(@OGUID+1206,181307,1,0,0,0,0,0,0,-1,-7079.61,-3612.42,10.1491,4.20499,0,0,-0.861947,0.506999,300,255,1,'','',0,-1,533.333),
(@OGUID+1207,181306,1,0,0,0,0,0,0,-1,-7080.87,-3618.73,9.23135,2.82662,0,0,-0.987625,-0.156836,300,255,1,'','',0,-1,533.333),
(@OGUID+1208,181302,1,0,0,0,0,0,0,-1,-7085.36,-3617.29,9.43093,2.14332,0,0,-0.877997,-0.478666,300,255,1,'','',0,-1,533.333),
(@OGUID+1209,181302,1,0,0,0,0,0,0,-1,-7083.5,-3615.54,9.33169,2.37048,0,0,-0.92659,-0.376073,300,255,1,'','',0,-1,533.333),
(@OGUID+1210,187952,1,0,0,0,0,0,0,-1,-7069.04,-3624.9,9.02753,0.642607,0,0,-0.315804,-0.948825,300,255,1,'','',0,-1,533.333),
(@OGUID+1211,181288,1,0,0,0,0,0,0,-1,-7069.04,-3624.9,9.02753,0.642607,0,0,-0.315804,-0.948825,300,255,1,'','',0,-1,533.333),
(@OGUID+1212,181371,1,0,0,0,0,0,0,-1,-7069.04,-3624.9,9.02753,0.642607,0,0,-0.315804,-0.948825,300,255,1,'','',0,-1,533.333),
(@OGUID+1213,181308,1,0,0,0,0,0,0,-1,-7069.04,-3624.9,9.02753,0.642607,0,0,-0.315804,-0.948825,300,0,1,'','',0,-1,533.333),
(@OGUID+1214,181290,1,0,0,0,0,0,0,-1,-7069.04,-3624.9,9.02753,0.642607,0,0,-0.315804,-0.948825,300,0,1,'','',0,-1,533.333),
(@OGUID+1215,181605,1,0,0,0,0,0,0,-1,-7053.23,-3611.54,13.3802,5.69273,0,0,-0.290957,0.956736,300,255,1,'','',0,-1,533.333),
(@OGUID+1216,188020,1,0,0,0,0,0,0,-1,-7085.6,-3636.54,11.1098,3.90091,0,0,-0.928792,0.370602,300,255,1,'','',0,-1,533.333),
(@OGUID+1217,188020,1,0,0,0,0,0,0,-1,-7063.08,-3604.49,9.02443,0.92032,0,0,-0.444091,-0.895981,300,255,1,'','',0,-1,533.333),
(@OGUID+1218,181355,1,0,0,0,0,0,0,-1,-7085.82,-3601.88,9.783,4.10511,0,0,-0.886181,0.463339,300,255,1,'','',0,-1,533.333),
(@OGUID+1219,181355,1,0,0,0,0,0,0,-1,-7089.15,-3607.16,9.50831,4.16401,0,0,-0.872153,0.489233,300,255,1,'','',0,-1,533.333),
(@OGUID+1220,181355,1,0,0,0,0,0,0,-1,-7092.73,-3612.61,9.38726,4.12082,0,0,-0.882515,0.470285,300,255,1,'','',0,-1,533.333),
(@OGUID+1221,181355,1,0,0,0,0,0,0,-1,-7095.87,-3618.95,9.63984,4.37639,0,0,-0.815388,0.578915,300,255,1,'','',0,-1,533.333),
(@OGUID+1222,188021,1,0,0,0,0,0,0,-1,6817.34,-4584.05,709.848,1.93405,0,0,-0.8232,-0.567752,300,255,1,'','',0,-1,533.333),
(@OGUID+1223,188174,1,0,0,0,0,0,0,-1,6817.34,-4584.05,709.848,1.93405,0,0,-0.8232,-0.567752,300,255,1,'','',0,-1,533.333),
(@OGUID+1224,187953,1,0,0,0,0,0,0,-1,6830.77,-4574.6,709.094,2.75636,0,0,-0.981507,-0.191427,300,255,1,'','',0,-1,533.333),
(@OGUID+1225,181288,1,0,0,0,0,0,0,-1,6830.77,-4574.6,709.094,2.75636,0,0,-0.981507,-0.191427,300,255,1,'','',0,-1,533.333),
(@OGUID+1226,181371,1,0,0,0,0,0,0,-1,6830.77,-4574.6,709.094,2.75636,0,0,-0.981507,-0.191427,300,255,1,'','',0,-1,533.333),
(@OGUID+1227,181308,1,0,0,0,0,0,0,-1,6830.77,-4574.6,709.094,2.75636,0,0,-0.981507,-0.191427,300,0,1,'','',0,-1,533.333),
(@OGUID+1228,181290,1,0,0,0,0,0,0,-1,6830.77,-4574.6,709.094,2.75636,0,0,-0.981507,-0.191427,300,0,1,'','',0,-1,533.333),
(@OGUID+1229,181305,1,0,0,0,0,0,0,-1,6813.29,-4586.06,710.178,0.443362,0,0,-0.21987,-0.975529,300,255,1,'','',0,-1,533.333),
(@OGUID+1230,181307,1,0,0,0,0,0,0,-1,6813.29,-4586.06,711.168,0.443362,0,0,-0.21987,-0.975529,300,255,1,'','',0,-1,533.333),
(@OGUID+1231,181306,1,0,0,0,0,0,0,-1,6818.97,-4580.28,709.906,0.510121,0,0,-0.252304,-0.967648,300,255,1,'','',0,-1,533.333),
(@OGUID+1232,181302,1,0,0,0,0,0,0,-1,6816.16,-4581.86,710.103,0.510121,0,0,-0.252304,-0.967648,300,255,1,'','',0,-1,533.333),
(@OGUID+1233,181302,1,0,0,0,0,0,0,-1,6820.06,-4583.2,709.679,3.31164,0,0,-0.996388,0.0849203,300,255,1,'','',0,-1,533.333),
(@OGUID+1234,181605,1,0,0,0,0,0,0,-1,6801.74,-4591.51,710.957,2.44377,0,0,-0.939746,-0.341874,300,255,1,'','',0,-1,533.333),
(@OGUID+1235,188020,1,0,0,0,0,0,0,-1,6833.22,-4590.45,708.513,2.82942,0,0,-0.987843,-0.155455,300,255,1,'','',0,-1,533.333),
(@OGUID+1236,188020,1,0,0,0,0,0,0,-1,6803.9,-4600.94,710.656,4.5141,0,0,-0.773625,0.633644,300,255,1,'','',0,-1,533.333),
(@OGUID+1237,181355,1,0,0,0,0,0,0,-1,6801.12,-4610.31,710.374,0.422178,0,0,-0.209525,-0.977803,300,255,1,'','',0,-1,533.333),
(@OGUID+1238,181355,1,0,0,0,0,0,0,-1,6807.22,-4617.76,710.668,0.461442,0,0,-0.228679,-0.973502,300,255,1,'','',0,-1,533.333),
(@OGUID+1239,188020,1,0,0,0,0,0,0,-1,6821.54,-4600.05,710.669,0.712769,0,0,-0.348888,-0.937164,300,255,1,'','',0,-1,533.333);

-- game event links for objects
DELETE FROM `game_event_gameobject` WHERE `eventEntry` = 1 AND `guid` BETWEEN @OGUID+0 AND @OGUID+1239;
INSERT INTO `game_event_gameobject` VALUES
(1,@OGUID+0),
(1,@OGUID+1),
(1,@OGUID+2),
(1,@OGUID+3),
(1,@OGUID+4),
(1,@OGUID+5),
(1,@OGUID+6),
(1,@OGUID+7),
(1,@OGUID+8),
(1,@OGUID+9),
(1,@OGUID+10),
(1,@OGUID+11),
(1,@OGUID+12),
(1,@OGUID+13),
(1,@OGUID+14),
(1,@OGUID+15),
(1,@OGUID+16),
(1,@OGUID+17),
(1,@OGUID+18),
(1,@OGUID+19),
(1,@OGUID+20),
(1,@OGUID+21),
(1,@OGUID+22),
(1,@OGUID+23),
(1,@OGUID+24),
(1,@OGUID+25),
(1,@OGUID+26),
(1,@OGUID+27),
(1,@OGUID+28),
(1,@OGUID+29),
(1,@OGUID+30),
(1,@OGUID+31),
(1,@OGUID+32),
(1,@OGUID+33),
(1,@OGUID+34),
(1,@OGUID+35),
(1,@OGUID+36),
(1,@OGUID+37),
(1,@OGUID+38),
(1,@OGUID+39),
(1,@OGUID+40),
(1,@OGUID+41),
(1,@OGUID+42),
(1,@OGUID+43),
(1,@OGUID+44),
(1,@OGUID+45),
(1,@OGUID+46),
(1,@OGUID+47),
(1,@OGUID+48),
(1,@OGUID+49),
(1,@OGUID+50),
(1,@OGUID+51),
(1,@OGUID+52),
(1,@OGUID+53),
(1,@OGUID+54),
(1,@OGUID+55),
(1,@OGUID+56),
(1,@OGUID+57),
(1,@OGUID+58),
(1,@OGUID+59),
(1,@OGUID+60),
(1,@OGUID+61),
(1,@OGUID+62),
(1,@OGUID+63),
(1,@OGUID+64),
(1,@OGUID+65),
(1,@OGUID+66),
(1,@OGUID+67),
(1,@OGUID+68),
(1,@OGUID+69),
(1,@OGUID+70),
(1,@OGUID+71),
(1,@OGUID+72),
(1,@OGUID+73),
(1,@OGUID+74),
(1,@OGUID+75),
(1,@OGUID+76),
(1,@OGUID+77),
(1,@OGUID+78),
(1,@OGUID+79),
(1,@OGUID+80),
(1,@OGUID+81),
(1,@OGUID+82),
(1,@OGUID+83),
(1,@OGUID+84),
(1,@OGUID+85),
(1,@OGUID+86),
(1,@OGUID+87),
(1,@OGUID+88),
(1,@OGUID+89),
(1,@OGUID+90),
(1,@OGUID+91),
(1,@OGUID+92),
(1,@OGUID+93),
(1,@OGUID+94),
(1,@OGUID+95),
(1,@OGUID+96),
(1,@OGUID+97),
(1,@OGUID+98),
(1,@OGUID+99),
(1,@OGUID+100),
(1,@OGUID+101),
(1,@OGUID+102),
(1,@OGUID+103),
(1,@OGUID+104),
(1,@OGUID+105),
(1,@OGUID+106),
(1,@OGUID+107),
(1,@OGUID+108),
(1,@OGUID+109),
(1,@OGUID+110),
(1,@OGUID+111),
(1,@OGUID+112),
(1,@OGUID+113),
(1,@OGUID+114),
(1,@OGUID+115),
(1,@OGUID+116),
(1,@OGUID+117),
(1,@OGUID+118),
(1,@OGUID+119),
(1,@OGUID+120),
(1,@OGUID+121),
(1,@OGUID+122),
(1,@OGUID+123),
(1,@OGUID+124),
(1,@OGUID+125),
(1,@OGUID+126),
(1,@OGUID+127),
(1,@OGUID+128),
(1,@OGUID+129),
(1,@OGUID+130),
(1,@OGUID+131),
(1,@OGUID+132),
(1,@OGUID+133),
(1,@OGUID+134),
(1,@OGUID+135),
(1,@OGUID+136),
(1,@OGUID+137),
(1,@OGUID+138),
(1,@OGUID+139),
(1,@OGUID+140),
(1,@OGUID+141),
(1,@OGUID+142),
(1,@OGUID+143),
(1,@OGUID+144),
(1,@OGUID+145),
(1,@OGUID+146),
(1,@OGUID+147),
(1,@OGUID+148),
(1,@OGUID+149),
(1,@OGUID+150),
(1,@OGUID+151),
(1,@OGUID+152),
(1,@OGUID+153),
(1,@OGUID+154),
(1,@OGUID+155),
(1,@OGUID+156),
(1,@OGUID+157),
(1,@OGUID+158),
(1,@OGUID+159),
(1,@OGUID+160),
(1,@OGUID+161),
(1,@OGUID+162),
(1,@OGUID+163),
(1,@OGUID+164),
(1,@OGUID+165),
(1,@OGUID+166),
(1,@OGUID+167),
(1,@OGUID+168),
(1,@OGUID+169),
(1,@OGUID+170),
(1,@OGUID+171),
(1,@OGUID+172),
(1,@OGUID+173),
(1,@OGUID+174),
(1,@OGUID+175),
(1,@OGUID+176),
(1,@OGUID+177),
(1,@OGUID+178),
(1,@OGUID+179),
(1,@OGUID+180),
(1,@OGUID+181),
(1,@OGUID+182),
(1,@OGUID+183),
(1,@OGUID+184),
(1,@OGUID+185),
(1,@OGUID+186),
(1,@OGUID+187),
(1,@OGUID+188),
(1,@OGUID+189),
(1,@OGUID+190),
(1,@OGUID+191),
(1,@OGUID+192),
(1,@OGUID+193),
(1,@OGUID+194),
(1,@OGUID+195),
(1,@OGUID+196),
(1,@OGUID+197),
(1,@OGUID+198),
(1,@OGUID+199),
(1,@OGUID+200),
(1,@OGUID+201),
(1,@OGUID+202),
(1,@OGUID+203),
(1,@OGUID+204),
(1,@OGUID+205),
(1,@OGUID+206),
(1,@OGUID+207),
(1,@OGUID+208),
(1,@OGUID+209),
(1,@OGUID+210),
(1,@OGUID+211),
(1,@OGUID+212),
(1,@OGUID+213),
(1,@OGUID+214),
(1,@OGUID+215),
(1,@OGUID+216),
(1,@OGUID+217),
(1,@OGUID+218),
(1,@OGUID+219),
(1,@OGUID+220),
(1,@OGUID+221),
(1,@OGUID+222),
(1,@OGUID+223),
(1,@OGUID+224),
(1,@OGUID+225),
(1,@OGUID+226),
(1,@OGUID+227),
(1,@OGUID+228),
(1,@OGUID+229),
(1,@OGUID+230),
(1,@OGUID+231),
(1,@OGUID+232),
(1,@OGUID+233),
(1,@OGUID+234),
(1,@OGUID+235),
(1,@OGUID+236),
(1,@OGUID+237),
(1,@OGUID+238),
(1,@OGUID+239),
(1,@OGUID+240),
(1,@OGUID+241),
(1,@OGUID+242),
(1,@OGUID+243),
(1,@OGUID+244),
(1,@OGUID+245),
(1,@OGUID+246),
(1,@OGUID+247),
(1,@OGUID+248),
(1,@OGUID+249),
(1,@OGUID+250),
(1,@OGUID+251),
(1,@OGUID+252),
(1,@OGUID+253),
(1,@OGUID+254),
(1,@OGUID+255),
(1,@OGUID+256),
(1,@OGUID+257),
(1,@OGUID+258),
(1,@OGUID+259),
(1,@OGUID+260),
(1,@OGUID+261),
(1,@OGUID+262),
(1,@OGUID+263),
(1,@OGUID+264),
(1,@OGUID+265),
(1,@OGUID+266),
(1,@OGUID+267),
(1,@OGUID+268),
(1,@OGUID+269),
(1,@OGUID+270),
(1,@OGUID+271),
(1,@OGUID+272),
(1,@OGUID+273),
(1,@OGUID+274),
(1,@OGUID+275),
(1,@OGUID+276),
(1,@OGUID+277),
(1,@OGUID+278),
(1,@OGUID+279),
(1,@OGUID+280),
(1,@OGUID+281),
(1,@OGUID+282),
(1,@OGUID+283),
(1,@OGUID+284),
(1,@OGUID+285),
(1,@OGUID+286),
(1,@OGUID+287),
(1,@OGUID+288),
(1,@OGUID+289),
(1,@OGUID+290),
(1,@OGUID+291),
(1,@OGUID+292),
(1,@OGUID+293),
(1,@OGUID+294),
(1,@OGUID+295),
(1,@OGUID+296),
(1,@OGUID+297),
(1,@OGUID+298),
(1,@OGUID+299),
(1,@OGUID+300),
(1,@OGUID+301),
(1,@OGUID+302),
(1,@OGUID+303),
(1,@OGUID+304),
(1,@OGUID+305),
(1,@OGUID+306),
(1,@OGUID+307),
(1,@OGUID+308),
(1,@OGUID+309),
(1,@OGUID+310),
(1,@OGUID+311),
(1,@OGUID+312),
(1,@OGUID+313),
(1,@OGUID+314),
(1,@OGUID+315),
(1,@OGUID+316),
(1,@OGUID+317),
(1,@OGUID+318),
(1,@OGUID+319),
(1,@OGUID+320),
(1,@OGUID+321),
(1,@OGUID+322),
(1,@OGUID+323),
(1,@OGUID+324),
(1,@OGUID+325),
(1,@OGUID+326),
(1,@OGUID+327),
(1,@OGUID+328),
(1,@OGUID+329),
(1,@OGUID+330),
(1,@OGUID+331),
(1,@OGUID+332),
(1,@OGUID+333),
(1,@OGUID+334),
(1,@OGUID+335),
(1,@OGUID+336),
(1,@OGUID+337),
(1,@OGUID+338),
(1,@OGUID+339),
(1,@OGUID+340),
(1,@OGUID+341),
(1,@OGUID+342),
(1,@OGUID+343),
(1,@OGUID+344),
(1,@OGUID+345),
(1,@OGUID+346),
(1,@OGUID+347),
(1,@OGUID+348),
(1,@OGUID+349),
(1,@OGUID+350),
(1,@OGUID+351),
(1,@OGUID+352),
(1,@OGUID+353),
(1,@OGUID+354),
(1,@OGUID+355),
(1,@OGUID+356),
(1,@OGUID+357),
(1,@OGUID+358),
(1,@OGUID+359),
(1,@OGUID+360),
(1,@OGUID+361),
(1,@OGUID+362),
(1,@OGUID+363),
(1,@OGUID+364),
(1,@OGUID+365),
(1,@OGUID+366),
(1,@OGUID+367),
(1,@OGUID+368),
(1,@OGUID+369),
(1,@OGUID+370),
(1,@OGUID+371),
(1,@OGUID+372),
(1,@OGUID+373),
(1,@OGUID+374),
(1,@OGUID+375),
(1,@OGUID+376),
(1,@OGUID+377),
(1,@OGUID+378),
(1,@OGUID+379),
(1,@OGUID+380),
(1,@OGUID+381),
(1,@OGUID+382),
(1,@OGUID+383),
(1,@OGUID+384),
(1,@OGUID+385),
(1,@OGUID+386),
(1,@OGUID+387),
(1,@OGUID+388),
(1,@OGUID+389),
(1,@OGUID+390),
(1,@OGUID+391),
(1,@OGUID+392),
(1,@OGUID+393),
(1,@OGUID+394),
(1,@OGUID+395),
(1,@OGUID+396),
(1,@OGUID+397),
(1,@OGUID+398),
(1,@OGUID+399),
(1,@OGUID+400),
(1,@OGUID+401),
(1,@OGUID+402),
(1,@OGUID+403),
(1,@OGUID+404),
(1,@OGUID+405),
(1,@OGUID+406),
(1,@OGUID+407),
(1,@OGUID+408),
(1,@OGUID+409),
(1,@OGUID+410),
(1,@OGUID+411),
(1,@OGUID+412),
(1,@OGUID+413),
(1,@OGUID+414),
(1,@OGUID+415),
(1,@OGUID+416),
(1,@OGUID+417),
(1,@OGUID+418),
(1,@OGUID+419),
(1,@OGUID+420),
(1,@OGUID+421),
(1,@OGUID+422),
(1,@OGUID+423),
(1,@OGUID+424),
(1,@OGUID+425),
(1,@OGUID+426),
(1,@OGUID+427),
(1,@OGUID+428),
(1,@OGUID+429),
(1,@OGUID+430),
(1,@OGUID+431),
(1,@OGUID+432),
(1,@OGUID+433),
(1,@OGUID+434),
(1,@OGUID+435),
(1,@OGUID+436),
(1,@OGUID+437),
(1,@OGUID+438),
(1,@OGUID+439),
(1,@OGUID+440),
(1,@OGUID+441),
(1,@OGUID+442),
(1,@OGUID+443),
(1,@OGUID+444),
(1,@OGUID+445),
(1,@OGUID+446),
(1,@OGUID+447),
(1,@OGUID+448),
(1,@OGUID+449),
(1,@OGUID+450),
(1,@OGUID+451),
(1,@OGUID+452),
(1,@OGUID+453),
(1,@OGUID+454),
(1,@OGUID+455),
(1,@OGUID+456),
(1,@OGUID+457),
(1,@OGUID+458),
(1,@OGUID+459),
(1,@OGUID+460),
(1,@OGUID+461),
(1,@OGUID+462),
(1,@OGUID+463),
(1,@OGUID+464),
(1,@OGUID+465),
(1,@OGUID+466),
(1,@OGUID+467),
(1,@OGUID+468),
(1,@OGUID+469),
(1,@OGUID+470),
(1,@OGUID+471),
(1,@OGUID+472),
(1,@OGUID+473),
(1,@OGUID+474),
(1,@OGUID+475),
(1,@OGUID+476),
(1,@OGUID+477),
(1,@OGUID+478),
(1,@OGUID+479),
(1,@OGUID+480),
(1,@OGUID+481),
(1,@OGUID+482),
(1,@OGUID+483),
(1,@OGUID+484),
(1,@OGUID+485),
(1,@OGUID+486),
(1,@OGUID+487),
(1,@OGUID+488),
(1,@OGUID+489),
(1,@OGUID+490),
(1,@OGUID+491),
(1,@OGUID+492),
(1,@OGUID+493),
(1,@OGUID+494),
(1,@OGUID+495),
(1,@OGUID+496),
(1,@OGUID+497),
(1,@OGUID+498),
(1,@OGUID+499),
(1,@OGUID+500),
(1,@OGUID+501),
(1,@OGUID+502),
(1,@OGUID+503),
(1,@OGUID+504),
(1,@OGUID+505),
(1,@OGUID+506),
(1,@OGUID+507),
(1,@OGUID+508),
(1,@OGUID+509),
(1,@OGUID+510),
(1,@OGUID+511),
(1,@OGUID+512),
(1,@OGUID+513),
(1,@OGUID+514),
(1,@OGUID+515),
(1,@OGUID+516),
(1,@OGUID+517),
(1,@OGUID+518),
(1,@OGUID+519),
(1,@OGUID+520),
(1,@OGUID+521),
(1,@OGUID+522),
(1,@OGUID+523),
(1,@OGUID+524),
(1,@OGUID+525),
(1,@OGUID+526),
(1,@OGUID+527),
(1,@OGUID+528),
(1,@OGUID+529),
(1,@OGUID+530),
(1,@OGUID+531),
(1,@OGUID+532),
(1,@OGUID+533),
(1,@OGUID+534),
(1,@OGUID+535),
(1,@OGUID+536),
(1,@OGUID+537),
(1,@OGUID+538),
(1,@OGUID+539),
(1,@OGUID+540),
(1,@OGUID+541),
(1,@OGUID+542),
(1,@OGUID+543),
(1,@OGUID+544),
(1,@OGUID+545),
(1,@OGUID+546),
(1,@OGUID+547),
(1,@OGUID+548),
(1,@OGUID+549),
(1,@OGUID+550),
(1,@OGUID+551),
(1,@OGUID+552),
(1,@OGUID+553),
(1,@OGUID+554),
(1,@OGUID+555),
(1,@OGUID+556),
(1,@OGUID+557),
(1,@OGUID+558),
(1,@OGUID+559),
(1,@OGUID+560),
(1,@OGUID+561),
(1,@OGUID+562),
(1,@OGUID+563),
(1,@OGUID+564),
(1,@OGUID+565),
(1,@OGUID+566),
(1,@OGUID+567),
(1,@OGUID+568),
(1,@OGUID+569),
(1,@OGUID+570),
(1,@OGUID+571),
(1,@OGUID+572),
(1,@OGUID+573),
(1,@OGUID+574),
(1,@OGUID+575),
(1,@OGUID+576),
(1,@OGUID+577),
(1,@OGUID+578),
(1,@OGUID+579),
(1,@OGUID+580),
(1,@OGUID+581),
(1,@OGUID+582),
(1,@OGUID+583),
(1,@OGUID+584),
(1,@OGUID+585),
(1,@OGUID+586),
(1,@OGUID+587),
(1,@OGUID+588),
(1,@OGUID+589),
(1,@OGUID+590),
(1,@OGUID+591),
(1,@OGUID+592),
(1,@OGUID+593),
(1,@OGUID+594),
(1,@OGUID+595),
(1,@OGUID+596),
(1,@OGUID+597),
(1,@OGUID+598),
(1,@OGUID+599),
(1,@OGUID+600),
(1,@OGUID+601),
(1,@OGUID+602),
(1,@OGUID+603),
(1,@OGUID+604),
(1,@OGUID+605),
(1,@OGUID+606),
(1,@OGUID+607),
(1,@OGUID+608),
(1,@OGUID+609),
(1,@OGUID+610),
(1,@OGUID+611),
(1,@OGUID+612),
(1,@OGUID+613),
(1,@OGUID+614),
(1,@OGUID+615),
(1,@OGUID+616),
(1,@OGUID+617),
(1,@OGUID+618),
(1,@OGUID+619),
(1,@OGUID+620),
(1,@OGUID+621),
(1,@OGUID+622),
(1,@OGUID+623),
(1,@OGUID+624),
(1,@OGUID+625),
(1,@OGUID+626),
(1,@OGUID+627),
(1,@OGUID+628),
(1,@OGUID+629),
(1,@OGUID+630),
(1,@OGUID+631),
(1,@OGUID+632),
(1,@OGUID+633),
(1,@OGUID+634),
(1,@OGUID+635),
(1,@OGUID+636),
(1,@OGUID+637),
(1,@OGUID+638),
(1,@OGUID+639),
(1,@OGUID+640),
(1,@OGUID+641),
(1,@OGUID+642),
(1,@OGUID+643),
(1,@OGUID+644),
(1,@OGUID+645),
(1,@OGUID+646),
(1,@OGUID+647),
(1,@OGUID+648),
(1,@OGUID+649),
(1,@OGUID+650),
(1,@OGUID+651),
(1,@OGUID+652),
(1,@OGUID+653),
(1,@OGUID+654),
(1,@OGUID+655),
(1,@OGUID+656),
(1,@OGUID+657),
(1,@OGUID+658),
(1,@OGUID+659),
(1,@OGUID+660),
(1,@OGUID+661),
(1,@OGUID+662),
(1,@OGUID+663),
(1,@OGUID+664),
(1,@OGUID+665),
(1,@OGUID+666),
(1,@OGUID+667),
(1,@OGUID+668),
(1,@OGUID+669),
(1,@OGUID+670),
(1,@OGUID+671),
(1,@OGUID+672),
(1,@OGUID+673),
(1,@OGUID+674),
(1,@OGUID+675),
(1,@OGUID+676),
(1,@OGUID+677),
(1,@OGUID+678),
(1,@OGUID+679),
(1,@OGUID+680),
(1,@OGUID+681),
(1,@OGUID+682),
(1,@OGUID+683),
(1,@OGUID+684),
(1,@OGUID+685),
(1,@OGUID+686),
(1,@OGUID+687),
(1,@OGUID+688),
(1,@OGUID+689),
(1,@OGUID+690),
(1,@OGUID+691),
(1,@OGUID+692),
(1,@OGUID+693),
(1,@OGUID+694),
(1,@OGUID+695),
(1,@OGUID+696),
(1,@OGUID+697),
(1,@OGUID+698),
(1,@OGUID+699),
(1,@OGUID+700),
(1,@OGUID+701),
(1,@OGUID+702),
(1,@OGUID+703),
(1,@OGUID+704),
(1,@OGUID+705),
(1,@OGUID+706),
(1,@OGUID+707),
(1,@OGUID+708),
(1,@OGUID+709),
(1,@OGUID+710),
(1,@OGUID+711),
(1,@OGUID+712),
(1,@OGUID+713),
(1,@OGUID+714),
(1,@OGUID+715),
(1,@OGUID+716),
(1,@OGUID+717),
(1,@OGUID+718),
(1,@OGUID+719),
(1,@OGUID+720),
(1,@OGUID+721),
(1,@OGUID+722),
(1,@OGUID+723),
(1,@OGUID+724),
(1,@OGUID+725),
(1,@OGUID+726),
(1,@OGUID+727),
(1,@OGUID+728),
(1,@OGUID+729),
(1,@OGUID+730),
(1,@OGUID+731),
(1,@OGUID+732),
(1,@OGUID+733),
(1,@OGUID+734),
(1,@OGUID+735),
(1,@OGUID+736),
(1,@OGUID+737),
(1,@OGUID+738),
(1,@OGUID+739),
(1,@OGUID+740),
(1,@OGUID+741),
(1,@OGUID+742),
(1,@OGUID+743),
(1,@OGUID+744),
(1,@OGUID+745),
(1,@OGUID+746),
(1,@OGUID+747),
(1,@OGUID+748),
(1,@OGUID+749),
(1,@OGUID+750),
(1,@OGUID+751),
(1,@OGUID+752),
(1,@OGUID+753),
(1,@OGUID+754),
(1,@OGUID+755),
(1,@OGUID+756),
(1,@OGUID+757),
(1,@OGUID+758),
(1,@OGUID+759),
(1,@OGUID+760),
(1,@OGUID+761),
(1,@OGUID+762),
(1,@OGUID+763),
(1,@OGUID+764),
(1,@OGUID+765),
(1,@OGUID+766),
(1,@OGUID+767),
(1,@OGUID+768),
(1,@OGUID+769),
(1,@OGUID+770),
(1,@OGUID+771),
(1,@OGUID+772),
(1,@OGUID+773),
(1,@OGUID+774),
(1,@OGUID+775),
(1,@OGUID+776),
(1,@OGUID+777),
(1,@OGUID+778),
(1,@OGUID+779),
(1,@OGUID+780),
(1,@OGUID+781),
(1,@OGUID+782),
(1,@OGUID+783),
(1,@OGUID+784),
(1,@OGUID+785),
(1,@OGUID+786),
(1,@OGUID+787),
(1,@OGUID+788),
(1,@OGUID+789),
(1,@OGUID+790),
(1,@OGUID+791),
(1,@OGUID+792),
(1,@OGUID+793),
(1,@OGUID+794),
(1,@OGUID+795),
(1,@OGUID+796),
(1,@OGUID+797),
(1,@OGUID+798),
(1,@OGUID+799),
(1,@OGUID+800),
(1,@OGUID+801),
(1,@OGUID+802),
(1,@OGUID+803),
(1,@OGUID+804),
(1,@OGUID+805),
(1,@OGUID+806),
(1,@OGUID+807),
(1,@OGUID+808),
(1,@OGUID+809),
(1,@OGUID+810),
(1,@OGUID+811),
(1,@OGUID+812),
(1,@OGUID+813),
(1,@OGUID+814),
(1,@OGUID+815),
(1,@OGUID+816),
(1,@OGUID+817),
(1,@OGUID+818),
(1,@OGUID+819),
(1,@OGUID+820),
(1,@OGUID+821),
(1,@OGUID+822),
(1,@OGUID+823),
(1,@OGUID+824),
(1,@OGUID+825),
(1,@OGUID+826),
(1,@OGUID+827),
(1,@OGUID+828),
(1,@OGUID+829),
(1,@OGUID+830),
(1,@OGUID+831),
(1,@OGUID+832),
(1,@OGUID+833),
(1,@OGUID+834),
(1,@OGUID+835),
(1,@OGUID+836),
(1,@OGUID+837),
(1,@OGUID+838),
(1,@OGUID+839),
(1,@OGUID+840),
(1,@OGUID+841),
(1,@OGUID+842),
(1,@OGUID+843),
(1,@OGUID+844),
(1,@OGUID+845),
(1,@OGUID+846),
(1,@OGUID+847),
(1,@OGUID+848),
(1,@OGUID+849),
(1,@OGUID+850),
(1,@OGUID+851),
(1,@OGUID+852),
(1,@OGUID+853),
(1,@OGUID+854),
(1,@OGUID+855),
(1,@OGUID+856),
(1,@OGUID+857),
(1,@OGUID+858),
(1,@OGUID+859),
(1,@OGUID+860),
(1,@OGUID+861),
(1,@OGUID+862),
(1,@OGUID+863),
(1,@OGUID+864),
(1,@OGUID+865),
(1,@OGUID+866),
(1,@OGUID+867),
(1,@OGUID+868),
(1,@OGUID+869),
(1,@OGUID+870),
(1,@OGUID+871),
(1,@OGUID+872),
(1,@OGUID+873),
(1,@OGUID+874),
(1,@OGUID+875),
(1,@OGUID+876),
(1,@OGUID+877),
(1,@OGUID+878),
(1,@OGUID+879),
(1,@OGUID+880),
(1,@OGUID+881),
(1,@OGUID+882),
(1,@OGUID+883),
(1,@OGUID+884),
(1,@OGUID+885),
(1,@OGUID+886),
(1,@OGUID+887),
(1,@OGUID+888),
(1,@OGUID+889),
(1,@OGUID+890),
(1,@OGUID+891),
(1,@OGUID+892),
(1,@OGUID+893),
(1,@OGUID+894),
(1,@OGUID+895),
(1,@OGUID+896),
(1,@OGUID+897),
(1,@OGUID+898),
(1,@OGUID+899),
(1,@OGUID+900),
(1,@OGUID+901),
(1,@OGUID+902),
(1,@OGUID+903),
(1,@OGUID+904),
(1,@OGUID+905),
(1,@OGUID+906),
(1,@OGUID+907),
(1,@OGUID+908),
(1,@OGUID+909),
(1,@OGUID+910),
(1,@OGUID+911),
(1,@OGUID+912),
(1,@OGUID+913),
(1,@OGUID+914),
(1,@OGUID+915),
(1,@OGUID+916),
(1,@OGUID+917),
(1,@OGUID+918),
(1,@OGUID+919),
(1,@OGUID+920),
(1,@OGUID+921),
(1,@OGUID+922),
(1,@OGUID+923),
(1,@OGUID+924),
(1,@OGUID+925),
(1,@OGUID+926),
(1,@OGUID+927),
(1,@OGUID+928),
(1,@OGUID+929),
(1,@OGUID+930),
(1,@OGUID+931),
(1,@OGUID+932),
(1,@OGUID+933),
(1,@OGUID+934),
(1,@OGUID+935),
(1,@OGUID+936),
(1,@OGUID+937),
(1,@OGUID+938),
(1,@OGUID+939),
(1,@OGUID+940),
(1,@OGUID+941),
(1,@OGUID+942),
(1,@OGUID+943),
(1,@OGUID+944),
(1,@OGUID+945),
(1,@OGUID+946),
(1,@OGUID+947),
(1,@OGUID+948),
(1,@OGUID+949),
(1,@OGUID+950),
(1,@OGUID+951),
(1,@OGUID+952),
(1,@OGUID+953),
(1,@OGUID+954),
(1,@OGUID+955),
(1,@OGUID+956),
(1,@OGUID+957),
(1,@OGUID+958),
(1,@OGUID+959),
(1,@OGUID+960),
(1,@OGUID+961),
(1,@OGUID+962),
(1,@OGUID+963),
(1,@OGUID+964),
(1,@OGUID+965),
(1,@OGUID+966),
(1,@OGUID+967),
(1,@OGUID+968),
(1,@OGUID+969),
(1,@OGUID+970),
(1,@OGUID+971),
(1,@OGUID+972),
(1,@OGUID+973),
(1,@OGUID+974),
(1,@OGUID+975),
(1,@OGUID+976),
(1,@OGUID+977),
(1,@OGUID+978),
(1,@OGUID+979),
(1,@OGUID+980),
(1,@OGUID+981),
(1,@OGUID+982),
(1,@OGUID+983),
(1,@OGUID+984),
(1,@OGUID+985),
(1,@OGUID+986),
(1,@OGUID+987),
(1,@OGUID+988),
(1,@OGUID+989),
(1,@OGUID+990),
(1,@OGUID+991),
(1,@OGUID+992),
(1,@OGUID+993),
(1,@OGUID+994),
(1,@OGUID+995),
(1,@OGUID+996),
(1,@OGUID+997),
(1,@OGUID+998),
(1,@OGUID+999),
(1,@OGUID+1000),
(1,@OGUID+1001),
(1,@OGUID+1002),
(1,@OGUID+1003),
(1,@OGUID+1004),
(1,@OGUID+1005),
(1,@OGUID+1006),
(1,@OGUID+1007),
(1,@OGUID+1008),
(1,@OGUID+1009),
(1,@OGUID+1010),
(1,@OGUID+1011),
(1,@OGUID+1012),
(1,@OGUID+1013),
(1,@OGUID+1014),
(1,@OGUID+1015),
(1,@OGUID+1016),
(1,@OGUID+1017),
(1,@OGUID+1018),
(1,@OGUID+1019),
(1,@OGUID+1020),
(1,@OGUID+1021),
(1,@OGUID+1022),
(1,@OGUID+1023),
(1,@OGUID+1024),
(1,@OGUID+1025),
(1,@OGUID+1026),
(1,@OGUID+1027),
(1,@OGUID+1028),
(1,@OGUID+1029),
(1,@OGUID+1030),
(1,@OGUID+1031),
(1,@OGUID+1032),
(1,@OGUID+1033),
(1,@OGUID+1034),
(1,@OGUID+1035),
(1,@OGUID+1036),
(1,@OGUID+1037),
(1,@OGUID+1038),
(1,@OGUID+1039),
(1,@OGUID+1040),
(1,@OGUID+1041),
(1,@OGUID+1042),
(1,@OGUID+1043),
(1,@OGUID+1044),
(1,@OGUID+1045),
(1,@OGUID+1046),
(1,@OGUID+1047),
(1,@OGUID+1048),
(1,@OGUID+1049),
(1,@OGUID+1050),
(1,@OGUID+1051),
(1,@OGUID+1052),
(1,@OGUID+1053),
(1,@OGUID+1054),
(1,@OGUID+1055),
(1,@OGUID+1056),
(1,@OGUID+1057),
(1,@OGUID+1058),
(1,@OGUID+1059),
(1,@OGUID+1060),
(1,@OGUID+1061),
(1,@OGUID+1062),
(1,@OGUID+1063),
(1,@OGUID+1064),
(1,@OGUID+1065),
(1,@OGUID+1066),
(1,@OGUID+1067),
(1,@OGUID+1068),
(1,@OGUID+1069),
(1,@OGUID+1070),
(1,@OGUID+1071),
(1,@OGUID+1072),
(1,@OGUID+1073),
(1,@OGUID+1074),
(1,@OGUID+1075),
(1,@OGUID+1076),
(1,@OGUID+1077),
(1,@OGUID+1078),
(1,@OGUID+1079),
(1,@OGUID+1080),
(1,@OGUID+1081),
(1,@OGUID+1082),
(1,@OGUID+1083),
(1,@OGUID+1084),
(1,@OGUID+1085),
(1,@OGUID+1086),
(1,@OGUID+1087),
(1,@OGUID+1088),
(1,@OGUID+1089),
(1,@OGUID+1090),
(1,@OGUID+1091),
(1,@OGUID+1092),
(1,@OGUID+1093),
(1,@OGUID+1094),
(1,@OGUID+1095),
(1,@OGUID+1096),
(1,@OGUID+1097),
(1,@OGUID+1098),
(1,@OGUID+1099),
(1,@OGUID+1100),
(1,@OGUID+1101),
(1,@OGUID+1102),
(1,@OGUID+1103),
(1,@OGUID+1104),
(1,@OGUID+1105),
(1,@OGUID+1106),
(1,@OGUID+1107),
(1,@OGUID+1108),
(1,@OGUID+1109),
(1,@OGUID+1110),
(1,@OGUID+1111),
(1,@OGUID+1112),
(1,@OGUID+1113),
(1,@OGUID+1114),
(1,@OGUID+1115),
(1,@OGUID+1116),
(1,@OGUID+1117),
(1,@OGUID+1118),
(1,@OGUID+1119),
(1,@OGUID+1120),
(1,@OGUID+1121),
(1,@OGUID+1122),
(1,@OGUID+1123),
(1,@OGUID+1124),
(1,@OGUID+1125),
(1,@OGUID+1126),
(1,@OGUID+1127),
(1,@OGUID+1128),
(1,@OGUID+1129),
(1,@OGUID+1130),
(1,@OGUID+1131),
(1,@OGUID+1132),
(1,@OGUID+1133),
(1,@OGUID+1134),
(1,@OGUID+1135),
(1,@OGUID+1136),
(1,@OGUID+1137),
(1,@OGUID+1138),
(1,@OGUID+1139),
(1,@OGUID+1140),
(1,@OGUID+1141),
(1,@OGUID+1142),
(1,@OGUID+1143),
(1,@OGUID+1144),
(1,@OGUID+1145),
(1,@OGUID+1146),
(1,@OGUID+1147),
(1,@OGUID+1148),
(1,@OGUID+1149),
(1,@OGUID+1150),
(1,@OGUID+1151),
(1,@OGUID+1152),
(1,@OGUID+1153),
(1,@OGUID+1154),
(1,@OGUID+1155),
(1,@OGUID+1156),
(1,@OGUID+1157),
(1,@OGUID+1158),
(1,@OGUID+1159),
(1,@OGUID+1160),
(1,@OGUID+1161),
(1,@OGUID+1162),
(1,@OGUID+1163),
(1,@OGUID+1164),
(1,@OGUID+1165),
(1,@OGUID+1166),
(1,@OGUID+1167),
(1,@OGUID+1168),
(1,@OGUID+1169),
(1,@OGUID+1170),
(1,@OGUID+1171),
(1,@OGUID+1172),
(1,@OGUID+1173),
(1,@OGUID+1174),
(1,@OGUID+1175),
(1,@OGUID+1176),
(1,@OGUID+1177),
(1,@OGUID+1178),
(1,@OGUID+1179),
(1,@OGUID+1180),
(1,@OGUID+1181),
(1,@OGUID+1182),
(1,@OGUID+1183),
(1,@OGUID+1184),
(1,@OGUID+1185),
(1,@OGUID+1186),
(1,@OGUID+1187),
(1,@OGUID+1188),
(1,@OGUID+1189),
(1,@OGUID+1190),
(1,@OGUID+1191),
(1,@OGUID+1192),
(1,@OGUID+1193),
(1,@OGUID+1194),
(1,@OGUID+1195),
(1,@OGUID+1196),
(1,@OGUID+1197),
(1,@OGUID+1198),
(1,@OGUID+1199),
(1,@OGUID+1200),
(1,@OGUID+1201),
(1,@OGUID+1202),
(1,@OGUID+1203),
(1,@OGUID+1204),
(1,@OGUID+1205),
(1,@OGUID+1206),
(1,@OGUID+1207),
(1,@OGUID+1208),
(1,@OGUID+1209),
(1,@OGUID+1210),
(1,@OGUID+1211),
(1,@OGUID+1212),
(1,@OGUID+1213),
(1,@OGUID+1214),
(1,@OGUID+1215),
(1,@OGUID+1216),
(1,@OGUID+1217),
(1,@OGUID+1218),
(1,@OGUID+1219),
(1,@OGUID+1220),
(1,@OGUID+1221),
(1,@OGUID+1222),
(1,@OGUID+1223),
(1,@OGUID+1224),
(1,@OGUID+1225),
(1,@OGUID+1226),
(1,@OGUID+1227),
(1,@OGUID+1228),
(1,@OGUID+1229),
(1,@OGUID+1230),
(1,@OGUID+1231),
(1,@OGUID+1232),
(1,@OGUID+1233),
(1,@OGUID+1234),
(1,@OGUID+1235),
(1,@OGUID+1236),
(1,@OGUID+1237),
(1,@OGUID+1238),
(1,@OGUID+1239);