-- misc quest fixes for the midsummer event
-- quest templates
DELETE FROM `quest_template` WHERE `ID` IN (11882,11924,11921,82080,11657,11731,82087,11970,
11915,11925,11923,11922,82105,11926,82109,11971);
INSERT INTO `quest_template` (`ID`,`QuestType`,`QuestPackageID`,`ContentTuningID`,`QuestSortID`,`QuestInfoID`,`SuggestedGroupNum`,`RewardNextQuest`,`RewardXPDifficulty`,`RewardXPMultiplier`,`RewardMoneyDifficulty`,`RewardMoneyMultiplier`,`RewardBonusMoney`,`RewardDisplaySpell1`,`RewardDisplaySpell2`,`RewardDisplaySpell3`,`RewardSpell`,`RewardHonor`,`RewardKillHonor`,`StartItem`,`RewardArtifactXPDifficulty`,`RewardArtifactXPMultiplier`,`RewardArtifactCategoryID`,`Flags`,`FlagsEx`,`FlagsEx2`,`RewardItem1`,`RewardAmount1`,`RewardItem2`,`RewardAmount2`,`RewardItem3`,`RewardAmount3`,`RewardItem4`,`RewardAmount4`,`ItemDrop1`,`ItemDropQuantity1`,`ItemDrop2`,`ItemDropQuantity2`,`ItemDrop3`,`ItemDropQuantity3`,`ItemDrop4`,`ItemDropQuantity4`,`RewardChoiceItemID1`,`RewardChoiceItemQuantity1`,`RewardChoiceItemDisplayID1`,`RewardChoiceItemID2`,`RewardChoiceItemQuantity2`,`RewardChoiceItemDisplayID2`,`RewardChoiceItemID3`,`RewardChoiceItemQuantity3`,`RewardChoiceItemDisplayID3`,`RewardChoiceItemID4`,`RewardChoiceItemQuantity4`,`RewardChoiceItemDisplayID4`,`RewardChoiceItemID5`,`RewardChoiceItemQuantity5`,`RewardChoiceItemDisplayID5`,`RewardChoiceItemID6`,`RewardChoiceItemQuantity6`,`RewardChoiceItemDisplayID6`,`POIContinent`,`POIx`,`POIy`,`POIPriority`,`RewardTitle`,`RewardArenaPoints`,`RewardSkillLineID`,`RewardNumSkillUps`,`PortraitGiver`,`PortraitGiverMount`,`PortraitGiverModelSceneID`,`PortraitTurnIn`,`RewardFactionID1`,`RewardFactionValue1`,`RewardFactionOverride1`,`RewardFactionCapIn1`,`RewardFactionID2`,`RewardFactionValue2`,`RewardFactionOverride2`,`RewardFactionCapIn2`,`RewardFactionID3`,`RewardFactionValue3`,`RewardFactionOverride3`,`RewardFactionCapIn3`,`RewardFactionID4`,`RewardFactionValue4`,`RewardFactionOverride4`,`RewardFactionCapIn4`,`RewardFactionID5`,`RewardFactionValue5`,`RewardFactionOverride5`,`RewardFactionCapIn5`,`RewardFactionFlags`,`RewardCurrencyID1`,`RewardCurrencyQty1`,`RewardCurrencyID2`,`RewardCurrencyQty2`,`RewardCurrencyID3`,`RewardCurrencyQty3`,`RewardCurrencyID4`,`RewardCurrencyQty4`,`AcceptedSoundKitID`,`CompleteSoundKitID`,`AreaGroupID`,`TimeAllowed`,`AllowableRaces`,`TreasurePickerID`,`Expansion`,`ManagedWorldStateID`,`QuestSessionBonus`,`LogTitle`,`LogDescription`,`QuestDescription`,`AreaDescription`,`PortraitGiverText`,`PortraitGiverName`,`PortraitTurnInText`,`PortraitTurnInName`,`QuestCompletionLog`,`VerifiedBuild`) VALUES (11657,2,0,394,-369,0,0,0,5,1,5,1,61750,0,0,0,0,0,0,34833,0,1,0,0,0,0,34599,5,23247,5,0,0,0,0,0,0,0,0,0,0,0,0,0,0,0,0,0,0,0,0,0,0,0,0,0,0,0,0,0,0,0,0,0,0,0,0,0,0,0,0,0,0,0,0,0,7,0,0,0,7,0,0,0,7,0,0,0,7,0,0,0,7,0,0,0,0,0,0,0,0,0,890,878,0,0,6130900294268439629,0,8,0,0,'Torch Catching','Catch 4 torches then speak with the Master Fire Eater.','Now that you can throw a torch, let\'s see if you can catch one!$B$BTake this stack of unlit torches. Go to the bonfire and throw a torch high into the air.  Catch it before it hits the ground... then throw it back up! Catch four then come back to me.$B$BCareful! They\'re dangerous if they hit the ground! Good luck!','','','(NULL)','(NULL)','(NULL)','Return to Master Fire Eater.',54630);
INSERT INTO `quest_template` (`ID`,`QuestType`,`QuestPackageID`,`ContentTuningID`,`QuestSortID`,`QuestInfoID`,`SuggestedGroupNum`,`RewardNextQuest`,`RewardXPDifficulty`,`RewardXPMultiplier`,`RewardMoneyDifficulty`,`RewardMoneyMultiplier`,`RewardBonusMoney`,`RewardDisplaySpell1`,`RewardDisplaySpell2`,`RewardDisplaySpell3`,`RewardSpell`,`RewardHonor`,`RewardKillHonor`,`StartItem`,`RewardArtifactXPDifficulty`,`RewardArtifactXPMultiplier`,`RewardArtifactCategoryID`,`Flags`,`FlagsEx`,`FlagsEx2`,`RewardItem1`,`RewardAmount1`,`RewardItem2`,`RewardAmount2`,`RewardItem3`,`RewardAmount3`,`RewardItem4`,`RewardAmount4`,`ItemDrop1`,`ItemDropQuantity1`,`ItemDrop2`,`ItemDropQuantity2`,`ItemDrop3`,`ItemDropQuantity3`,`ItemDrop4`,`ItemDropQuantity4`,`RewardChoiceItemID1`,`RewardChoiceItemQuantity1`,`RewardChoiceItemDisplayID1`,`RewardChoiceItemID2`,`RewardChoiceItemQuantity2`,`RewardChoiceItemDisplayID2`,`RewardChoiceItemID3`,`RewardChoiceItemQuantity3`,`RewardChoiceItemDisplayID3`,`RewardChoiceItemID4`,`RewardChoiceItemQuantity4`,`RewardChoiceItemDisplayID4`,`RewardChoiceItemID5`,`RewardChoiceItemQuantity5`,`RewardChoiceItemDisplayID5`,`RewardChoiceItemID6`,`RewardChoiceItemQuantity6`,`RewardChoiceItemDisplayID6`,`POIContinent`,`POIx`,`POIy`,`POIPriority`,`RewardTitle`,`RewardArenaPoints`,`RewardSkillLineID`,`RewardNumSkillUps`,`PortraitGiver`,`PortraitGiverMount`,`PortraitGiverModelSceneID`,`PortraitTurnIn`,`RewardFactionID1`,`RewardFactionValue1`,`RewardFactionOverride1`,`RewardFactionCapIn1`,`RewardFactionID2`,`RewardFactionValue2`,`RewardFactionOverride2`,`RewardFactionCapIn2`,`RewardFactionID3`,`RewardFactionValue3`,`RewardFactionOverride3`,`RewardFactionCapIn3`,`RewardFactionID4`,`RewardFactionValue4`,`RewardFactionOverride4`,`RewardFactionCapIn4`,`RewardFactionID5`,`RewardFactionValue5`,`RewardFactionOverride5`,`RewardFactionCapIn5`,`RewardFactionFlags`,`RewardCurrencyID1`,`RewardCurrencyQty1`,`RewardCurrencyID2`,`RewardCurrencyQty2`,`RewardCurrencyID3`,`RewardCurrencyQty3`,`RewardCurrencyID4`,`RewardCurrencyQty4`,`AcceptedSoundKitID`,`CompleteSoundKitID`,`AreaGroupID`,`TimeAllowed`,`AllowableRaces`,`TreasurePickerID`,`Expansion`,`ManagedWorldStateID`,`QuestSessionBonus`,`LogTitle`,`LogDescription`,`QuestDescription`,`AreaDescription`,`PortraitGiverText`,`PortraitGiverName`,`PortraitTurnInText`,`PortraitTurnInName`,`QuestCompletionLog`,`VerifiedBuild`) VALUES (11731,2,0,394,-369,0,0,11657,5,1,5,1,61750,0,0,0,0,0,0,34862,0,1,0,2,0,0,23247,5,0,0,0,0,0,0,0,0,0,0,0,0,0,0,0,0,0,0,0,0,0,0,0,0,0,0,0,0,0,0,0,0,0,0,0,0,0,0,0,0,0,0,0,0,0,0,0,7,0,0,0,7,0,0,0,7,0,0,0,7,0,0,0,7,0,0,0,0,0,0,0,0,0,890,878,0,40,18446744073709551615,0,8,0,0,'Torch Tossing','Win the torch tossing game, then speak with the Master Fire Eater.','So you want to be a fire juggler?  Do you have what it takes?  The dexterity?  The reflexes?  ...the courage?  If you think so, then let\'s give you a little practice!$B$BTake these torches and run near the bonfire.  You\'ll see  braziers with markers flashing above them.  Toss a torch at a marked brazier.  Be quick! Do it before the mark fades if you want credit for the toss!$B$BHit enough marked braziers before the time limit, then come back here... for your next lesson.','Hit 8 braziers.','','(NULL)','(NULL)','(NULL)','Return to Master Fire Eater.',54630);
INSERT INTO `quest_template` (`ID`,`QuestType`,`QuestPackageID`,`ContentTuningID`,`QuestSortID`,`QuestInfoID`,`SuggestedGroupNum`,`RewardNextQuest`,`RewardXPDifficulty`,`RewardXPMultiplier`,`RewardMoneyDifficulty`,`RewardMoneyMultiplier`,`RewardBonusMoney`,`RewardDisplaySpell1`,`RewardDisplaySpell2`,`RewardDisplaySpell3`,`RewardSpell`,`RewardHonor`,`RewardKillHonor`,`StartItem`,`RewardArtifactXPDifficulty`,`RewardArtifactXPMultiplier`,`RewardArtifactCategoryID`,`Flags`,`FlagsEx`,`FlagsEx2`,`RewardItem1`,`RewardAmount1`,`RewardItem2`,`RewardAmount2`,`RewardItem3`,`RewardAmount3`,`RewardItem4`,`RewardAmount4`,`ItemDrop1`,`ItemDropQuantity1`,`ItemDrop2`,`ItemDropQuantity2`,`ItemDrop3`,`ItemDropQuantity3`,`ItemDrop4`,`ItemDropQuantity4`,`RewardChoiceItemID1`,`RewardChoiceItemQuantity1`,`RewardChoiceItemDisplayID1`,`RewardChoiceItemID2`,`RewardChoiceItemQuantity2`,`RewardChoiceItemDisplayID2`,`RewardChoiceItemID3`,`RewardChoiceItemQuantity3`,`RewardChoiceItemDisplayID3`,`RewardChoiceItemID4`,`RewardChoiceItemQuantity4`,`RewardChoiceItemDisplayID4`,`RewardChoiceItemID5`,`RewardChoiceItemQuantity5`,`RewardChoiceItemDisplayID5`,`RewardChoiceItemID6`,`RewardChoiceItemQuantity6`,`RewardChoiceItemDisplayID6`,`POIContinent`,`POIx`,`POIy`,`POIPriority`,`RewardTitle`,`RewardArenaPoints`,`RewardSkillLineID`,`RewardNumSkillUps`,`PortraitGiver`,`PortraitGiverMount`,`PortraitGiverModelSceneID`,`PortraitTurnIn`,`RewardFactionID1`,`RewardFactionValue1`,`RewardFactionOverride1`,`RewardFactionCapIn1`,`RewardFactionID2`,`RewardFactionValue2`,`RewardFactionOverride2`,`RewardFactionCapIn2`,`RewardFactionID3`,`RewardFactionValue3`,`RewardFactionOverride3`,`RewardFactionCapIn3`,`RewardFactionID4`,`RewardFactionValue4`,`RewardFactionOverride4`,`RewardFactionCapIn4`,`RewardFactionID5`,`RewardFactionValue5`,`RewardFactionOverride5`,`RewardFactionCapIn5`,`RewardFactionFlags`,`RewardCurrencyID1`,`RewardCurrencyQty1`,`RewardCurrencyID2`,`RewardCurrencyQty2`,`RewardCurrencyID3`,`RewardCurrencyQty3`,`RewardCurrencyID4`,`RewardCurrencyQty4`,`AcceptedSoundKitID`,`CompleteSoundKitID`,`AreaGroupID`,`TimeAllowed`,`AllowableRaces`,`TreasurePickerID`,`Expansion`,`ManagedWorldStateID`,`QuestSessionBonus`,`LogTitle`,`LogDescription`,`QuestDescription`,`AreaDescription`,`PortraitGiverText`,`PortraitGiverName`,`PortraitTurnInText`,`PortraitTurnInName`,`QuestCompletionLog`,`VerifiedBuild`) VALUES (11882,2,0,394,-369,0,0,0,1,1,0,1,7700,0,0,0,0,0,0,0,0,1,0,8,0,32,0,0,0,0,0,0,0,0,0,0,0,0,0,0,0,0,0,0,0,0,0,0,0,0,0,0,0,0,0,0,0,0,0,0,0,0,0,0,0,0,0,0,0,0,0,0,0,0,0,7,0,0,0,7,0,0,0,7,0,0,0,7,0,0,0,7,0,0,0,0,0,0,0,0,0,890,878,0,0,6130900294268439629,0,9,0,0,'Playing with Fire','Speak to a Master Fire Eater in any Alliance capital.','Are you interested in learning some hot new skills?$b$bI don\'t know if you\'ll ever be able to match my own considerable skill, but you can probably pick up a trick or two if you\'re an attentive student. Speak to a Master Fire Eater at any Alliance capital. They should be able to help you.',NULL,'','(NULL)','(NULL)','(NULL)','',54630);
INSERT INTO `quest_template` (`ID`,`QuestType`,`QuestPackageID`,`ContentTuningID`,`QuestSortID`,`QuestInfoID`,`SuggestedGroupNum`,`RewardNextQuest`,`RewardXPDifficulty`,`RewardXPMultiplier`,`RewardMoneyDifficulty`,`RewardMoneyMultiplier`,`RewardBonusMoney`,`RewardDisplaySpell1`,`RewardDisplaySpell2`,`RewardDisplaySpell3`,`RewardSpell`,`RewardHonor`,`RewardKillHonor`,`StartItem`,`RewardArtifactXPDifficulty`,`RewardArtifactXPMultiplier`,`RewardArtifactCategoryID`,`Flags`,`FlagsEx`,`FlagsEx2`,`RewardItem1`,`RewardAmount1`,`RewardItem2`,`RewardAmount2`,`RewardItem3`,`RewardAmount3`,`RewardItem4`,`RewardAmount4`,`ItemDrop1`,`ItemDropQuantity1`,`ItemDrop2`,`ItemDropQuantity2`,`ItemDrop3`,`ItemDropQuantity3`,`ItemDrop4`,`ItemDropQuantity4`,`RewardChoiceItemID1`,`RewardChoiceItemQuantity1`,`RewardChoiceItemDisplayID1`,`RewardChoiceItemID2`,`RewardChoiceItemQuantity2`,`RewardChoiceItemDisplayID2`,`RewardChoiceItemID3`,`RewardChoiceItemQuantity3`,`RewardChoiceItemDisplayID3`,`RewardChoiceItemID4`,`RewardChoiceItemQuantity4`,`RewardChoiceItemDisplayID4`,`RewardChoiceItemID5`,`RewardChoiceItemQuantity5`,`RewardChoiceItemDisplayID5`,`RewardChoiceItemID6`,`RewardChoiceItemQuantity6`,`RewardChoiceItemDisplayID6`,`POIContinent`,`POIx`,`POIy`,`POIPriority`,`RewardTitle`,`RewardArenaPoints`,`RewardSkillLineID`,`RewardNumSkillUps`,`PortraitGiver`,`PortraitGiverMount`,`PortraitGiverModelSceneID`,`PortraitTurnIn`,`RewardFactionID1`,`RewardFactionValue1`,`RewardFactionOverride1`,`RewardFactionCapIn1`,`RewardFactionID2`,`RewardFactionValue2`,`RewardFactionOverride2`,`RewardFactionCapIn2`,`RewardFactionID3`,`RewardFactionValue3`,`RewardFactionOverride3`,`RewardFactionCapIn3`,`RewardFactionID4`,`RewardFactionValue4`,`RewardFactionOverride4`,`RewardFactionCapIn4`,`RewardFactionID5`,`RewardFactionValue5`,`RewardFactionOverride5`,`RewardFactionCapIn5`,`RewardFactionFlags`,`RewardCurrencyID1`,`RewardCurrencyQty1`,`RewardCurrencyID2`,`RewardCurrencyQty2`,`RewardCurrencyID3`,`RewardCurrencyQty3`,`RewardCurrencyID4`,`RewardCurrencyQty4`,`AcceptedSoundKitID`,`CompleteSoundKitID`,`AreaGroupID`,`TimeAllowed`,`AllowableRaces`,`TreasurePickerID`,`Expansion`,`ManagedWorldStateID`,`QuestSessionBonus`,`LogTitle`,`LogDescription`,`QuestDescription`,`AreaDescription`,`PortraitGiverText`,`PortraitGiverName`,`PortraitTurnInText`,`PortraitTurnInName`,`QuestCompletionLog`,`VerifiedBuild`) VALUES (11915,2,0,394,-369,0,0,0,1,1,0,1,30,0,0,0,0,0,0,0,0,1,0,8,0,32,0,0,0,0,0,0,0,0,0,0,0,0,0,0,0,0,0,0,0,0,0,0,0,0,0,0,0,0,0,0,0,0,0,0,0,0,0,0,0,0,0,0,0,0,0,0,0,0,0,7,0,0,0,7,0,0,0,7,0,0,0,7,0,0,0,7,0,0,0,0,0,0,0,0,0,890,878,0,0,12261800583900083122,0,8,0,0,'Playing with Fire','Speak to a Master Flame Eater in any Horde capital.','Are you interested in learning some hot new skills?$b$bI don\'t know if you\'ll ever be able to match my own considerable skill, but you can probably pick up a trick or two if you\'re an attentive student. Speak to a Master Flame Eater at any Horde capital. They should be able to help you.',NULL,'','(NULL)','(NULL)','(NULL)','',54630);
INSERT INTO `quest_template` (`ID`,`QuestType`,`QuestPackageID`,`ContentTuningID`,`QuestSortID`,`QuestInfoID`,`SuggestedGroupNum`,`RewardNextQuest`,`RewardXPDifficulty`,`RewardXPMultiplier`,`RewardMoneyDifficulty`,`RewardMoneyMultiplier`,`RewardBonusMoney`,`RewardDisplaySpell1`,`RewardDisplaySpell2`,`RewardDisplaySpell3`,`RewardSpell`,`RewardHonor`,`RewardKillHonor`,`StartItem`,`RewardArtifactXPDifficulty`,`RewardArtifactXPMultiplier`,`RewardArtifactCategoryID`,`Flags`,`FlagsEx`,`FlagsEx2`,`RewardItem1`,`RewardAmount1`,`RewardItem2`,`RewardAmount2`,`RewardItem3`,`RewardAmount3`,`RewardItem4`,`RewardAmount4`,`ItemDrop1`,`ItemDropQuantity1`,`ItemDrop2`,`ItemDropQuantity2`,`ItemDrop3`,`ItemDropQuantity3`,`ItemDrop4`,`ItemDropQuantity4`,`RewardChoiceItemID1`,`RewardChoiceItemQuantity1`,`RewardChoiceItemDisplayID1`,`RewardChoiceItemID2`,`RewardChoiceItemQuantity2`,`RewardChoiceItemDisplayID2`,`RewardChoiceItemID3`,`RewardChoiceItemQuantity3`,`RewardChoiceItemDisplayID3`,`RewardChoiceItemID4`,`RewardChoiceItemQuantity4`,`RewardChoiceItemDisplayID4`,`RewardChoiceItemID5`,`RewardChoiceItemQuantity5`,`RewardChoiceItemDisplayID5`,`RewardChoiceItemID6`,`RewardChoiceItemQuantity6`,`RewardChoiceItemDisplayID6`,`POIContinent`,`POIx`,`POIy`,`POIPriority`,`RewardTitle`,`RewardArenaPoints`,`RewardSkillLineID`,`RewardNumSkillUps`,`PortraitGiver`,`PortraitGiverMount`,`PortraitGiverModelSceneID`,`PortraitTurnIn`,`RewardFactionID1`,`RewardFactionValue1`,`RewardFactionOverride1`,`RewardFactionCapIn1`,`RewardFactionID2`,`RewardFactionValue2`,`RewardFactionOverride2`,`RewardFactionCapIn2`,`RewardFactionID3`,`RewardFactionValue3`,`RewardFactionOverride3`,`RewardFactionCapIn3`,`RewardFactionID4`,`RewardFactionValue4`,`RewardFactionOverride4`,`RewardFactionCapIn4`,`RewardFactionID5`,`RewardFactionValue5`,`RewardFactionOverride5`,`RewardFactionCapIn5`,`RewardFactionFlags`,`RewardCurrencyID1`,`RewardCurrencyQty1`,`RewardCurrencyID2`,`RewardCurrencyQty2`,`RewardCurrencyID3`,`RewardCurrencyQty3`,`RewardCurrencyID4`,`RewardCurrencyQty4`,`AcceptedSoundKitID`,`CompleteSoundKitID`,`AreaGroupID`,`TimeAllowed`,`AllowableRaces`,`TreasurePickerID`,`Expansion`,`ManagedWorldStateID`,`QuestSessionBonus`,`LogTitle`,`LogDescription`,`QuestDescription`,`AreaDescription`,`PortraitGiverText`,`PortraitGiverName`,`PortraitTurnInText`,`PortraitTurnInName`,`QuestCompletionLog`,`VerifiedBuild`) VALUES (11921,2,0,394,-369,0,0,0,5,1,5,1,61750,0,0,0,0,0,0,34862,0,1,0,4098,0,0,23247,5,0,0,0,0,0,0,0,0,0,0,0,0,0,0,0,0,0,0,0,0,0,0,0,0,0,0,0,0,0,0,0,0,0,0,0,0,0,0,0,0,0,0,0,0,0,0,0,7,0,0,0,7,0,0,0,7,0,0,0,7,0,0,0,7,0,0,0,0,0,0,0,0,0,890,878,0,90,18446744073709551615,0,8,0,0,'More Torch Tossing','Win the torch tossing game, then speak with the Master Fire Eater.','Hello, fire juggler!  Are you having fun and making fiery mayhem?  That\'s what I like to hear!  Now, do you think you\'re an expert at torch tossing?  Then I have a test for you...$B$BYou know the rules: toss torches at the marked braziers.  This time, however, you have a little more time and a LOT more braziers to hit.$B$BReady?','Hit 20 braziers.','','(NULL)','(NULL)','(NULL)','Return to Master Fire Eater.',54630);
INSERT INTO `quest_template` (`ID`,`QuestType`,`QuestPackageID`,`ContentTuningID`,`QuestSortID`,`QuestInfoID`,`SuggestedGroupNum`,`RewardNextQuest`,`RewardXPDifficulty`,`RewardXPMultiplier`,`RewardMoneyDifficulty`,`RewardMoneyMultiplier`,`RewardBonusMoney`,`RewardDisplaySpell1`,`RewardDisplaySpell2`,`RewardDisplaySpell3`,`RewardSpell`,`RewardHonor`,`RewardKillHonor`,`StartItem`,`RewardArtifactXPDifficulty`,`RewardArtifactXPMultiplier`,`RewardArtifactCategoryID`,`Flags`,`FlagsEx`,`FlagsEx2`,`RewardItem1`,`RewardAmount1`,`RewardItem2`,`RewardAmount2`,`RewardItem3`,`RewardAmount3`,`RewardItem4`,`RewardAmount4`,`ItemDrop1`,`ItemDropQuantity1`,`ItemDrop2`,`ItemDropQuantity2`,`ItemDrop3`,`ItemDropQuantity3`,`ItemDrop4`,`ItemDropQuantity4`,`RewardChoiceItemID1`,`RewardChoiceItemQuantity1`,`RewardChoiceItemDisplayID1`,`RewardChoiceItemID2`,`RewardChoiceItemQuantity2`,`RewardChoiceItemDisplayID2`,`RewardChoiceItemID3`,`RewardChoiceItemQuantity3`,`RewardChoiceItemDisplayID3`,`RewardChoiceItemID4`,`RewardChoiceItemQuantity4`,`RewardChoiceItemDisplayID4`,`RewardChoiceItemID5`,`RewardChoiceItemQuantity5`,`RewardChoiceItemDisplayID5`,`RewardChoiceItemID6`,`RewardChoiceItemQuantity6`,`RewardChoiceItemDisplayID6`,`POIContinent`,`POIx`,`POIy`,`POIPriority`,`RewardTitle`,`RewardArenaPoints`,`RewardSkillLineID`,`RewardNumSkillUps`,`PortraitGiver`,`PortraitGiverMount`,`PortraitGiverModelSceneID`,`PortraitTurnIn`,`RewardFactionID1`,`RewardFactionValue1`,`RewardFactionOverride1`,`RewardFactionCapIn1`,`RewardFactionID2`,`RewardFactionValue2`,`RewardFactionOverride2`,`RewardFactionCapIn2`,`RewardFactionID3`,`RewardFactionValue3`,`RewardFactionOverride3`,`RewardFactionCapIn3`,`RewardFactionID4`,`RewardFactionValue4`,`RewardFactionOverride4`,`RewardFactionCapIn4`,`RewardFactionID5`,`RewardFactionValue5`,`RewardFactionOverride5`,`RewardFactionCapIn5`,`RewardFactionFlags`,`RewardCurrencyID1`,`RewardCurrencyQty1`,`RewardCurrencyID2`,`RewardCurrencyQty2`,`RewardCurrencyID3`,`RewardCurrencyQty3`,`RewardCurrencyID4`,`RewardCurrencyQty4`,`AcceptedSoundKitID`,`CompleteSoundKitID`,`AreaGroupID`,`TimeAllowed`,`AllowableRaces`,`TreasurePickerID`,`Expansion`,`ManagedWorldStateID`,`QuestSessionBonus`,`LogTitle`,`LogDescription`,`QuestDescription`,`AreaDescription`,`PortraitGiverText`,`PortraitGiverName`,`PortraitTurnInText`,`PortraitTurnInName`,`QuestCompletionLog`,`VerifiedBuild`) VALUES (11922,2,0,394,-369,0,0,11923,5,1,5,1,61750,0,0,0,0,0,0,34862,0,1,0,2,0,0,23247,5,0,0,0,0,0,0,0,0,0,0,0,0,0,0,0,0,0,0,0,0,0,0,0,0,0,0,0,0,0,0,0,0,0,0,0,0,0,0,0,0,0,0,0,0,0,0,0,7,0,0,0,7,0,0,0,7,0,0,0,7,0,0,0,7,0,0,0,0,0,0,0,0,0,890,878,0,40,12261800583900083122,0,8,0,0,'Torch Tossing','Win the torch tossing game, then speak with the Master Flame Eater.','So you want to be a fire juggler?  Do you have what it takes?  The dexterity?  The reflexes?  ...the courage?  If you think so, then let\'s give you a little practice!$B$BTake these torches and run near the bonfire.  You\'ll see  braziers with markers flashing above them.  Toss a torch at a marked brazier.  Be quick! Do it before the mark fades if you want credit for the toss!$B$BHit enough marked braziers before the time limit, then come back here... for your next lesson.','Hit 8 braziers.','','(NULL)','(NULL)','(NULL)','Return to Master Flame Eater.',54630);
INSERT INTO `quest_template` (`ID`,`QuestType`,`QuestPackageID`,`ContentTuningID`,`QuestSortID`,`QuestInfoID`,`SuggestedGroupNum`,`RewardNextQuest`,`RewardXPDifficulty`,`RewardXPMultiplier`,`RewardMoneyDifficulty`,`RewardMoneyMultiplier`,`RewardBonusMoney`,`RewardDisplaySpell1`,`RewardDisplaySpell2`,`RewardDisplaySpell3`,`RewardSpell`,`RewardHonor`,`RewardKillHonor`,`StartItem`,`RewardArtifactXPDifficulty`,`RewardArtifactXPMultiplier`,`RewardArtifactCategoryID`,`Flags`,`FlagsEx`,`FlagsEx2`,`RewardItem1`,`RewardAmount1`,`RewardItem2`,`RewardAmount2`,`RewardItem3`,`RewardAmount3`,`RewardItem4`,`RewardAmount4`,`ItemDrop1`,`ItemDropQuantity1`,`ItemDrop2`,`ItemDropQuantity2`,`ItemDrop3`,`ItemDropQuantity3`,`ItemDrop4`,`ItemDropQuantity4`,`RewardChoiceItemID1`,`RewardChoiceItemQuantity1`,`RewardChoiceItemDisplayID1`,`RewardChoiceItemID2`,`RewardChoiceItemQuantity2`,`RewardChoiceItemDisplayID2`,`RewardChoiceItemID3`,`RewardChoiceItemQuantity3`,`RewardChoiceItemDisplayID3`,`RewardChoiceItemID4`,`RewardChoiceItemQuantity4`,`RewardChoiceItemDisplayID4`,`RewardChoiceItemID5`,`RewardChoiceItemQuantity5`,`RewardChoiceItemDisplayID5`,`RewardChoiceItemID6`,`RewardChoiceItemQuantity6`,`RewardChoiceItemDisplayID6`,`POIContinent`,`POIx`,`POIy`,`POIPriority`,`RewardTitle`,`RewardArenaPoints`,`RewardSkillLineID`,`RewardNumSkillUps`,`PortraitGiver`,`PortraitGiverMount`,`PortraitGiverModelSceneID`,`PortraitTurnIn`,`RewardFactionID1`,`RewardFactionValue1`,`RewardFactionOverride1`,`RewardFactionCapIn1`,`RewardFactionID2`,`RewardFactionValue2`,`RewardFactionOverride2`,`RewardFactionCapIn2`,`RewardFactionID3`,`RewardFactionValue3`,`RewardFactionOverride3`,`RewardFactionCapIn3`,`RewardFactionID4`,`RewardFactionValue4`,`RewardFactionOverride4`,`RewardFactionCapIn4`,`RewardFactionID5`,`RewardFactionValue5`,`RewardFactionOverride5`,`RewardFactionCapIn5`,`RewardFactionFlags`,`RewardCurrencyID1`,`RewardCurrencyQty1`,`RewardCurrencyID2`,`RewardCurrencyQty2`,`RewardCurrencyID3`,`RewardCurrencyQty3`,`RewardCurrencyID4`,`RewardCurrencyQty4`,`AcceptedSoundKitID`,`CompleteSoundKitID`,`AreaGroupID`,`TimeAllowed`,`AllowableRaces`,`TreasurePickerID`,`Expansion`,`ManagedWorldStateID`,`QuestSessionBonus`,`LogTitle`,`LogDescription`,`QuestDescription`,`AreaDescription`,`PortraitGiverText`,`PortraitGiverName`,`PortraitTurnInText`,`PortraitTurnInName`,`QuestCompletionLog`,`VerifiedBuild`) VALUES (11923,2,0,394,-369,0,0,0,5,1,5,1,61750,0,0,0,0,0,0,34833,0,1,0,0,0,0,34599,5,23247,5,0,0,0,0,0,0,0,0,0,0,0,0,0,0,0,0,0,0,0,0,0,0,0,0,0,0,0,0,0,0,0,0,0,0,0,0,0,0,0,0,0,0,0,0,0,7,0,0,0,7,0,0,0,7,0,0,0,7,0,0,0,7,0,0,0,0,0,0,0,0,0,890,878,0,0,12261800583900083122,0,8,0,0,'Torch Catching','Catch 4 torches in a row, then speak with the Master Flame Eater.','Now that you can throw a torch, let\'s see if you can catch one!$B$BTake this stack of unlit torches.  Go to the bonfire and throw a torch high into the air.  Catch it before it hits the ground... then throw it back up!  Catch four then come back to me.$B$BCareful! They\'re dangerous if they hit the ground! Good luck!','','','(NULL)','(NULL)','(NULL)','Return to Master Flame Eater.',54630);
INSERT INTO `quest_template` (`ID`,`QuestType`,`QuestPackageID`,`ContentTuningID`,`QuestSortID`,`QuestInfoID`,`SuggestedGroupNum`,`RewardNextQuest`,`RewardXPDifficulty`,`RewardXPMultiplier`,`RewardMoneyDifficulty`,`RewardMoneyMultiplier`,`RewardBonusMoney`,`RewardDisplaySpell1`,`RewardDisplaySpell2`,`RewardDisplaySpell3`,`RewardSpell`,`RewardHonor`,`RewardKillHonor`,`StartItem`,`RewardArtifactXPDifficulty`,`RewardArtifactXPMultiplier`,`RewardArtifactCategoryID`,`Flags`,`FlagsEx`,`FlagsEx2`,`RewardItem1`,`RewardAmount1`,`RewardItem2`,`RewardAmount2`,`RewardItem3`,`RewardAmount3`,`RewardItem4`,`RewardAmount4`,`ItemDrop1`,`ItemDropQuantity1`,`ItemDrop2`,`ItemDropQuantity2`,`ItemDrop3`,`ItemDropQuantity3`,`ItemDrop4`,`ItemDropQuantity4`,`RewardChoiceItemID1`,`RewardChoiceItemQuantity1`,`RewardChoiceItemDisplayID1`,`RewardChoiceItemID2`,`RewardChoiceItemQuantity2`,`RewardChoiceItemDisplayID2`,`RewardChoiceItemID3`,`RewardChoiceItemQuantity3`,`RewardChoiceItemDisplayID3`,`RewardChoiceItemID4`,`RewardChoiceItemQuantity4`,`RewardChoiceItemDisplayID4`,`RewardChoiceItemID5`,`RewardChoiceItemQuantity5`,`RewardChoiceItemDisplayID5`,`RewardChoiceItemID6`,`RewardChoiceItemQuantity6`,`RewardChoiceItemDisplayID6`,`POIContinent`,`POIx`,`POIy`,`POIPriority`,`RewardTitle`,`RewardArenaPoints`,`RewardSkillLineID`,`RewardNumSkillUps`,`PortraitGiver`,`PortraitGiverMount`,`PortraitGiverModelSceneID`,`PortraitTurnIn`,`RewardFactionID1`,`RewardFactionValue1`,`RewardFactionOverride1`,`RewardFactionCapIn1`,`RewardFactionID2`,`RewardFactionValue2`,`RewardFactionOverride2`,`RewardFactionCapIn2`,`RewardFactionID3`,`RewardFactionValue3`,`RewardFactionOverride3`,`RewardFactionCapIn3`,`RewardFactionID4`,`RewardFactionValue4`,`RewardFactionOverride4`,`RewardFactionCapIn4`,`RewardFactionID5`,`RewardFactionValue5`,`RewardFactionOverride5`,`RewardFactionCapIn5`,`RewardFactionFlags`,`RewardCurrencyID1`,`RewardCurrencyQty1`,`RewardCurrencyID2`,`RewardCurrencyQty2`,`RewardCurrencyID3`,`RewardCurrencyQty3`,`RewardCurrencyID4`,`RewardCurrencyQty4`,`AcceptedSoundKitID`,`CompleteSoundKitID`,`AreaGroupID`,`TimeAllowed`,`AllowableRaces`,`TreasurePickerID`,`Expansion`,`ManagedWorldStateID`,`QuestSessionBonus`,`LogTitle`,`LogDescription`,`QuestDescription`,`AreaDescription`,`PortraitGiverText`,`PortraitGiverName`,`PortraitTurnInText`,`PortraitTurnInName`,`QuestCompletionLog`,`VerifiedBuild`) VALUES (11924,2,0,394,-369,0,0,0,5,1,5,1,61750,0,0,0,0,0,0,34833,0,1,0,4098,0,0,23247,5,0,0,0,0,0,0,0,0,0,0,0,0,0,0,0,0,0,0,0,0,0,0,0,0,0,0,0,0,0,0,0,0,0,0,0,0,0,0,0,0,0,0,0,0,0,0,0,7,0,0,0,7,0,0,0,7,0,0,0,7,0,0,0,7,0,0,0,0,0,0,0,0,0,890,878,0,0,18446744073709551615,0,8,0,0,'More Torch Catching','Catch 10 torches in a row, then speak with the Master Fire Eater.','Torch catching sure keeps you on your toes.  Think you can keep it up for a long time?$B$BLet\'s see...','Catch 10 torches in a row.','','(NULL)','(NULL)','(NULL)','Return to Master Fire Eater.',53007);
INSERT INTO `quest_template` (`ID`,`QuestType`,`QuestPackageID`,`ContentTuningID`,`QuestSortID`,`QuestInfoID`,`SuggestedGroupNum`,`RewardNextQuest`,`RewardXPDifficulty`,`RewardXPMultiplier`,`RewardMoneyDifficulty`,`RewardMoneyMultiplier`,`RewardBonusMoney`,`RewardDisplaySpell1`,`RewardDisplaySpell2`,`RewardDisplaySpell3`,`RewardSpell`,`RewardHonor`,`RewardKillHonor`,`StartItem`,`RewardArtifactXPDifficulty`,`RewardArtifactXPMultiplier`,`RewardArtifactCategoryID`,`Flags`,`FlagsEx`,`FlagsEx2`,`RewardItem1`,`RewardAmount1`,`RewardItem2`,`RewardAmount2`,`RewardItem3`,`RewardAmount3`,`RewardItem4`,`RewardAmount4`,`ItemDrop1`,`ItemDropQuantity1`,`ItemDrop2`,`ItemDropQuantity2`,`ItemDrop3`,`ItemDropQuantity3`,`ItemDrop4`,`ItemDropQuantity4`,`RewardChoiceItemID1`,`RewardChoiceItemQuantity1`,`RewardChoiceItemDisplayID1`,`RewardChoiceItemID2`,`RewardChoiceItemQuantity2`,`RewardChoiceItemDisplayID2`,`RewardChoiceItemID3`,`RewardChoiceItemQuantity3`,`RewardChoiceItemDisplayID3`,`RewardChoiceItemID4`,`RewardChoiceItemQuantity4`,`RewardChoiceItemDisplayID4`,`RewardChoiceItemID5`,`RewardChoiceItemQuantity5`,`RewardChoiceItemDisplayID5`,`RewardChoiceItemID6`,`RewardChoiceItemQuantity6`,`RewardChoiceItemDisplayID6`,`POIContinent`,`POIx`,`POIy`,`POIPriority`,`RewardTitle`,`RewardArenaPoints`,`RewardSkillLineID`,`RewardNumSkillUps`,`PortraitGiver`,`PortraitGiverMount`,`PortraitGiverModelSceneID`,`PortraitTurnIn`,`RewardFactionID1`,`RewardFactionValue1`,`RewardFactionOverride1`,`RewardFactionCapIn1`,`RewardFactionID2`,`RewardFactionValue2`,`RewardFactionOverride2`,`RewardFactionCapIn2`,`RewardFactionID3`,`RewardFactionValue3`,`RewardFactionOverride3`,`RewardFactionCapIn3`,`RewardFactionID4`,`RewardFactionValue4`,`RewardFactionOverride4`,`RewardFactionCapIn4`,`RewardFactionID5`,`RewardFactionValue5`,`RewardFactionOverride5`,`RewardFactionCapIn5`,`RewardFactionFlags`,`RewardCurrencyID1`,`RewardCurrencyQty1`,`RewardCurrencyID2`,`RewardCurrencyQty2`,`RewardCurrencyID3`,`RewardCurrencyQty3`,`RewardCurrencyID4`,`RewardCurrencyQty4`,`AcceptedSoundKitID`,`CompleteSoundKitID`,`AreaGroupID`,`TimeAllowed`,`AllowableRaces`,`TreasurePickerID`,`Expansion`,`ManagedWorldStateID`,`QuestSessionBonus`,`LogTitle`,`LogDescription`,`QuestDescription`,`AreaDescription`,`PortraitGiverText`,`PortraitGiverName`,`PortraitTurnInText`,`PortraitTurnInName`,`QuestCompletionLog`,`VerifiedBuild`) VALUES (11925,2,0,394,-369,0,0,0,5,1,5,1,270,0,0,0,0,0,0,34833,0,1,0,4096,0,0,23247,5,0,0,0,0,0,0,0,0,0,0,0,0,0,0,0,0,0,0,0,0,0,0,0,0,0,0,0,0,0,0,0,0,0,0,0,0,0,0,0,0,0,0,0,0,0,0,0,7,0,0,0,7,0,0,0,7,0,0,0,7,0,0,0,7,0,0,0,0,0,0,0,0,0,890,878,0,0,12261800583900083122,0,8,0,0,'More Torch Catching','Catch 10 torches then speak with the Master Flame Eater.','Torch catching sure keeps you on your toes.  Think you can keep it up for a long time?$B$BLet\'s see...','','','(NULL)','(NULL)','(NULL)','Return to Master Flame Eater.',54630);
INSERT INTO `quest_template` (`ID`,`QuestType`,`QuestPackageID`,`ContentTuningID`,`QuestSortID`,`QuestInfoID`,`SuggestedGroupNum`,`RewardNextQuest`,`RewardXPDifficulty`,`RewardXPMultiplier`,`RewardMoneyDifficulty`,`RewardMoneyMultiplier`,`RewardBonusMoney`,`RewardDisplaySpell1`,`RewardDisplaySpell2`,`RewardDisplaySpell3`,`RewardSpell`,`RewardHonor`,`RewardKillHonor`,`StartItem`,`RewardArtifactXPDifficulty`,`RewardArtifactXPMultiplier`,`RewardArtifactCategoryID`,`Flags`,`FlagsEx`,`FlagsEx2`,`RewardItem1`,`RewardAmount1`,`RewardItem2`,`RewardAmount2`,`RewardItem3`,`RewardAmount3`,`RewardItem4`,`RewardAmount4`,`ItemDrop1`,`ItemDropQuantity1`,`ItemDrop2`,`ItemDropQuantity2`,`ItemDrop3`,`ItemDropQuantity3`,`ItemDrop4`,`ItemDropQuantity4`,`RewardChoiceItemID1`,`RewardChoiceItemQuantity1`,`RewardChoiceItemDisplayID1`,`RewardChoiceItemID2`,`RewardChoiceItemQuantity2`,`RewardChoiceItemDisplayID2`,`RewardChoiceItemID3`,`RewardChoiceItemQuantity3`,`RewardChoiceItemDisplayID3`,`RewardChoiceItemID4`,`RewardChoiceItemQuantity4`,`RewardChoiceItemDisplayID4`,`RewardChoiceItemID5`,`RewardChoiceItemQuantity5`,`RewardChoiceItemDisplayID5`,`RewardChoiceItemID6`,`RewardChoiceItemQuantity6`,`RewardChoiceItemDisplayID6`,`POIContinent`,`POIx`,`POIy`,`POIPriority`,`RewardTitle`,`RewardArenaPoints`,`RewardSkillLineID`,`RewardNumSkillUps`,`PortraitGiver`,`PortraitGiverMount`,`PortraitGiverModelSceneID`,`PortraitTurnIn`,`RewardFactionID1`,`RewardFactionValue1`,`RewardFactionOverride1`,`RewardFactionCapIn1`,`RewardFactionID2`,`RewardFactionValue2`,`RewardFactionOverride2`,`RewardFactionCapIn2`,`RewardFactionID3`,`RewardFactionValue3`,`RewardFactionOverride3`,`RewardFactionCapIn3`,`RewardFactionID4`,`RewardFactionValue4`,`RewardFactionOverride4`,`RewardFactionCapIn4`,`RewardFactionID5`,`RewardFactionValue5`,`RewardFactionOverride5`,`RewardFactionCapIn5`,`RewardFactionFlags`,`RewardCurrencyID1`,`RewardCurrencyQty1`,`RewardCurrencyID2`,`RewardCurrencyQty2`,`RewardCurrencyID3`,`RewardCurrencyQty3`,`RewardCurrencyID4`,`RewardCurrencyQty4`,`AcceptedSoundKitID`,`CompleteSoundKitID`,`AreaGroupID`,`TimeAllowed`,`AllowableRaces`,`TreasurePickerID`,`Expansion`,`ManagedWorldStateID`,`QuestSessionBonus`,`LogTitle`,`LogDescription`,`QuestDescription`,`AreaDescription`,`PortraitGiverText`,`PortraitGiverName`,`PortraitTurnInText`,`PortraitTurnInName`,`QuestCompletionLog`,`VerifiedBuild`) VALUES (11926,2,0,394,-369,0,0,0,5,1,5,1,270,0,0,0,0,0,0,34862,0,1,0,4098,0,0,23247,5,0,0,0,0,0,0,0,0,0,0,0,0,0,0,0,0,0,0,0,0,0,0,0,0,0,0,0,0,0,0,0,0,0,0,0,0,0,0,0,0,0,0,0,0,0,0,0,7,0,0,0,7,0,0,0,7,0,0,0,7,0,0,0,7,0,0,0,0,0,0,0,0,0,890,878,0,90,12261800583900083122,0,8,0,0,'More Torch Tossing','Win the torch tossing game, then speak with the Master Flame Eater.','Hello, fire juggler!  Are you having fun and making fiery mayhem?  That\'s what I like to hear!  Now, do you think you\'re an expert at torch tossing?  Then I have a test for you...$B$BYou know the rules: toss torches at the marked braziers.  This time, however, you have a little more time and a LOT more braziers to hit.$B$BReady?','Hit 20 braziers.','','(NULL)','(NULL)','(NULL)','Return to Master Flame Eater.',54630);
INSERT INTO `quest_template` (`ID`,`QuestType`,`QuestPackageID`,`ContentTuningID`,`QuestSortID`,`QuestInfoID`,`SuggestedGroupNum`,`RewardNextQuest`,`RewardXPDifficulty`,`RewardXPMultiplier`,`RewardMoneyDifficulty`,`RewardMoneyMultiplier`,`RewardBonusMoney`,`RewardDisplaySpell1`,`RewardDisplaySpell2`,`RewardDisplaySpell3`,`RewardSpell`,`RewardHonor`,`RewardKillHonor`,`StartItem`,`RewardArtifactXPDifficulty`,`RewardArtifactXPMultiplier`,`RewardArtifactCategoryID`,`Flags`,`FlagsEx`,`FlagsEx2`,`RewardItem1`,`RewardAmount1`,`RewardItem2`,`RewardAmount2`,`RewardItem3`,`RewardAmount3`,`RewardItem4`,`RewardAmount4`,`ItemDrop1`,`ItemDropQuantity1`,`ItemDrop2`,`ItemDropQuantity2`,`ItemDrop3`,`ItemDropQuantity3`,`ItemDrop4`,`ItemDropQuantity4`,`RewardChoiceItemID1`,`RewardChoiceItemQuantity1`,`RewardChoiceItemDisplayID1`,`RewardChoiceItemID2`,`RewardChoiceItemQuantity2`,`RewardChoiceItemDisplayID2`,`RewardChoiceItemID3`,`RewardChoiceItemQuantity3`,`RewardChoiceItemDisplayID3`,`RewardChoiceItemID4`,`RewardChoiceItemQuantity4`,`RewardChoiceItemDisplayID4`,`RewardChoiceItemID5`,`RewardChoiceItemQuantity5`,`RewardChoiceItemDisplayID5`,`RewardChoiceItemID6`,`RewardChoiceItemQuantity6`,`RewardChoiceItemDisplayID6`,`POIContinent`,`POIx`,`POIy`,`POIPriority`,`RewardTitle`,`RewardArenaPoints`,`RewardSkillLineID`,`RewardNumSkillUps`,`PortraitGiver`,`PortraitGiverMount`,`PortraitGiverModelSceneID`,`PortraitTurnIn`,`RewardFactionID1`,`RewardFactionValue1`,`RewardFactionOverride1`,`RewardFactionCapIn1`,`RewardFactionID2`,`RewardFactionValue2`,`RewardFactionOverride2`,`RewardFactionCapIn2`,`RewardFactionID3`,`RewardFactionValue3`,`RewardFactionOverride3`,`RewardFactionCapIn3`,`RewardFactionID4`,`RewardFactionValue4`,`RewardFactionOverride4`,`RewardFactionCapIn4`,`RewardFactionID5`,`RewardFactionValue5`,`RewardFactionOverride5`,`RewardFactionCapIn5`,`RewardFactionFlags`,`RewardCurrencyID1`,`RewardCurrencyQty1`,`RewardCurrencyID2`,`RewardCurrencyQty2`,`RewardCurrencyID3`,`RewardCurrencyQty3`,`RewardCurrencyID4`,`RewardCurrencyQty4`,`AcceptedSoundKitID`,`CompleteSoundKitID`,`AreaGroupID`,`TimeAllowed`,`AllowableRaces`,`TreasurePickerID`,`Expansion`,`ManagedWorldStateID`,`QuestSessionBonus`,`LogTitle`,`LogDescription`,`QuestDescription`,`AreaDescription`,`PortraitGiverText`,`PortraitGiverName`,`PortraitTurnInText`,`PortraitTurnInName`,`QuestCompletionLog`,`VerifiedBuild`) VALUES (11970,2,0,394,-369,0,0,0,1,1,0,1,7700,0,0,0,0,0,0,0,0,1,0,8,0,0,23247,1,0,0,0,0,0,0,0,0,0,0,0,0,0,0,0,0,0,0,0,0,0,0,0,0,0,0,0,0,0,0,0,0,0,0,0,0,0,0,0,0,0,0,0,0,0,0,0,7,0,0,0,7,0,0,0,7,0,0,0,7,0,0,0,7,0,0,0,0,0,0,0,0,0,890,878,0,0,6130900294268439629,0,8,0,0,'The Master of Summer Lore','Speak to the Festival Loremaster in any Alliance capital.','There should be no mistake, the festival is a time for fun and laughter! However it is important that you understand the origins of this holiday. Education should be sought out and savored! .$b$bThe Festival Loremaster in the Alliance capitals can guide your way. Go now and learn!',NULL,'','(NULL)','(NULL)','(NULL)','',54630);
INSERT INTO `quest_template` (`ID`,`QuestType`,`QuestPackageID`,`ContentTuningID`,`QuestSortID`,`QuestInfoID`,`SuggestedGroupNum`,`RewardNextQuest`,`RewardXPDifficulty`,`RewardXPMultiplier`,`RewardMoneyDifficulty`,`RewardMoneyMultiplier`,`RewardBonusMoney`,`RewardDisplaySpell1`,`RewardDisplaySpell2`,`RewardDisplaySpell3`,`RewardSpell`,`RewardHonor`,`RewardKillHonor`,`StartItem`,`RewardArtifactXPDifficulty`,`RewardArtifactXPMultiplier`,`RewardArtifactCategoryID`,`Flags`,`FlagsEx`,`FlagsEx2`,`RewardItem1`,`RewardAmount1`,`RewardItem2`,`RewardAmount2`,`RewardItem3`,`RewardAmount3`,`RewardItem4`,`RewardAmount4`,`ItemDrop1`,`ItemDropQuantity1`,`ItemDrop2`,`ItemDropQuantity2`,`ItemDrop3`,`ItemDropQuantity3`,`ItemDrop4`,`ItemDropQuantity4`,`RewardChoiceItemID1`,`RewardChoiceItemQuantity1`,`RewardChoiceItemDisplayID1`,`RewardChoiceItemID2`,`RewardChoiceItemQuantity2`,`RewardChoiceItemDisplayID2`,`RewardChoiceItemID3`,`RewardChoiceItemQuantity3`,`RewardChoiceItemDisplayID3`,`RewardChoiceItemID4`,`RewardChoiceItemQuantity4`,`RewardChoiceItemDisplayID4`,`RewardChoiceItemID5`,`RewardChoiceItemQuantity5`,`RewardChoiceItemDisplayID5`,`RewardChoiceItemID6`,`RewardChoiceItemQuantity6`,`RewardChoiceItemDisplayID6`,`POIContinent`,`POIx`,`POIy`,`POIPriority`,`RewardTitle`,`RewardArenaPoints`,`RewardSkillLineID`,`RewardNumSkillUps`,`PortraitGiver`,`PortraitGiverMount`,`PortraitGiverModelSceneID`,`PortraitTurnIn`,`RewardFactionID1`,`RewardFactionValue1`,`RewardFactionOverride1`,`RewardFactionCapIn1`,`RewardFactionID2`,`RewardFactionValue2`,`RewardFactionOverride2`,`RewardFactionCapIn2`,`RewardFactionID3`,`RewardFactionValue3`,`RewardFactionOverride3`,`RewardFactionCapIn3`,`RewardFactionID4`,`RewardFactionValue4`,`RewardFactionOverride4`,`RewardFactionCapIn4`,`RewardFactionID5`,`RewardFactionValue5`,`RewardFactionOverride5`,`RewardFactionCapIn5`,`RewardFactionFlags`,`RewardCurrencyID1`,`RewardCurrencyQty1`,`RewardCurrencyID2`,`RewardCurrencyQty2`,`RewardCurrencyID3`,`RewardCurrencyQty3`,`RewardCurrencyID4`,`RewardCurrencyQty4`,`AcceptedSoundKitID`,`CompleteSoundKitID`,`AreaGroupID`,`TimeAllowed`,`AllowableRaces`,`TreasurePickerID`,`Expansion`,`ManagedWorldStateID`,`QuestSessionBonus`,`LogTitle`,`LogDescription`,`QuestDescription`,`AreaDescription`,`PortraitGiverText`,`PortraitGiverName`,`PortraitTurnInText`,`PortraitTurnInName`,`QuestCompletionLog`,`VerifiedBuild`) VALUES (11971,2,0,394,-369,0,0,0,1,1,0,1,7700,0,0,0,0,0,0,0,0,1,0,8,0,0,23247,1,0,0,0,0,0,0,0,0,0,0,0,0,0,0,0,0,0,0,0,0,0,0,0,0,0,0,0,0,0,0,0,0,0,0,0,0,0,0,0,0,0,0,0,0,0,0,0,7,0,0,0,7,0,0,0,7,0,0,0,7,0,0,0,7,0,0,0,0,0,0,0,0,0,890,878,0,0,12261800583900083122,0,8,0,0,'The Spinner of Summer Tales','Speak to the Festival Talespinner in any Horde capital.','Let there be no mistake, the festival is a time for fun and laughter! However it\'s important that you understand the origins of this holiday. Education should be sought out and savored! .$b$bThe Festival Talespinner in the Horde capitals can guide your way. Go now and learn.',NULL,'','(NULL)','(NULL)','(NULL)','',54630);
INSERT INTO `quest_template` (`ID`,`QuestType`,`QuestPackageID`,`ContentTuningID`,`QuestSortID`,`QuestInfoID`,`SuggestedGroupNum`,`RewardNextQuest`,`RewardXPDifficulty`,`RewardXPMultiplier`,`RewardMoneyDifficulty`,`RewardMoneyMultiplier`,`RewardBonusMoney`,`RewardDisplaySpell1`,`RewardDisplaySpell2`,`RewardDisplaySpell3`,`RewardSpell`,`RewardHonor`,`RewardKillHonor`,`StartItem`,`RewardArtifactXPDifficulty`,`RewardArtifactXPMultiplier`,`RewardArtifactCategoryID`,`Flags`,`FlagsEx`,`FlagsEx2`,`RewardItem1`,`RewardAmount1`,`RewardItem2`,`RewardAmount2`,`RewardItem3`,`RewardAmount3`,`RewardItem4`,`RewardAmount4`,`ItemDrop1`,`ItemDropQuantity1`,`ItemDrop2`,`ItemDropQuantity2`,`ItemDrop3`,`ItemDropQuantity3`,`ItemDrop4`,`ItemDropQuantity4`,`RewardChoiceItemID1`,`RewardChoiceItemQuantity1`,`RewardChoiceItemDisplayID1`,`RewardChoiceItemID2`,`RewardChoiceItemQuantity2`,`RewardChoiceItemDisplayID2`,`RewardChoiceItemID3`,`RewardChoiceItemQuantity3`,`RewardChoiceItemDisplayID3`,`RewardChoiceItemID4`,`RewardChoiceItemQuantity4`,`RewardChoiceItemDisplayID4`,`RewardChoiceItemID5`,`RewardChoiceItemQuantity5`,`RewardChoiceItemDisplayID5`,`RewardChoiceItemID6`,`RewardChoiceItemQuantity6`,`RewardChoiceItemDisplayID6`,`POIContinent`,`POIx`,`POIy`,`POIPriority`,`RewardTitle`,`RewardArenaPoints`,`RewardSkillLineID`,`RewardNumSkillUps`,`PortraitGiver`,`PortraitGiverMount`,`PortraitGiverModelSceneID`,`PortraitTurnIn`,`RewardFactionID1`,`RewardFactionValue1`,`RewardFactionOverride1`,`RewardFactionCapIn1`,`RewardFactionID2`,`RewardFactionValue2`,`RewardFactionOverride2`,`RewardFactionCapIn2`,`RewardFactionID3`,`RewardFactionValue3`,`RewardFactionOverride3`,`RewardFactionCapIn3`,`RewardFactionID4`,`RewardFactionValue4`,`RewardFactionOverride4`,`RewardFactionCapIn4`,`RewardFactionID5`,`RewardFactionValue5`,`RewardFactionOverride5`,`RewardFactionCapIn5`,`RewardFactionFlags`,`RewardCurrencyID1`,`RewardCurrencyQty1`,`RewardCurrencyID2`,`RewardCurrencyQty2`,`RewardCurrencyID3`,`RewardCurrencyQty3`,`RewardCurrencyID4`,`RewardCurrencyQty4`,`AcceptedSoundKitID`,`CompleteSoundKitID`,`AreaGroupID`,`TimeAllowed`,`AllowableRaces`,`TreasurePickerID`,`Expansion`,`ManagedWorldStateID`,`QuestSessionBonus`,`LogTitle`,`LogDescription`,`QuestDescription`,`AreaDescription`,`PortraitGiverText`,`PortraitGiverName`,`PortraitTurnInText`,`PortraitTurnInName`,`QuestCompletionLog`,`VerifiedBuild`) VALUES (82105,2,0,394,-369,0,0,11923,5,1,5,1,0,0,0,0,0,0,0,0,0,1,0,0,0,0,23247,5,0,0,0,0,0,0,0,0,0,0,0,0,0,0,0,0,0,0,0,0,0,0,0,0,0,0,0,0,0,0,0,0,0,0,0,0,0,0,0,0,0,0,0,0,0,0,0,7,0,0,0,7,0,0,0,7,0,0,0,7,0,0,0,7,0,0,0,0,0,0,0,0,0,890,878,0,0,12261800583900083122,0,9,0,0,'Torch Tossing','Win the torch tossing game, then speak with the Master Flame Eater.','So you want to be a fire juggler?  Do you have what it takes?  The dexterity?  The reflexes?  ...the courage?  If you think so, then let\'s give you a little practice!$B$BAs you approach the bonfire you\'ll see  braziers with markers flashing above them.  Toss a torch at a marked brazier.  Be quick! Do it before the mark fades if you want credit for the toss!$B$BHit enough marked braziers then come back here... for your next lesson.','','','','','','Return to Master Flame Eater.',54630);
INSERT INTO `quest_template` (`ID`,`QuestType`,`QuestPackageID`,`ContentTuningID`,`QuestSortID`,`QuestInfoID`,`SuggestedGroupNum`,`RewardNextQuest`,`RewardXPDifficulty`,`RewardXPMultiplier`,`RewardMoneyDifficulty`,`RewardMoneyMultiplier`,`RewardBonusMoney`,`RewardDisplaySpell1`,`RewardDisplaySpell2`,`RewardDisplaySpell3`,`RewardSpell`,`RewardHonor`,`RewardKillHonor`,`StartItem`,`RewardArtifactXPDifficulty`,`RewardArtifactXPMultiplier`,`RewardArtifactCategoryID`,`Flags`,`FlagsEx`,`FlagsEx2`,`RewardItem1`,`RewardAmount1`,`RewardItem2`,`RewardAmount2`,`RewardItem3`,`RewardAmount3`,`RewardItem4`,`RewardAmount4`,`ItemDrop1`,`ItemDropQuantity1`,`ItemDrop2`,`ItemDropQuantity2`,`ItemDrop3`,`ItemDropQuantity3`,`ItemDrop4`,`ItemDropQuantity4`,`RewardChoiceItemID1`,`RewardChoiceItemQuantity1`,`RewardChoiceItemDisplayID1`,`RewardChoiceItemID2`,`RewardChoiceItemQuantity2`,`RewardChoiceItemDisplayID2`,`RewardChoiceItemID3`,`RewardChoiceItemQuantity3`,`RewardChoiceItemDisplayID3`,`RewardChoiceItemID4`,`RewardChoiceItemQuantity4`,`RewardChoiceItemDisplayID4`,`RewardChoiceItemID5`,`RewardChoiceItemQuantity5`,`RewardChoiceItemDisplayID5`,`RewardChoiceItemID6`,`RewardChoiceItemQuantity6`,`RewardChoiceItemDisplayID6`,`POIContinent`,`POIx`,`POIy`,`POIPriority`,`RewardTitle`,`RewardArenaPoints`,`RewardSkillLineID`,`RewardNumSkillUps`,`PortraitGiver`,`PortraitGiverMount`,`PortraitGiverModelSceneID`,`PortraitTurnIn`,`RewardFactionID1`,`RewardFactionValue1`,`RewardFactionOverride1`,`RewardFactionCapIn1`,`RewardFactionID2`,`RewardFactionValue2`,`RewardFactionOverride2`,`RewardFactionCapIn2`,`RewardFactionID3`,`RewardFactionValue3`,`RewardFactionOverride3`,`RewardFactionCapIn3`,`RewardFactionID4`,`RewardFactionValue4`,`RewardFactionOverride4`,`RewardFactionCapIn4`,`RewardFactionID5`,`RewardFactionValue5`,`RewardFactionOverride5`,`RewardFactionCapIn5`,`RewardFactionFlags`,`RewardCurrencyID1`,`RewardCurrencyQty1`,`RewardCurrencyID2`,`RewardCurrencyQty2`,`RewardCurrencyID3`,`RewardCurrencyQty3`,`RewardCurrencyID4`,`RewardCurrencyQty4`,`AcceptedSoundKitID`,`CompleteSoundKitID`,`AreaGroupID`,`TimeAllowed`,`AllowableRaces`,`TreasurePickerID`,`Expansion`,`ManagedWorldStateID`,`QuestSessionBonus`,`LogTitle`,`LogDescription`,`QuestDescription`,`AreaDescription`,`PortraitGiverText`,`PortraitGiverName`,`PortraitTurnInText`,`PortraitTurnInName`,`QuestCompletionLog`,`VerifiedBuild`) VALUES (82109,2,0,394,-369,0,0,0,5,1,5,1,0,0,0,0,0,0,0,0,0,1,0,4096,0,0,23247,5,0,0,0,0,0,0,0,0,0,0,0,0,0,0,0,0,0,0,0,0,0,0,0,0,0,0,0,0,0,0,0,0,0,0,0,0,0,0,0,0,0,0,0,0,0,0,0,7,0,0,0,7,0,0,0,7,0,0,0,7,0,0,0,7,0,0,0,0,0,0,0,0,0,890,878,0,120,12261800583900083122,0,9,0,0,'More Torch Tossing','Win the torch tossing game, then speak with the Master Flame Eater.','Hello, fire juggler!  Are you having fun and making fiery mayhem?  That\'s what I like to hear!  Now, do you think you\'re an expert at torch tossing?  Then I have a test for you...$B$BYou know the rules: toss torches at the marked braziers.  This time, however, you have a little more time and a LOT more braziers to hit.$B$BReady?','Hit 20 braziers.','','','','','Return to Master Flame Eater.',54630);
INSERT INTO `quest_template` (`ID`,`QuestType`,`QuestPackageID`,`ContentTuningID`,`QuestSortID`,`QuestInfoID`,`SuggestedGroupNum`,`RewardNextQuest`,`RewardXPDifficulty`,`RewardXPMultiplier`,`RewardMoneyDifficulty`,`RewardMoneyMultiplier`,`RewardBonusMoney`,`RewardDisplaySpell1`,`RewardDisplaySpell2`,`RewardDisplaySpell3`,`RewardSpell`,`RewardHonor`,`RewardKillHonor`,`StartItem`,`RewardArtifactXPDifficulty`,`RewardArtifactXPMultiplier`,`RewardArtifactCategoryID`,`Flags`,`FlagsEx`,`FlagsEx2`,`RewardItem1`,`RewardAmount1`,`RewardItem2`,`RewardAmount2`,`RewardItem3`,`RewardAmount3`,`RewardItem4`,`RewardAmount4`,`ItemDrop1`,`ItemDropQuantity1`,`ItemDrop2`,`ItemDropQuantity2`,`ItemDrop3`,`ItemDropQuantity3`,`ItemDrop4`,`ItemDropQuantity4`,`RewardChoiceItemID1`,`RewardChoiceItemQuantity1`,`RewardChoiceItemDisplayID1`,`RewardChoiceItemID2`,`RewardChoiceItemQuantity2`,`RewardChoiceItemDisplayID2`,`RewardChoiceItemID3`,`RewardChoiceItemQuantity3`,`RewardChoiceItemDisplayID3`,`RewardChoiceItemID4`,`RewardChoiceItemQuantity4`,`RewardChoiceItemDisplayID4`,`RewardChoiceItemID5`,`RewardChoiceItemQuantity5`,`RewardChoiceItemDisplayID5`,`RewardChoiceItemID6`,`RewardChoiceItemQuantity6`,`RewardChoiceItemDisplayID6`,`POIContinent`,`POIx`,`POIy`,`POIPriority`,`RewardTitle`,`RewardArenaPoints`,`RewardSkillLineID`,`RewardNumSkillUps`,`PortraitGiver`,`PortraitGiverMount`,`PortraitGiverModelSceneID`,`PortraitTurnIn`,`RewardFactionID1`,`RewardFactionValue1`,`RewardFactionOverride1`,`RewardFactionCapIn1`,`RewardFactionID2`,`RewardFactionValue2`,`RewardFactionOverride2`,`RewardFactionCapIn2`,`RewardFactionID3`,`RewardFactionValue3`,`RewardFactionOverride3`,`RewardFactionCapIn3`,`RewardFactionID4`,`RewardFactionValue4`,`RewardFactionOverride4`,`RewardFactionCapIn4`,`RewardFactionID5`,`RewardFactionValue5`,`RewardFactionOverride5`,`RewardFactionCapIn5`,`RewardFactionFlags`,`RewardCurrencyID1`,`RewardCurrencyQty1`,`RewardCurrencyID2`,`RewardCurrencyQty2`,`RewardCurrencyID3`,`RewardCurrencyQty3`,`RewardCurrencyID4`,`RewardCurrencyQty4`,`AcceptedSoundKitID`,`CompleteSoundKitID`,`AreaGroupID`,`TimeAllowed`,`AllowableRaces`,`TreasurePickerID`,`Expansion`,`ManagedWorldStateID`,`QuestSessionBonus`,`LogTitle`,`LogDescription`,`QuestDescription`,`AreaDescription`,`PortraitGiverText`,`PortraitGiverName`,`PortraitTurnInText`,`PortraitTurnInName`,`QuestCompletionLog`,`VerifiedBuild`) VALUES (82080,2,0,394,-369,0,0,11923,5,1,5,1,0,0,0,0,0,0,0,0,0,1,0,0,0,0,23247,5,0,0,0,0,0,0,0,0,0,0,0,0,0,0,0,0,0,0,0,0,0,0,0,0,0,0,0,0,0,0,0,0,0,0,0,0,0,0,0,0,0,0,0,0,0,0,0,7,0,0,0,7,0,0,0,7,0,0,0,7,0,0,0,7,0,0,0,0,0,0,0,0,0,890,878,0,0,6130900294268439629,0,9,0,0,'Torch Tossing','Win the torch tossing game, then speak with the Master Fire Eater.','So you want to be a fire juggler?  Do you have what it takes?  The dexterity?  The reflexes?  ...the courage?  If you think so, then let\'s give you a little practice!$B$BAs you approach the bonfire you\'ll see  braziers with markers flashing above them.  Toss a torch at a marked brazier.  Be quick! Do it before the mark fades if you want credit for the toss!$B$BHit enough marked braziers then come back here... for your next lesson.','','','','','','Return to Master Fire Eater.',54630);
INSERT INTO `quest_template` (`ID`,`QuestType`,`QuestPackageID`,`ContentTuningID`,`QuestSortID`,`QuestInfoID`,`SuggestedGroupNum`,`RewardNextQuest`,`RewardXPDifficulty`,`RewardXPMultiplier`,`RewardMoneyDifficulty`,`RewardMoneyMultiplier`,`RewardBonusMoney`,`RewardDisplaySpell1`,`RewardDisplaySpell2`,`RewardDisplaySpell3`,`RewardSpell`,`RewardHonor`,`RewardKillHonor`,`StartItem`,`RewardArtifactXPDifficulty`,`RewardArtifactXPMultiplier`,`RewardArtifactCategoryID`,`Flags`,`FlagsEx`,`FlagsEx2`,`RewardItem1`,`RewardAmount1`,`RewardItem2`,`RewardAmount2`,`RewardItem3`,`RewardAmount3`,`RewardItem4`,`RewardAmount4`,`ItemDrop1`,`ItemDropQuantity1`,`ItemDrop2`,`ItemDropQuantity2`,`ItemDrop3`,`ItemDropQuantity3`,`ItemDrop4`,`ItemDropQuantity4`,`RewardChoiceItemID1`,`RewardChoiceItemQuantity1`,`RewardChoiceItemDisplayID1`,`RewardChoiceItemID2`,`RewardChoiceItemQuantity2`,`RewardChoiceItemDisplayID2`,`RewardChoiceItemID3`,`RewardChoiceItemQuantity3`,`RewardChoiceItemDisplayID3`,`RewardChoiceItemID4`,`RewardChoiceItemQuantity4`,`RewardChoiceItemDisplayID4`,`RewardChoiceItemID5`,`RewardChoiceItemQuantity5`,`RewardChoiceItemDisplayID5`,`RewardChoiceItemID6`,`RewardChoiceItemQuantity6`,`RewardChoiceItemDisplayID6`,`POIContinent`,`POIx`,`POIy`,`POIPriority`,`RewardTitle`,`RewardArenaPoints`,`RewardSkillLineID`,`RewardNumSkillUps`,`PortraitGiver`,`PortraitGiverMount`,`PortraitGiverModelSceneID`,`PortraitTurnIn`,`RewardFactionID1`,`RewardFactionValue1`,`RewardFactionOverride1`,`RewardFactionCapIn1`,`RewardFactionID2`,`RewardFactionValue2`,`RewardFactionOverride2`,`RewardFactionCapIn2`,`RewardFactionID3`,`RewardFactionValue3`,`RewardFactionOverride3`,`RewardFactionCapIn3`,`RewardFactionID4`,`RewardFactionValue4`,`RewardFactionOverride4`,`RewardFactionCapIn4`,`RewardFactionID5`,`RewardFactionValue5`,`RewardFactionOverride5`,`RewardFactionCapIn5`,`RewardFactionFlags`,`RewardCurrencyID1`,`RewardCurrencyQty1`,`RewardCurrencyID2`,`RewardCurrencyQty2`,`RewardCurrencyID3`,`RewardCurrencyQty3`,`RewardCurrencyID4`,`RewardCurrencyQty4`,`AcceptedSoundKitID`,`CompleteSoundKitID`,`AreaGroupID`,`TimeAllowed`,`AllowableRaces`,`TreasurePickerID`,`Expansion`,`ManagedWorldStateID`,`QuestSessionBonus`,`LogTitle`,`LogDescription`,`QuestDescription`,`AreaDescription`,`PortraitGiverText`,`PortraitGiverName`,`PortraitTurnInText`,`PortraitTurnInName`,`QuestCompletionLog`,`VerifiedBuild`) VALUES (82087,2,0,394,-369,0,0,0,5,1,5,1,0,0,0,0,0,0,0,0,0,1,0,4096,0,0,23247,5,0,0,0,0,0,0,0,0,0,0,0,0,0,0,0,0,0,0,0,0,0,0,0,0,0,0,0,0,0,0,0,0,0,0,0,0,0,0,0,0,0,0,0,0,0,0,0,7,0,0,0,7,0,0,0,7,0,0,0,7,0,0,0,7,0,0,0,0,0,0,0,0,0,890,878,0,120,6130900294268439629,0,9,0,0,'More Torch Tossing','Win the torch tossing game, then speak with the Master Fire Eater.','Hello, fire juggler!  Are you having fun and making fiery mayhem?  That\'s what I like to hear!  Now, do you think you\'re an expert at torch tossing?  Then I have a test for you...$B$BYou know the rules: toss torches at the marked braziers.  This time, however, you have a little more time and a LOT more braziers to hit.$B$BReady?','Hit 20 braziers.','','','','','Return to Master Fire Eater.',54630);

DELETE FROM `quest_template_addon` WHERE `ID` IN (11882,11924,11921,82080,11657,11731,82087,11970,
11915,11925,11923,11922,82105,11926,82109,11971);
INSERT INTO `quest_template_addon` (`ID`,`MaxLevel`,`AllowableClasses`,`SourceSpellID`,`PrevQuestID`,`NextQuestID`,`ExclusiveGroup`,`BreadcrumbForQuestId`,`RewardMailTemplateID`,`RewardMailDelay`,`RequiredSkillID`,`RequiredSkillPoints`,`RequiredMinRepFaction`,`RequiredMaxRepFaction`,`RequiredMinRepValue`,`RequiredMaxRepValue`,`ProvidedItemCount`,`SpecialFlags`,`ScriptName`) VALUES (11657,0,0,0,11731,0,0,0,0,0,0,1,0,0,0,0,1,0,'SmartQuest');
INSERT INTO `quest_template_addon` (`ID`,`MaxLevel`,`AllowableClasses`,`SourceSpellID`,`PrevQuestID`,`NextQuestID`,`ExclusiveGroup`,`BreadcrumbForQuestId`,`RewardMailTemplateID`,`RewardMailDelay`,`RequiredSkillID`,`RequiredSkillPoints`,`RequiredMinRepFaction`,`RequiredMaxRepFaction`,`RequiredMinRepValue`,`RequiredMaxRepValue`,`ProvidedItemCount`,`SpecialFlags`,`ScriptName`) VALUES (11731,0,0,0,11882,11657,0,0,0,0,0,1,0,0,0,0,1,0,'SmartQuest');
INSERT INTO `quest_template_addon` (`ID`,`MaxLevel`,`AllowableClasses`,`SourceSpellID`,`PrevQuestID`,`NextQuestID`,`ExclusiveGroup`,`BreadcrumbForQuestId`,`RewardMailTemplateID`,`RewardMailDelay`,`RequiredSkillID`,`RequiredSkillPoints`,`RequiredMinRepFaction`,`RequiredMaxRepFaction`,`RequiredMinRepValue`,`RequiredMaxRepValue`,`ProvidedItemCount`,`SpecialFlags`,`ScriptName`) VALUES (11882,0,0,0,0,0,0,0,0,0,0,1,0,0,0,0,0,0,'SmartQuest');
INSERT INTO `quest_template_addon` (`ID`,`MaxLevel`,`AllowableClasses`,`SourceSpellID`,`PrevQuestID`,`NextQuestID`,`ExclusiveGroup`,`BreadcrumbForQuestId`,`RewardMailTemplateID`,`RewardMailDelay`,`RequiredSkillID`,`RequiredSkillPoints`,`RequiredMinRepFaction`,`RequiredMaxRepFaction`,`RequiredMinRepValue`,`RequiredMaxRepValue`,`ProvidedItemCount`,`SpecialFlags`,`ScriptName`) VALUES (11915,0,0,0,0,0,0,0,0,0,0,1,0,0,0,0,0,0,'SmartQuest');
INSERT INTO `quest_template_addon` (`ID`,`MaxLevel`,`AllowableClasses`,`SourceSpellID`,`PrevQuestID`,`NextQuestID`,`ExclusiveGroup`,`BreadcrumbForQuestId`,`RewardMailTemplateID`,`RewardMailDelay`,`RequiredSkillID`,`RequiredSkillPoints`,`RequiredMinRepFaction`,`RequiredMaxRepFaction`,`RequiredMinRepValue`,`RequiredMaxRepValue`,`ProvidedItemCount`,`SpecialFlags`,`ScriptName`) VALUES (11921,0,0,0,11731,0,0,0,0,0,0,1,0,0,0,0,1,1,'SmartQuest');
INSERT INTO `quest_template_addon` (`ID`,`MaxLevel`,`AllowableClasses`,`SourceSpellID`,`PrevQuestID`,`NextQuestID`,`ExclusiveGroup`,`BreadcrumbForQuestId`,`RewardMailTemplateID`,`RewardMailDelay`,`RequiredSkillID`,`RequiredSkillPoints`,`RequiredMinRepFaction`,`RequiredMaxRepFaction`,`RequiredMinRepValue`,`RequiredMaxRepValue`,`ProvidedItemCount`,`SpecialFlags`,`ScriptName`) VALUES (11922,0,0,0,11915,11923,0,0,0,0,0,1,0,0,0,0,1,0,'SmartQuest');
INSERT INTO `quest_template_addon` (`ID`,`MaxLevel`,`AllowableClasses`,`SourceSpellID`,`PrevQuestID`,`NextQuestID`,`ExclusiveGroup`,`BreadcrumbForQuestId`,`RewardMailTemplateID`,`RewardMailDelay`,`RequiredSkillID`,`RequiredSkillPoints`,`RequiredMinRepFaction`,`RequiredMaxRepFaction`,`RequiredMinRepValue`,`RequiredMaxRepValue`,`ProvidedItemCount`,`SpecialFlags`,`ScriptName`) VALUES (11923,0,0,0,11922,0,0,0,0,0,0,1,0,0,0,0,1,0,'SmartQuest');
INSERT INTO `quest_template_addon` (`ID`,`MaxLevel`,`AllowableClasses`,`SourceSpellID`,`PrevQuestID`,`NextQuestID`,`ExclusiveGroup`,`BreadcrumbForQuestId`,`RewardMailTemplateID`,`RewardMailDelay`,`RequiredSkillID`,`RequiredSkillPoints`,`RequiredMinRepFaction`,`RequiredMaxRepFaction`,`RequiredMinRepValue`,`RequiredMaxRepValue`,`ProvidedItemCount`,`SpecialFlags`,`ScriptName`) VALUES (11924,0,0,0,11657,0,0,0,0,0,0,1,0,0,0,0,1,1,'SmartQuest');
INSERT INTO `quest_template_addon` (`ID`,`MaxLevel`,`AllowableClasses`,`SourceSpellID`,`PrevQuestID`,`NextQuestID`,`ExclusiveGroup`,`BreadcrumbForQuestId`,`RewardMailTemplateID`,`RewardMailDelay`,`RequiredSkillID`,`RequiredSkillPoints`,`RequiredMinRepFaction`,`RequiredMaxRepFaction`,`RequiredMinRepValue`,`RequiredMaxRepValue`,`ProvidedItemCount`,`SpecialFlags`,`ScriptName`) VALUES (11925,0,0,0,11923,0,0,0,0,0,0,1,0,0,0,0,1,1,'SmartQuest');
INSERT INTO `quest_template_addon` (`ID`,`MaxLevel`,`AllowableClasses`,`SourceSpellID`,`PrevQuestID`,`NextQuestID`,`ExclusiveGroup`,`BreadcrumbForQuestId`,`RewardMailTemplateID`,`RewardMailDelay`,`RequiredSkillID`,`RequiredSkillPoints`,`RequiredMinRepFaction`,`RequiredMaxRepFaction`,`RequiredMinRepValue`,`RequiredMaxRepValue`,`ProvidedItemCount`,`SpecialFlags`,`ScriptName`) VALUES (11926,0,0,0,11922,0,0,0,0,0,0,1,0,0,0,0,1,1,'SmartQuest');
INSERT INTO `quest_template_addon` (`ID`,`MaxLevel`,`AllowableClasses`,`SourceSpellID`,`PrevQuestID`,`NextQuestID`,`ExclusiveGroup`,`BreadcrumbForQuestId`,`RewardMailTemplateID`,`RewardMailDelay`,`RequiredSkillID`,`RequiredSkillPoints`,`RequiredMinRepFaction`,`RequiredMaxRepFaction`,`RequiredMinRepValue`,`RequiredMaxRepValue`,`ProvidedItemCount`,`SpecialFlags`,`ScriptName`) VALUES (11970,0,0,0,0,0,0,0,0,0,0,1,0,0,0,0,0,0,'SmartQuest');
INSERT INTO `quest_template_addon` (`ID`,`MaxLevel`,`AllowableClasses`,`SourceSpellID`,`PrevQuestID`,`NextQuestID`,`ExclusiveGroup`,`BreadcrumbForQuestId`,`RewardMailTemplateID`,`RewardMailDelay`,`RequiredSkillID`,`RequiredSkillPoints`,`RequiredMinRepFaction`,`RequiredMaxRepFaction`,`RequiredMinRepValue`,`RequiredMaxRepValue`,`ProvidedItemCount`,`SpecialFlags`,`ScriptName`) VALUES (11971,0,0,0,0,0,0,0,0,0,0,1,0,0,0,0,0,0,'SmartQuest');
INSERT INTO `quest_template_addon` (`ID`,`MaxLevel`,`AllowableClasses`,`SourceSpellID`,`PrevQuestID`,`NextQuestID`,`ExclusiveGroup`,`BreadcrumbForQuestId`,`RewardMailTemplateID`,`RewardMailDelay`,`RequiredSkillID`,`RequiredSkillPoints`,`RequiredMinRepFaction`,`RequiredMaxRepFaction`,`RequiredMinRepValue`,`RequiredMaxRepValue`,`ProvidedItemCount`,`SpecialFlags`,`ScriptName`) VALUES (82105,0,0,0,0,0,0,0,0,0,0,0,0,0,0,0,0,0,'SmartQuest');
INSERT INTO `quest_template_addon` (`ID`,`MaxLevel`,`AllowableClasses`,`SourceSpellID`,`PrevQuestID`,`NextQuestID`,`ExclusiveGroup`,`BreadcrumbForQuestId`,`RewardMailTemplateID`,`RewardMailDelay`,`RequiredSkillID`,`RequiredSkillPoints`,`RequiredMinRepFaction`,`RequiredMaxRepFaction`,`RequiredMinRepValue`,`RequiredMaxRepValue`,`ProvidedItemCount`,`SpecialFlags`,`ScriptName`) VALUES (82109,0,0,0,0,0,0,0,0,0,0,0,0,0,0,0,0,0,'SmartQuest');
INSERT INTO `quest_template_addon` (`ID`,`MaxLevel`,`AllowableClasses`,`SourceSpellID`,`PrevQuestID`,`NextQuestID`,`ExclusiveGroup`,`BreadcrumbForQuestId`,`RewardMailTemplateID`,`RewardMailDelay`,`RequiredSkillID`,`RequiredSkillPoints`,`RequiredMinRepFaction`,`RequiredMaxRepFaction`,`RequiredMinRepValue`,`RequiredMaxRepValue`,`ProvidedItemCount`,`SpecialFlags`,`ScriptName`) VALUES (82080,0,0,0,0,0,0,0,0,0,0,0,0,0,0,0,0,0,'SmartQuest');
INSERT INTO `quest_template_addon` (`ID`,`MaxLevel`,`AllowableClasses`,`SourceSpellID`,`PrevQuestID`,`NextQuestID`,`ExclusiveGroup`,`BreadcrumbForQuestId`,`RewardMailTemplateID`,`RewardMailDelay`,`RequiredSkillID`,`RequiredSkillPoints`,`RequiredMinRepFaction`,`RequiredMaxRepFaction`,`RequiredMinRepValue`,`RequiredMaxRepValue`,`ProvidedItemCount`,`SpecialFlags`,`ScriptName`) VALUES (82087,0,0,0,0,0,0,0,0,0,0,0,0,0,0,0,0,0,'SmartQuest');


-- quest starters
-- Alliance
DELETE FROM `creature_queststarter` WHERE `quest` IN (11882,11924,11921,82080,11657,11731,82087);
INSERT INTO `creature_queststarter` VALUES
(25962, 11882, 0), -- Playing with Fire - Fire Eater
(25975, 11924, 0), -- More torch Catching - Master Fire Eater
(25975, 11921, 0), -- More torch tossing - Master Fire Eater
(25975, 82080, 0), -- More torch tossing - Master Fire Eater
(25975, 11657, 0), -- Torch Catching - Master Fire Eater
(25975, 11731, 0), -- Torch Tossing - Master Fire Eater
(25975, 82087, 0); -- Torch tossing - Master Fire Eater

DELETE FROM `creature_questender` WHERE `quest` IN (11882,11924,11921,82080,11657,11731,82087,11970);
INSERT INTO `creature_questender` VALUES
(25975, 11882, 0), -- Playing with Fire - Master Fire Eater
(25975, 11924, 0), -- More torch Catching - Master Fire Eater
(25975, 11921, 0), -- More torch tossing - Master Fire Eater
(25975, 82080, 0), -- More torch tossing - Master Fire Eater
(25975, 11657, 0), -- Torch Catching - Master Fire Eater
(25975, 11731, 0), -- Torch Tossing - Master Fire Eater
(25975, 82087, 0), -- Torch tossing - Master Fire Eater
(16817, 11970, 0); -- The Master of Summer Lore -- Festival Loremaster


-- Horde
DELETE FROM `creature_queststarter` WHERE `quest` IN (11915,11925,11923,11922,82105,11926,82109);
INSERT INTO `creature_queststarter` VALUES
(25994, 11915, 0), -- Playing with Fire - Flame Eater
(26113, 11925, 0), -- More Torch Catching - Master Flame Eater
(26113, 11923, 0), -- Torch Catching - Master Flame Eater
(26113, 11922, 0), -- Torch Tossing - Master Flame Eater
(26113, 82105, 0), -- Torch Tossing - Master Flame Eater
(26113, 11926, 0), -- More Torch Tossing - Master Flame Eater
(26113, 82109, 0); -- More Torch Tossing - Master Flame Eater


DELETE FROM `creature_questender` WHERE `quest` IN (11915,11925,11923,11922,82105,11926,82109,11971);
INSERT INTO `creature_questender` VALUES
(26113, 11915, 0), -- Playing with Fire - Master Flame Eater
(26113, 11925, 0), -- More Torch Catching - Master Flame Eater
(26113, 11923, 0), -- Torch Catching - Master Flame Eater
(26113, 11922, 0), -- Torch Tossing - Master Flame Eater
(26113, 82105, 0), -- Torch Tossing - Master Flame Eater
(26113, 11926, 0), -- More Torch Tossing - Master Flame Eater
(26113, 82109, 0), -- More Torch Tossing - Master Flame Eater
(16818, 11971, 0); -- The Spinner of summer tales -- Festival Talespinner

-- ensuring that commoner quests are only available during the event
-- horde &alliance commoners
DELETE FROM `game_event_creature_quest` WHERE `eventEntry` = 1 AND `quest` IN (11970,11971);
INSERT INTO `game_event_creature_quest` VALUES
(1, 19169, 11971), -- The Spinner of summer tales -- Belf Commoner
(1, 19175, 11971), -- The Spinner of summer tales -- Orc Commoner
(1, 19176, 11971), -- The Spinner of summer tales -- Tauren Commoner
(1, 19177, 11971), -- The Spinner of summer tales -- Troll Commoner
(1, 19178, 11971), -- The Spinner of summer tales -- Forsaken Commoner
(1, 20102, 11971), -- The Spinner of summer tales -- Goblin Commoner
(1, 18927, 11970), -- The Master of Summer Lore -- Human Commoner
(1, 19148, 11970), -- The Master of Summer Lore -- Dwarf Commoner
(1, 19171, 11970), -- The Master of Summer Lore -- Draenei Commoner
(1, 19172, 11970), -- The Master of Summer Lore -- Gnome Commoner
(1, 19173, 11970), -- The Master of Summer Lore -- Nelf Commoner
(1, 20102, 11970); -- The Master of Summer Lore -- Goblin Commoner

-- quest objectives for the torch tossing quests
DELETE FROM `quest_objectives` WHERE `ID` > 0 AND `QuestID` IN (82080,82087);
INSERT INTO `quest_objectives` VALUES
(1000001, 82080, 0, 0, 0, 222680, 5, 0, 0, 0, 'Braziers hit', 54630),
(1000002, 82087, 0, 0, 0, 222680, 20, 0, 0, 0, 'Braziers hit', 54630);

-- misc fixes
-- some elders not linked to the event on map 530
DELETE FROM `game_event_creature` WHERE `eventEntry` = 1 AND `guid` IN (170665,170666,170667);
INSERT INTO `game_event_creature` VALUES
(1,170665),
(1,170666),
(1,170667);

-- enabling quest flags for goblin commoner during event
DELETE FROM `game_event_npcflag` WHERE `eventEntry` = 1 AND `guid` IN (396096,396100,396106,396110,396119,396130);
INSERT INTO `game_event_npcflag` VALUES
(1, 396096, 2),
(1, 396100, 2),
(1, 396106, 2),
(1, 396110, 2),
(1, 396119, 2),
(1, 396130, 2);

-- fix flags needed for torch tossing target bunny
UPDATE `creature_template` SET `flags_extra` = 64 WHERE `entry` = 25536;

-- position update for the Master Fire Eater in Darnassus
UPDATE `creature` SET `position_x` = 9986.19,	`position_y` = 2193.47, `position_z` = 1328.46, `orientation` = 0.764964 WHERE `guid` = 170582;

-- bunnies to fix tossing quest in silvermoon
SET @CGUID = 170670; -- 5 Required

DELETE FROM `creature` WHERE `guid` BETWEEN @CGUID+0 AND @CGUID+4;
INSERT INTO `creature` (`guid`,`id`,`map`,`zoneId`,`areaId`,`spawnDifficulties`,`phaseUseFlags`,`PhaseId`,`PhaseGroup`,`terrainSwapMap`,`modelid`,`equipment_id`,`position_x`,`position_y`,`position_z`,`orientation`,`spawntimesecs`,`wander_distance`,`currentwaypoint`,`curHealthPct`,`MovementType`,`npcflag`,`unit_flags`,`unit_flags2`,`unit_flags3`,`ScriptName`,`StringId`,`VerifiedBuild`,`size`) VALUES (@CGUID+0,25536,530,0,0,'0',0,0,0,-1,0,0,9817.57,-7227.74,27.904,0.582865,300,0,0,100,0,NULL,NULL,NULL,NULL,'',NULL,0,-1);
INSERT INTO `creature` (`guid`,`id`,`map`,`zoneId`,`areaId`,`spawnDifficulties`,`phaseUseFlags`,`PhaseId`,`PhaseGroup`,`terrainSwapMap`,`modelid`,`equipment_id`,`position_x`,`position_y`,`position_z`,`orientation`,`spawntimesecs`,`wander_distance`,`currentwaypoint`,`curHealthPct`,`MovementType`,`npcflag`,`unit_flags`,`unit_flags2`,`unit_flags3`,`ScriptName`,`StringId`,`VerifiedBuild`,`size`) VALUES (@CGUID+1,25536,530,0,0,'0',0,0,0,-1,0,0,9819.79,-7234.46,27.9176,1.23642,300,0,0,100,0,NULL,NULL,NULL,NULL,'',NULL,0,-1);
INSERT INTO `creature` (`guid`,`id`,`map`,`zoneId`,`areaId`,`spawnDifficulties`,`phaseUseFlags`,`PhaseId`,`PhaseGroup`,`terrainSwapMap`,`modelid`,`equipment_id`,`position_x`,`position_y`,`position_z`,`orientation`,`spawntimesecs`,`wander_distance`,`currentwaypoint`,`curHealthPct`,`MovementType`,`npcflag`,`unit_flags`,`unit_flags2`,`unit_flags3`,`ScriptName`,`StringId`,`VerifiedBuild`,`size`) VALUES (@CGUID+2,25536,530,0,0,'0',0,0,0,-1,0,0,9823.44,-7229.16,27.918,1.13431,300,0,0,100,0,NULL,NULL,NULL,NULL,'',NULL,0,-1);
INSERT INTO `creature` (`guid`,`id`,`map`,`zoneId`,`areaId`,`spawnDifficulties`,`phaseUseFlags`,`PhaseId`,`PhaseGroup`,`terrainSwapMap`,`modelid`,`equipment_id`,`position_x`,`position_y`,`position_z`,`orientation`,`spawntimesecs`,`wander_distance`,`currentwaypoint`,`curHealthPct`,`MovementType`,`npcflag`,`unit_flags`,`unit_flags2`,`unit_flags3`,`ScriptName`,`StringId`,`VerifiedBuild`,`size`) VALUES (@CGUID+3,25536,530,0,0,'0',0,0,0,-1,0,0,9817.6,-7221.39,27.9138,1.96684,300,0,0,100,0,NULL,NULL,NULL,NULL,'',NULL,0,-1);
INSERT INTO `creature` (`guid`,`id`,`map`,`zoneId`,`areaId`,`spawnDifficulties`,`phaseUseFlags`,`PhaseId`,`PhaseGroup`,`terrainSwapMap`,`modelid`,`equipment_id`,`position_x`,`position_y`,`position_z`,`orientation`,`spawntimesecs`,`wander_distance`,`currentwaypoint`,`curHealthPct`,`MovementType`,`npcflag`,`unit_flags`,`unit_flags2`,`unit_flags3`,`ScriptName`,`StringId`,`VerifiedBuild`,`size`) VALUES (@CGUID+4,25536,530,0,0,'0',0,0,0,-1,0,0,9810.29,-7226.94,27.8549,3.30594,300,0,0,100,0,NULL,NULL,NULL,NULL,'',NULL,0,-1);

-- increase blossoms currency by 5 times. This is not blizzlike but who cares?
UPDATE `quest_template` SET `RewardAmount1` = RewardAmount1 * 5 WHERE `RewardItem1` = 23247;
UPDATE `quest_template` SET `RewardAmount2` = RewardAmount2 * 5 WHERE `RewardItem2` = 23247;