-- Midsummer Event
-- Lord Ahune Encounter in Slave Pens - map 547
--
SET @CGUID = 170665; -- 5 Required
SET @OGUID = 191240; -- 7 Required

-- update ahune objects to only spawn in the dedicated difficulty 19
UPDATE `gameobject` SET `spawnDifficulties` = '19' WHERE `map` = 547 AND `id` IN (187882,188067,188072,188073,188142);
-- update mining & herb nodes to also spawn in the instance
UPDATE `gameobject` SET `spawnDifficulties` = '1,2,19' WHERE `map` = 547 AND `id` IN (181270,181275,181276,181278,181556,181569);

-- ahune ice chests do not have any loot.
UPDATE `gameobject_template` SET `Data30` = '188192' WHERE (`entry` = '188192');
UPDATE `gameobject_template` SET `Data30` = '187892' WHERE (`entry` = '187892');
DELETE FROM `gameobject_loot_template` WHERE `Entry` IN (187892,188192);
INSERT INTO `gameobject_loot_template` (`Entry`,`Item`,`Reference`,`Chance`,`QuestRequired`,`LootMode`,`GroupId`,`MinCount`,`MaxCount`,`Comment`) VALUES (187892,35498,0,30,0,1,0,1,1,'');
INSERT INTO `gameobject_loot_template` (`Entry`,`Item`,`Reference`,`Chance`,`QuestRequired`,`LootMode`,`GroupId`,`MinCount`,`MaxCount`,`Comment`) VALUES (187892,35557,0,53.3287,0,1,0,2,2,'');
INSERT INTO `gameobject_loot_template` (`Entry`,`Item`,`Reference`,`Chance`,`QuestRequired`,`LootMode`,`GroupId`,`MinCount`,`MaxCount`,`Comment`) VALUES (187892,35720,0,30,0,1,0,6,6,'');
INSERT INTO `gameobject_loot_template` (`Entry`,`Item`,`Reference`,`Chance`,`QuestRequired`,`LootMode`,`GroupId`,`MinCount`,`MaxCount`,`Comment`) VALUES (187892,35723,0,100,1,1,0,1,1,'');
INSERT INTO `gameobject_loot_template` (`Entry`,`Item`,`Reference`,`Chance`,`QuestRequired`,`LootMode`,`GroupId`,`MinCount`,`MaxCount`,`Comment`) VALUES (187892,117372,0,30,0,1,0,1,1,'');
INSERT INTO `gameobject_loot_template` (`Entry`,`Item`,`Reference`,`Chance`,`QuestRequired`,`LootMode`,`GroupId`,`MinCount`,`MaxCount`,`Comment`) VALUES (187892,117374,0,30,0,1,0,1,1,'');
INSERT INTO `gameobject_loot_template` (`Entry`,`Item`,`Reference`,`Chance`,`QuestRequired`,`LootMode`,`GroupId`,`MinCount`,`MaxCount`,`Comment`) VALUES (187892,117375,0,30,0,1,0,1,1,'');
INSERT INTO `gameobject_loot_template` (`Entry`,`Item`,`Reference`,`Chance`,`QuestRequired`,`LootMode`,`GroupId`,`MinCount`,`MaxCount`,`Comment`) VALUES (187892,117376,0,30,0,1,0,1,1,'');
INSERT INTO `gameobject_loot_template` (`Entry`,`Item`,`Reference`,`Chance`,`QuestRequired`,`LootMode`,`GroupId`,`MinCount`,`MaxCount`,`Comment`) VALUES (187892,117377,0,30,0,1,0,1,1,'');
INSERT INTO `gameobject_loot_template` (`Entry`,`Item`,`Reference`,`Chance`,`QuestRequired`,`LootMode`,`GroupId`,`MinCount`,`MaxCount`,`Comment`) VALUES (187892,138838,0,30,0,1,0,1,1,'');
INSERT INTO `gameobject_loot_template` (`Entry`,`Item`,`Reference`,`Chance`,`QuestRequired`,`LootMode`,`GroupId`,`MinCount`,`MaxCount`,`Comment`) VALUES (188192,35498,0,30,0,1,0,1,1,'');
INSERT INTO `gameobject_loot_template` (`Entry`,`Item`,`Reference`,`Chance`,`QuestRequired`,`LootMode`,`GroupId`,`MinCount`,`MaxCount`,`Comment`) VALUES (188192,35557,0,63.2511,0,1,0,2,2,'');
INSERT INTO `gameobject_loot_template` (`Entry`,`Item`,`Reference`,`Chance`,`QuestRequired`,`LootMode`,`GroupId`,`MinCount`,`MaxCount`,`Comment`) VALUES (188192,35720,0,63,0,1,0,6,6,'');
INSERT INTO `gameobject_loot_template` (`Entry`,`Item`,`Reference`,`Chance`,`QuestRequired`,`LootMode`,`GroupId`,`MinCount`,`MaxCount`,`Comment`) VALUES (188192,35723,0,100,1,1,0,1,1,'');
INSERT INTO `gameobject_loot_template` (`Entry`,`Item`,`Reference`,`Chance`,`QuestRequired`,`LootMode`,`GroupId`,`MinCount`,`MaxCount`,`Comment`) VALUES (188192,117372,0,30,0,1,0,1,1,'');
INSERT INTO `gameobject_loot_template` (`Entry`,`Item`,`Reference`,`Chance`,`QuestRequired`,`LootMode`,`GroupId`,`MinCount`,`MaxCount`,`Comment`) VALUES (188192,117374,0,30,0,1,0,1,1,'');
INSERT INTO `gameobject_loot_template` (`Entry`,`Item`,`Reference`,`Chance`,`QuestRequired`,`LootMode`,`GroupId`,`MinCount`,`MaxCount`,`Comment`) VALUES (188192,117375,0,30,0,1,0,1,1,'');
INSERT INTO `gameobject_loot_template` (`Entry`,`Item`,`Reference`,`Chance`,`QuestRequired`,`LootMode`,`GroupId`,`MinCount`,`MaxCount`,`Comment`) VALUES (188192,117376,0,30,0,1,0,1,1,'');
INSERT INTO `gameobject_loot_template` (`Entry`,`Item`,`Reference`,`Chance`,`QuestRequired`,`LootMode`,`GroupId`,`MinCount`,`MaxCount`,`Comment`) VALUES (188192,117377,0,30,0,1,0,1,1,'');
INSERT INTO `gameobject_loot_template` (`Entry`,`Item`,`Reference`,`Chance`,`QuestRequired`,`LootMode`,`GroupId`,`MinCount`,`MaxCount`,`Comment`) VALUES (188192,138838,0,30,0,1,0,1,1,'');


-- update the ahune specific creatures to be only in dedicated difficulty
UPDATE `creature` SET `spawnDifficulties` = '19' WHERE (`guid` = '73428');
UPDATE `creature` SET `spawnDifficulties` = '19' WHERE (`guid` = '73427');
UPDATE `creature` SET `spawnDifficulties` = '19' WHERE (`guid` = '84155');
UPDATE `creature` SET `spawnDifficulties` = '19' WHERE (`guid` = '84152');
UPDATE `creature` SET `spawnDifficulties` = '19' WHERE (`guid` = '84151');
UPDATE `creature` SET `spawnDifficulties` = '19' WHERE (`guid` = '84150');
UPDATE `creature` SET `spawnDifficulties` = '19' WHERE (`guid` = '84149');
UPDATE `creature` SET `spawnDifficulties` = '19' WHERE (`guid` = '84154');
UPDATE `creature` SET `spawnDifficulties` = '19' WHERE (`guid` = '84153');
UPDATE `creature` SET `spawnDifficulties` = '19' WHERE (`guid` = '84156');
UPDATE `creature` SET `spawnDifficulties` = '19' WHERE (`guid` = '84148');
UPDATE `creature` SET `spawnDifficulties` = '19' WHERE (`guid` = '202739');
UPDATE `creature` SET `spawnDifficulties` = '19' WHERE (`guid` = '202738');
UPDATE `creature` SET `spawnDifficulties` = '19' WHERE (`guid` = '202737');
UPDATE `creature` SET `spawnDifficulties` = '19' WHERE (`guid` = '202736');
UPDATE `creature` SET `spawnDifficulties` = '19' WHERE (`guid` = '202735');
UPDATE `creature` SET `spawnDifficulties` = '1,19' WHERE (`guid` = '202734');

-- tweak ahune and summoner for less difficulty since we are playing alone
-- this is NOT blizzlike
UPDATE `creature_template_difficulty` SET `HealthModifier` = '5' WHERE (`Entry` = '25740') and (`DifficultyID` = '0');
UPDATE `creature_template_difficulty` SET `HealthModifier` = '5', `DamageModifier` = '1.5' WHERE (`Entry` = '25740') and (`DifficultyID` = '1');
UPDATE `creature_template_difficulty` SET `HealthModifier` = '5', `DamageModifier` = '1.5' WHERE (`Entry` = '25740') and (`DifficultyID` = '19');
UPDATE `creature_template_difficulty` SET `HealthModifier` = '2', `ManaModifier` = '1' WHERE (`Entry` = '40446') and (`DifficultyID` = '0');
UPDATE `creature_template_difficulty` SET `HealthModifier` = '2', `ManaModifier` = '1' WHERE (`Entry` = '40446') and (`DifficultyID` = '1');




-- update the relevant quests information. 
-- Quests are now optional for unlocking the encounter
-- creature quest starters
DELETE FROM `creature_queststarter` WHERE `quest` IN (11886,11891,12012,11917,11947,11948,11952,11953,11954,11955,11696,11691);
INSERT INTO `creature_queststarter` (`id`,`quest`,`VerifiedBuild`) VALUES (25324,11891,0);
INSERT INTO `creature_queststarter` (`id`,`quest`,`VerifiedBuild`) VALUES (25324,12012,0);
INSERT INTO `creature_queststarter` (`id`,`quest`,`VerifiedBuild`) VALUES (25697,11691,0);
INSERT INTO `creature_queststarter` (`id`,`quest`,`VerifiedBuild`) VALUES (25710,11696,0);
INSERT INTO `creature_queststarter` (`id`,`quest`,`VerifiedBuild`) VALUES (26221,11886,0);
INSERT INTO `creature_queststarter` (`id`,`quest`,`VerifiedBuild`) VALUES (26221,11917,0);
INSERT INTO `creature_queststarter` (`id`,`quest`,`VerifiedBuild`) VALUES (26221,11947,0);
INSERT INTO `creature_queststarter` (`id`,`quest`,`VerifiedBuild`) VALUES (26221,11948,0);
INSERT INTO `creature_queststarter` (`id`,`quest`,`VerifiedBuild`) VALUES (26221,11952,0);
INSERT INTO `creature_queststarter` (`id`,`quest`,`VerifiedBuild`) VALUES (26221,11953,0);
INSERT INTO `creature_queststarter` (`id`,`quest`,`VerifiedBuild`) VALUES (26221,11954,0);
INSERT INTO `creature_queststarter` (`id`,`quest`,`VerifiedBuild`) VALUES (26221,11955,0);

-- creature quest enders
DELETE FROM `creature_questender` WHERE `quest` IN (11886,11891,12012,11917,11947,11948,11952,11953,11954,11955,11696,11691);
INSERT INTO `creature_questender` (`id`,`quest`,`VerifiedBuild`) VALUES (25324,11886,0);
INSERT INTO `creature_questender` (`id`,`quest`,`VerifiedBuild`) VALUES (25324,11891,0);
INSERT INTO `creature_questender` (`id`,`quest`,`VerifiedBuild`) VALUES (25697,11696,0);
INSERT INTO `creature_questender` (`id`,`quest`,`VerifiedBuild`) VALUES (25710,11955,0);
INSERT INTO `creature_questender` (`id`,`quest`,`VerifiedBuild`) VALUES (26221,11917,0);
INSERT INTO `creature_questender` (`id`,`quest`,`VerifiedBuild`) VALUES (26221,11947,0);
INSERT INTO `creature_questender` (`id`,`quest`,`VerifiedBuild`) VALUES (26221,11948,0);
INSERT INTO `creature_questender` (`id`,`quest`,`VerifiedBuild`) VALUES (26221,11952,0);
INSERT INTO `creature_questender` (`id`,`quest`,`VerifiedBuild`) VALUES (26221,11953,0);
INSERT INTO `creature_questender` (`id`,`quest`,`VerifiedBuild`) VALUES (26221,11954,0);
INSERT INTO `creature_questender` (`id`,`quest`,`VerifiedBuild`) VALUES (26221,12012,0);

-- go quest enders
DELETE FROM `gameobject_questender` WHERE `quest` IN (11691);
INSERT INTO `gameobject_questender` (`id`,`quest`,`VerifiedBuild`) VALUES (187882,11691,0);

-- quest templates
DELETE FROM `quest_template` WHERE `ID` IN (11886,11891,12012,11917,11947,11948,11952,11953,11954,11955,11696,11691);
INSERT INTO `quest_template` (`ID`,`QuestType`,`QuestPackageID`,`ContentTuningID`,`QuestSortID`,`QuestInfoID`,`SuggestedGroupNum`,`RewardNextQuest`,`RewardXPDifficulty`,`RewardXPMultiplier`,`RewardMoneyDifficulty`,`RewardMoneyMultiplier`,`RewardBonusMoney`,`RewardDisplaySpell1`,`RewardDisplaySpell2`,`RewardDisplaySpell3`,`RewardSpell`,`RewardHonor`,`RewardKillHonor`,`StartItem`,`RewardArtifactXPDifficulty`,`RewardArtifactXPMultiplier`,`RewardArtifactCategoryID`,`Flags`,`FlagsEx`,`FlagsEx2`,`RewardItem1`,`RewardAmount1`,`RewardItem2`,`RewardAmount2`,`RewardItem3`,`RewardAmount3`,`RewardItem4`,`RewardAmount4`,`ItemDrop1`,`ItemDropQuantity1`,`ItemDrop2`,`ItemDropQuantity2`,`ItemDrop3`,`ItemDropQuantity3`,`ItemDrop4`,`ItemDropQuantity4`,`RewardChoiceItemID1`,`RewardChoiceItemQuantity1`,`RewardChoiceItemDisplayID1`,`RewardChoiceItemID2`,`RewardChoiceItemQuantity2`,`RewardChoiceItemDisplayID2`,`RewardChoiceItemID3`,`RewardChoiceItemQuantity3`,`RewardChoiceItemDisplayID3`,`RewardChoiceItemID4`,`RewardChoiceItemQuantity4`,`RewardChoiceItemDisplayID4`,`RewardChoiceItemID5`,`RewardChoiceItemQuantity5`,`RewardChoiceItemDisplayID5`,`RewardChoiceItemID6`,`RewardChoiceItemQuantity6`,`RewardChoiceItemDisplayID6`,`POIContinent`,`POIx`,`POIy`,`POIPriority`,`RewardTitle`,`RewardArenaPoints`,`RewardSkillLineID`,`RewardNumSkillUps`,`PortraitGiver`,`PortraitGiverMount`,`PortraitGiverModelSceneID`,`PortraitTurnIn`,`RewardFactionID1`,`RewardFactionValue1`,`RewardFactionOverride1`,`RewardFactionCapIn1`,`RewardFactionID2`,`RewardFactionValue2`,`RewardFactionOverride2`,`RewardFactionCapIn2`,`RewardFactionID3`,`RewardFactionValue3`,`RewardFactionOverride3`,`RewardFactionCapIn3`,`RewardFactionID4`,`RewardFactionValue4`,`RewardFactionOverride4`,`RewardFactionCapIn4`,`RewardFactionID5`,`RewardFactionValue5`,`RewardFactionOverride5`,`RewardFactionCapIn5`,`RewardFactionFlags`,`RewardCurrencyID1`,`RewardCurrencyQty1`,`RewardCurrencyID2`,`RewardCurrencyQty2`,`RewardCurrencyID3`,`RewardCurrencyQty3`,`RewardCurrencyID4`,`RewardCurrencyQty4`,`AcceptedSoundKitID`,`CompleteSoundKitID`,`AreaGroupID`,`TimeAllowed`,`AllowableRaces`,`TreasurePickerID`,`Expansion`,`ManagedWorldStateID`,`QuestSessionBonus`,`LogTitle`,`LogDescription`,`QuestDescription`,`AreaDescription`,`PortraitGiverText`,`PortraitGiverName`,`PortraitTurnInText`,`PortraitTurnInName`,`QuestCompletionLog`,`VerifiedBuild`) VALUES (11691,2,0,394,-369,81,5,0,5,1,5,1,61750,0,0,0,45926,0,0,34953,0,1,0,4096,0,0,0,0,0,0,0,0,0,0,0,0,0,0,0,0,0,0,0,0,0,0,0,0,0,0,0,0,0,0,0,0,0,0,0,0,0,0,0,0,0,0,0,0,0,0,0,0,0,0,0,7,0,0,0,7,0,0,0,7,0,0,0,7,0,0,0,7,0,0,0,0,0,0,0,0,0,890,878,0,0,18446744073709551615,0,8,0,0,'Summon Ahune','Bring the Earthen Ring Magma Totem to the Ice Stone.','I and my Shamans have gathered our powers for the coming battle with the Lord of Frost.  $n, you will be the fist of the Earthmother.$B$BTake this magma totem.  Use it against the Ice Stone, to the northeast.  Ahune is channeling his power through this stone; it is our hope that the totem will disrupt him and cut off his link to the elemental planes.$B$BIf fortune is with us, then, perhaps, we can defeat him.$B$BPrepare yourself, $n.  If Ahune comes to face us, then his fury will be great.',NULL,'','(NULL)','(NULL)','(NULL)',NULL,54630);
INSERT INTO `quest_template` (`ID`,`QuestType`,`QuestPackageID`,`ContentTuningID`,`QuestSortID`,`QuestInfoID`,`SuggestedGroupNum`,`RewardNextQuest`,`RewardXPDifficulty`,`RewardXPMultiplier`,`RewardMoneyDifficulty`,`RewardMoneyMultiplier`,`RewardBonusMoney`,`RewardDisplaySpell1`,`RewardDisplaySpell2`,`RewardDisplaySpell3`,`RewardSpell`,`RewardHonor`,`RewardKillHonor`,`StartItem`,`RewardArtifactXPDifficulty`,`RewardArtifactXPMultiplier`,`RewardArtifactCategoryID`,`Flags`,`FlagsEx`,`FlagsEx2`,`RewardItem1`,`RewardAmount1`,`RewardItem2`,`RewardAmount2`,`RewardItem3`,`RewardAmount3`,`RewardItem4`,`RewardAmount4`,`ItemDrop1`,`ItemDropQuantity1`,`ItemDrop2`,`ItemDropQuantity2`,`ItemDrop3`,`ItemDropQuantity3`,`ItemDrop4`,`ItemDropQuantity4`,`RewardChoiceItemID1`,`RewardChoiceItemQuantity1`,`RewardChoiceItemDisplayID1`,`RewardChoiceItemID2`,`RewardChoiceItemQuantity2`,`RewardChoiceItemDisplayID2`,`RewardChoiceItemID3`,`RewardChoiceItemQuantity3`,`RewardChoiceItemDisplayID3`,`RewardChoiceItemID4`,`RewardChoiceItemQuantity4`,`RewardChoiceItemDisplayID4`,`RewardChoiceItemID5`,`RewardChoiceItemQuantity5`,`RewardChoiceItemDisplayID5`,`RewardChoiceItemID6`,`RewardChoiceItemQuantity6`,`RewardChoiceItemDisplayID6`,`POIContinent`,`POIx`,`POIy`,`POIPriority`,`RewardTitle`,`RewardArenaPoints`,`RewardSkillLineID`,`RewardNumSkillUps`,`PortraitGiver`,`PortraitGiverMount`,`PortraitGiverModelSceneID`,`PortraitTurnIn`,`RewardFactionID1`,`RewardFactionValue1`,`RewardFactionOverride1`,`RewardFactionCapIn1`,`RewardFactionID2`,`RewardFactionValue2`,`RewardFactionOverride2`,`RewardFactionCapIn2`,`RewardFactionID3`,`RewardFactionValue3`,`RewardFactionOverride3`,`RewardFactionCapIn3`,`RewardFactionID4`,`RewardFactionValue4`,`RewardFactionOverride4`,`RewardFactionCapIn4`,`RewardFactionID5`,`RewardFactionValue5`,`RewardFactionOverride5`,`RewardFactionCapIn5`,`RewardFactionFlags`,`RewardCurrencyID1`,`RewardCurrencyQty1`,`RewardCurrencyID2`,`RewardCurrencyQty2`,`RewardCurrencyID3`,`RewardCurrencyQty3`,`RewardCurrencyID4`,`RewardCurrencyQty4`,`AcceptedSoundKitID`,`CompleteSoundKitID`,`AreaGroupID`,`TimeAllowed`,`AllowableRaces`,`TreasurePickerID`,`Expansion`,`ManagedWorldStateID`,`QuestSessionBonus`,`LogTitle`,`LogDescription`,`QuestDescription`,`AreaDescription`,`PortraitGiverText`,`PortraitGiverName`,`PortraitTurnInText`,`PortraitTurnInName`,`QuestCompletionLog`,`VerifiedBuild`) VALUES (11696,2,0,394,-22,0,0,11691,1,1,1,1,7700,0,0,0,0,0,0,0,0,1,0,8,0,0,0,0,0,0,0,0,0,0,0,0,0,0,0,0,0,0,0,0,0,0,0,0,0,0,0,0,0,0,0,0,0,0,0,0,0,0,0,0,0,0,0,0,0,0,0,0,0,0,0,7,0,0,0,7,0,0,0,7,0,0,0,7,0,0,0,7,0,0,0,0,0,0,0,0,0,890,878,0,0,18446744073709551615,0,8,0,0,'Ahune is Here!','Find Luma Skymother in the Slave Pens.','$n, your presence is a blessing.  Ahune lies within these caverns, gathering strength for his assault.  Earthen Ring forces were sent ahead, but they alone cannot defeat him.$B$BExplore, $n.  Find our Earthen Ring Shamans and speak with their leader, Luma Skymother.  Perhaps, with your added strength, we can beat Ahune before it\'s too late.',NULL,'','(NULL)','(NULL)','(NULL)','',54630);
INSERT INTO `quest_template` (`ID`,`QuestType`,`QuestPackageID`,`ContentTuningID`,`QuestSortID`,`QuestInfoID`,`SuggestedGroupNum`,`RewardNextQuest`,`RewardXPDifficulty`,`RewardXPMultiplier`,`RewardMoneyDifficulty`,`RewardMoneyMultiplier`,`RewardBonusMoney`,`RewardDisplaySpell1`,`RewardDisplaySpell2`,`RewardDisplaySpell3`,`RewardSpell`,`RewardHonor`,`RewardKillHonor`,`StartItem`,`RewardArtifactXPDifficulty`,`RewardArtifactXPMultiplier`,`RewardArtifactCategoryID`,`Flags`,`FlagsEx`,`FlagsEx2`,`RewardItem1`,`RewardAmount1`,`RewardItem2`,`RewardAmount2`,`RewardItem3`,`RewardAmount3`,`RewardItem4`,`RewardAmount4`,`ItemDrop1`,`ItemDropQuantity1`,`ItemDrop2`,`ItemDropQuantity2`,`ItemDrop3`,`ItemDropQuantity3`,`ItemDrop4`,`ItemDropQuantity4`,`RewardChoiceItemID1`,`RewardChoiceItemQuantity1`,`RewardChoiceItemDisplayID1`,`RewardChoiceItemID2`,`RewardChoiceItemQuantity2`,`RewardChoiceItemDisplayID2`,`RewardChoiceItemID3`,`RewardChoiceItemQuantity3`,`RewardChoiceItemDisplayID3`,`RewardChoiceItemID4`,`RewardChoiceItemQuantity4`,`RewardChoiceItemDisplayID4`,`RewardChoiceItemID5`,`RewardChoiceItemQuantity5`,`RewardChoiceItemDisplayID5`,`RewardChoiceItemID6`,`RewardChoiceItemQuantity6`,`RewardChoiceItemDisplayID6`,`POIContinent`,`POIx`,`POIy`,`POIPriority`,`RewardTitle`,`RewardArenaPoints`,`RewardSkillLineID`,`RewardNumSkillUps`,`PortraitGiver`,`PortraitGiverMount`,`PortraitGiverModelSceneID`,`PortraitTurnIn`,`RewardFactionID1`,`RewardFactionValue1`,`RewardFactionOverride1`,`RewardFactionCapIn1`,`RewardFactionID2`,`RewardFactionValue2`,`RewardFactionOverride2`,`RewardFactionCapIn2`,`RewardFactionID3`,`RewardFactionValue3`,`RewardFactionOverride3`,`RewardFactionCapIn3`,`RewardFactionID4`,`RewardFactionValue4`,`RewardFactionOverride4`,`RewardFactionCapIn4`,`RewardFactionID5`,`RewardFactionValue5`,`RewardFactionOverride5`,`RewardFactionCapIn5`,`RewardFactionFlags`,`RewardCurrencyID1`,`RewardCurrencyQty1`,`RewardCurrencyID2`,`RewardCurrencyQty2`,`RewardCurrencyID3`,`RewardCurrencyQty3`,`RewardCurrencyID4`,`RewardCurrencyQty4`,`AcceptedSoundKitID`,`CompleteSoundKitID`,`AreaGroupID`,`TimeAllowed`,`AllowableRaces`,`TreasurePickerID`,`Expansion`,`ManagedWorldStateID`,`QuestSessionBonus`,`LogTitle`,`LogDescription`,`QuestDescription`,`AreaDescription`,`PortraitGiverText`,`PortraitGiverName`,`PortraitTurnInText`,`PortraitTurnInName`,`QuestCompletionLog`,`VerifiedBuild`) VALUES (11886,2,0,395,-369,0,0,11891,5,1,0,1,61750,0,0,0,0,0,0,35828,0,1,0,268435464,0,0,23247,5,0,0,0,0,0,0,0,0,0,0,0,0,0,0,0,0,0,0,0,0,0,0,0,0,0,0,0,0,0,0,0,0,0,0,0,0,0,0,0,0,0,0,0,0,0,0,0,7,0,0,0,7,0,0,0,7,0,0,0,7,0,0,0,7,0,0,0,0,0,0,0,0,0,890,878,0,0,18446744073709551615,0,8,0,0,'Unusual Activity','Go to the new Twilight Camp south of the Blackfathom Deeps entrance on the Zoram Strand of Ashenvale and retrieve Twilight Correspondence from the cultists, then call upon the Earthen Ring Guide using the Totemic Beacon.','While celebration has its place, $c, some of us must look to graver matters.$b$bWhen the festival began, we received reports from Zoram Strand about a sharp increase in Twilight Cult activity. The origins of this holiday are steeped in the very powers those madmen revere; this cannot be coincidence. Go to the camp just south of the Blackfathom Deeps entrance, in the ruins, and see if the cultists will part with information - forcefully if need be. Use this beacon to summon a guide when you find it.',NULL,'','(NULL)','(NULL)','(NULL)',NULL,54630);
INSERT INTO `quest_template` (`ID`,`QuestType`,`QuestPackageID`,`ContentTuningID`,`QuestSortID`,`QuestInfoID`,`SuggestedGroupNum`,`RewardNextQuest`,`RewardXPDifficulty`,`RewardXPMultiplier`,`RewardMoneyDifficulty`,`RewardMoneyMultiplier`,`RewardBonusMoney`,`RewardDisplaySpell1`,`RewardDisplaySpell2`,`RewardDisplaySpell3`,`RewardSpell`,`RewardHonor`,`RewardKillHonor`,`StartItem`,`RewardArtifactXPDifficulty`,`RewardArtifactXPMultiplier`,`RewardArtifactCategoryID`,`Flags`,`FlagsEx`,`FlagsEx2`,`RewardItem1`,`RewardAmount1`,`RewardItem2`,`RewardAmount2`,`RewardItem3`,`RewardAmount3`,`RewardItem4`,`RewardAmount4`,`ItemDrop1`,`ItemDropQuantity1`,`ItemDrop2`,`ItemDropQuantity2`,`ItemDrop3`,`ItemDropQuantity3`,`ItemDrop4`,`ItemDropQuantity4`,`RewardChoiceItemID1`,`RewardChoiceItemQuantity1`,`RewardChoiceItemDisplayID1`,`RewardChoiceItemID2`,`RewardChoiceItemQuantity2`,`RewardChoiceItemDisplayID2`,`RewardChoiceItemID3`,`RewardChoiceItemQuantity3`,`RewardChoiceItemDisplayID3`,`RewardChoiceItemID4`,`RewardChoiceItemQuantity4`,`RewardChoiceItemDisplayID4`,`RewardChoiceItemID5`,`RewardChoiceItemQuantity5`,`RewardChoiceItemDisplayID5`,`RewardChoiceItemID6`,`RewardChoiceItemQuantity6`,`RewardChoiceItemDisplayID6`,`POIContinent`,`POIx`,`POIy`,`POIPriority`,`RewardTitle`,`RewardArenaPoints`,`RewardSkillLineID`,`RewardNumSkillUps`,`PortraitGiver`,`PortraitGiverMount`,`PortraitGiverModelSceneID`,`PortraitTurnIn`,`RewardFactionID1`,`RewardFactionValue1`,`RewardFactionOverride1`,`RewardFactionCapIn1`,`RewardFactionID2`,`RewardFactionValue2`,`RewardFactionOverride2`,`RewardFactionCapIn2`,`RewardFactionID3`,`RewardFactionValue3`,`RewardFactionOverride3`,`RewardFactionCapIn3`,`RewardFactionID4`,`RewardFactionValue4`,`RewardFactionOverride4`,`RewardFactionCapIn4`,`RewardFactionID5`,`RewardFactionValue5`,`RewardFactionOverride5`,`RewardFactionCapIn5`,`RewardFactionFlags`,`RewardCurrencyID1`,`RewardCurrencyQty1`,`RewardCurrencyID2`,`RewardCurrencyQty2`,`RewardCurrencyID3`,`RewardCurrencyQty3`,`RewardCurrencyID4`,`RewardCurrencyQty4`,`AcceptedSoundKitID`,`CompleteSoundKitID`,`AreaGroupID`,`TimeAllowed`,`AllowableRaces`,`TreasurePickerID`,`Expansion`,`ManagedWorldStateID`,`QuestSessionBonus`,`LogTitle`,`LogDescription`,`QuestDescription`,`AreaDescription`,`PortraitGiverText`,`PortraitGiverName`,`PortraitTurnInText`,`PortraitTurnInName`,`QuestCompletionLog`,`VerifiedBuild`) VALUES (11891,2,0,395,-369,0,0,12012,5,1,0,1,61750,0,0,0,0,0,0,35237,0,1,0,2,0,0,23247,5,0,0,0,0,0,0,0,0,0,0,0,0,0,0,0,0,0,0,0,0,0,0,0,0,0,0,0,0,0,0,0,0,0,0,0,0,0,0,0,0,0,0,0,0,0,0,0,7,0,0,0,7,0,0,0,7,0,0,0,7,0,0,0,7,0,0,0,0,0,0,0,0,0,890,878,0,0,18446744073709551615,0,8,0,0,'An Innocent Disguise','Use the Orb of the Crawler to spy upon the new Twilight camp to the west of the Blackfathom Deeps entrance on the Zoram Strand in Ashenvale, then summon the Earthen Ring Guide using the Totemic Beacon.','According to this, it seems there is another encampment of the cultists to the northwest of the large gathering on the Zoram Strand, and they are speaking with... guests?$b$bMuch could be learned from listening to these proceedings, $r. Take this orb; it will allow you to appear as one of the native crawlers on the beach. Spy on the conversation with these \"guests\" of the cultists at the northwestern camp and report back to me when you are successful.','Listen to the plan of the Twilight Cultists','','(NULL)','(NULL)','(NULL)',NULL,54630);
INSERT INTO `quest_template` (`ID`,`QuestType`,`QuestPackageID`,`ContentTuningID`,`QuestSortID`,`QuestInfoID`,`SuggestedGroupNum`,`RewardNextQuest`,`RewardXPDifficulty`,`RewardXPMultiplier`,`RewardMoneyDifficulty`,`RewardMoneyMultiplier`,`RewardBonusMoney`,`RewardDisplaySpell1`,`RewardDisplaySpell2`,`RewardDisplaySpell3`,`RewardSpell`,`RewardHonor`,`RewardKillHonor`,`StartItem`,`RewardArtifactXPDifficulty`,`RewardArtifactXPMultiplier`,`RewardArtifactCategoryID`,`Flags`,`FlagsEx`,`FlagsEx2`,`RewardItem1`,`RewardAmount1`,`RewardItem2`,`RewardAmount2`,`RewardItem3`,`RewardAmount3`,`RewardItem4`,`RewardAmount4`,`ItemDrop1`,`ItemDropQuantity1`,`ItemDrop2`,`ItemDropQuantity2`,`ItemDrop3`,`ItemDropQuantity3`,`ItemDrop4`,`ItemDropQuantity4`,`RewardChoiceItemID1`,`RewardChoiceItemQuantity1`,`RewardChoiceItemDisplayID1`,`RewardChoiceItemID2`,`RewardChoiceItemQuantity2`,`RewardChoiceItemDisplayID2`,`RewardChoiceItemID3`,`RewardChoiceItemQuantity3`,`RewardChoiceItemDisplayID3`,`RewardChoiceItemID4`,`RewardChoiceItemQuantity4`,`RewardChoiceItemDisplayID4`,`RewardChoiceItemID5`,`RewardChoiceItemQuantity5`,`RewardChoiceItemDisplayID5`,`RewardChoiceItemID6`,`RewardChoiceItemQuantity6`,`RewardChoiceItemDisplayID6`,`POIContinent`,`POIx`,`POIy`,`POIPriority`,`RewardTitle`,`RewardArenaPoints`,`RewardSkillLineID`,`RewardNumSkillUps`,`PortraitGiver`,`PortraitGiverMount`,`PortraitGiverModelSceneID`,`PortraitTurnIn`,`RewardFactionID1`,`RewardFactionValue1`,`RewardFactionOverride1`,`RewardFactionCapIn1`,`RewardFactionID2`,`RewardFactionValue2`,`RewardFactionOverride2`,`RewardFactionCapIn2`,`RewardFactionID3`,`RewardFactionValue3`,`RewardFactionOverride3`,`RewardFactionCapIn3`,`RewardFactionID4`,`RewardFactionValue4`,`RewardFactionOverride4`,`RewardFactionCapIn4`,`RewardFactionID5`,`RewardFactionValue5`,`RewardFactionOverride5`,`RewardFactionCapIn5`,`RewardFactionFlags`,`RewardCurrencyID1`,`RewardCurrencyQty1`,`RewardCurrencyID2`,`RewardCurrencyQty2`,`RewardCurrencyID3`,`RewardCurrencyQty3`,`RewardCurrencyID4`,`RewardCurrencyQty4`,`AcceptedSoundKitID`,`CompleteSoundKitID`,`AreaGroupID`,`TimeAllowed`,`AllowableRaces`,`TreasurePickerID`,`Expansion`,`ManagedWorldStateID`,`QuestSessionBonus`,`LogTitle`,`LogDescription`,`QuestDescription`,`AreaDescription`,`PortraitGiverText`,`PortraitGiverName`,`PortraitTurnInText`,`PortraitTurnInName`,`QuestCompletionLog`,`VerifiedBuild`) VALUES (11917,1,0,394,-369,0,0,0,5,1,2,1,61750,0,0,0,0,0,0,0,0,1,0,4104,0,32,23247,10,0,0,0,0,0,0,0,0,0,0,0,0,0,0,0,0,0,0,0,0,0,0,0,0,0,0,0,0,0,0,0,0,0,0,0,0,0,0,0,0,0,0,0,0,0,0,0,7,0,0,0,7,0,0,0,7,0,0,0,7,0,0,0,7,0,0,0,0,0,0,0,0,0,890,878,0,0,18446744073709551615,0,8,0,0,'Striking Back','Slay the Frostwave Lieutenant summoned from the Ice Stone located on Zoram Strand in Ashenvale, then return to the Earthen Ring Elder in a capital city.','We must act to preserve the balance! Time is against us.$b$bReturn to the camp on the Zoram Strand with the large ice stones. They use them to communicate with the elementals, as they do in Silithus. Much as I am loath to do this, the spirits will understand - you must summon one of this Ahune\'s lieutenants and destroy it. Perhaps this forestalling action will be enough...',NULL,'','(NULL)','(NULL)','(NULL)',NULL,54630);
INSERT INTO `quest_template` (`ID`,`QuestType`,`QuestPackageID`,`ContentTuningID`,`QuestSortID`,`QuestInfoID`,`SuggestedGroupNum`,`RewardNextQuest`,`RewardXPDifficulty`,`RewardXPMultiplier`,`RewardMoneyDifficulty`,`RewardMoneyMultiplier`,`RewardBonusMoney`,`RewardDisplaySpell1`,`RewardDisplaySpell2`,`RewardDisplaySpell3`,`RewardSpell`,`RewardHonor`,`RewardKillHonor`,`StartItem`,`RewardArtifactXPDifficulty`,`RewardArtifactXPMultiplier`,`RewardArtifactCategoryID`,`Flags`,`FlagsEx`,`FlagsEx2`,`RewardItem1`,`RewardAmount1`,`RewardItem2`,`RewardAmount2`,`RewardItem3`,`RewardAmount3`,`RewardItem4`,`RewardAmount4`,`ItemDrop1`,`ItemDropQuantity1`,`ItemDrop2`,`ItemDropQuantity2`,`ItemDrop3`,`ItemDropQuantity3`,`ItemDrop4`,`ItemDropQuantity4`,`RewardChoiceItemID1`,`RewardChoiceItemQuantity1`,`RewardChoiceItemDisplayID1`,`RewardChoiceItemID2`,`RewardChoiceItemQuantity2`,`RewardChoiceItemDisplayID2`,`RewardChoiceItemID3`,`RewardChoiceItemQuantity3`,`RewardChoiceItemDisplayID3`,`RewardChoiceItemID4`,`RewardChoiceItemQuantity4`,`RewardChoiceItemDisplayID4`,`RewardChoiceItemID5`,`RewardChoiceItemQuantity5`,`RewardChoiceItemDisplayID5`,`RewardChoiceItemID6`,`RewardChoiceItemQuantity6`,`RewardChoiceItemDisplayID6`,`POIContinent`,`POIx`,`POIy`,`POIPriority`,`RewardTitle`,`RewardArenaPoints`,`RewardSkillLineID`,`RewardNumSkillUps`,`PortraitGiver`,`PortraitGiverMount`,`PortraitGiverModelSceneID`,`PortraitTurnIn`,`RewardFactionID1`,`RewardFactionValue1`,`RewardFactionOverride1`,`RewardFactionCapIn1`,`RewardFactionID2`,`RewardFactionValue2`,`RewardFactionOverride2`,`RewardFactionCapIn2`,`RewardFactionID3`,`RewardFactionValue3`,`RewardFactionOverride3`,`RewardFactionCapIn3`,`RewardFactionID4`,`RewardFactionValue4`,`RewardFactionOverride4`,`RewardFactionCapIn4`,`RewardFactionID5`,`RewardFactionValue5`,`RewardFactionOverride5`,`RewardFactionCapIn5`,`RewardFactionFlags`,`RewardCurrencyID1`,`RewardCurrencyQty1`,`RewardCurrencyID2`,`RewardCurrencyQty2`,`RewardCurrencyID3`,`RewardCurrencyQty3`,`RewardCurrencyID4`,`RewardCurrencyQty4`,`AcceptedSoundKitID`,`CompleteSoundKitID`,`AreaGroupID`,`TimeAllowed`,`AllowableRaces`,`TreasurePickerID`,`Expansion`,`ManagedWorldStateID`,`QuestSessionBonus`,`LogTitle`,`LogDescription`,`QuestDescription`,`AreaDescription`,`PortraitGiverText`,`PortraitGiverName`,`PortraitTurnInText`,`PortraitTurnInName`,`QuestCompletionLog`,`VerifiedBuild`) VALUES (11947,1,0,394,-369,0,0,0,5,1,2,1,61750,0,0,0,0,0,0,0,0,1,0,4104,0,32,23247,10,0,0,0,0,0,0,0,0,0,0,0,0,0,0,0,0,0,0,0,0,0,0,0,0,0,0,0,0,0,0,0,0,0,0,0,0,0,0,0,0,0,0,0,0,0,0,0,7,0,0,0,7,0,0,0,7,0,0,0,7,0,0,0,7,0,0,0,0,0,0,0,0,0,890,878,0,0,18446744073709551615,0,8,0,0,'Striking Back','Slay the Hailstone Lieutenant summoned from the Ice Stone located at Ethel Rethor in Desolace, then return to the Earthen Ring Elder in a capital city.','We must act to preserve the balance! Time is against us.$b$bThere is a camp located in the shadow of Ethel Rethor within northwestern Desolace. There, they use ice stones to communicate with the elementals, as they do in Silithus. Much as I am loath to do this, the spirits will understand - you must summon one of this Ahune\'s lieutenants and destroy it. Perhaps this forestalling action will be enough...',NULL,'','(NULL)','(NULL)','(NULL)',NULL,54630);
INSERT INTO `quest_template` (`ID`,`QuestType`,`QuestPackageID`,`ContentTuningID`,`QuestSortID`,`QuestInfoID`,`SuggestedGroupNum`,`RewardNextQuest`,`RewardXPDifficulty`,`RewardXPMultiplier`,`RewardMoneyDifficulty`,`RewardMoneyMultiplier`,`RewardBonusMoney`,`RewardDisplaySpell1`,`RewardDisplaySpell2`,`RewardDisplaySpell3`,`RewardSpell`,`RewardHonor`,`RewardKillHonor`,`StartItem`,`RewardArtifactXPDifficulty`,`RewardArtifactXPMultiplier`,`RewardArtifactCategoryID`,`Flags`,`FlagsEx`,`FlagsEx2`,`RewardItem1`,`RewardAmount1`,`RewardItem2`,`RewardAmount2`,`RewardItem3`,`RewardAmount3`,`RewardItem4`,`RewardAmount4`,`ItemDrop1`,`ItemDropQuantity1`,`ItemDrop2`,`ItemDropQuantity2`,`ItemDrop3`,`ItemDropQuantity3`,`ItemDrop4`,`ItemDropQuantity4`,`RewardChoiceItemID1`,`RewardChoiceItemQuantity1`,`RewardChoiceItemDisplayID1`,`RewardChoiceItemID2`,`RewardChoiceItemQuantity2`,`RewardChoiceItemDisplayID2`,`RewardChoiceItemID3`,`RewardChoiceItemQuantity3`,`RewardChoiceItemDisplayID3`,`RewardChoiceItemID4`,`RewardChoiceItemQuantity4`,`RewardChoiceItemDisplayID4`,`RewardChoiceItemID5`,`RewardChoiceItemQuantity5`,`RewardChoiceItemDisplayID5`,`RewardChoiceItemID6`,`RewardChoiceItemQuantity6`,`RewardChoiceItemDisplayID6`,`POIContinent`,`POIx`,`POIy`,`POIPriority`,`RewardTitle`,`RewardArenaPoints`,`RewardSkillLineID`,`RewardNumSkillUps`,`PortraitGiver`,`PortraitGiverMount`,`PortraitGiverModelSceneID`,`PortraitTurnIn`,`RewardFactionID1`,`RewardFactionValue1`,`RewardFactionOverride1`,`RewardFactionCapIn1`,`RewardFactionID2`,`RewardFactionValue2`,`RewardFactionOverride2`,`RewardFactionCapIn2`,`RewardFactionID3`,`RewardFactionValue3`,`RewardFactionOverride3`,`RewardFactionCapIn3`,`RewardFactionID4`,`RewardFactionValue4`,`RewardFactionOverride4`,`RewardFactionCapIn4`,`RewardFactionID5`,`RewardFactionValue5`,`RewardFactionOverride5`,`RewardFactionCapIn5`,`RewardFactionFlags`,`RewardCurrencyID1`,`RewardCurrencyQty1`,`RewardCurrencyID2`,`RewardCurrencyQty2`,`RewardCurrencyID3`,`RewardCurrencyQty3`,`RewardCurrencyID4`,`RewardCurrencyQty4`,`AcceptedSoundKitID`,`CompleteSoundKitID`,`AreaGroupID`,`TimeAllowed`,`AllowableRaces`,`TreasurePickerID`,`Expansion`,`ManagedWorldStateID`,`QuestSessionBonus`,`LogTitle`,`LogDescription`,`QuestDescription`,`AreaDescription`,`PortraitGiverText`,`PortraitGiverName`,`PortraitTurnInText`,`PortraitTurnInName`,`QuestCompletionLog`,`VerifiedBuild`) VALUES (11948,1,0,394,-369,0,0,0,5,1,2,1,61750,0,0,0,0,0,0,0,0,1,0,4104,0,32,23247,10,0,0,0,0,0,0,0,0,0,0,0,0,0,0,0,0,0,0,0,0,0,0,0,0,0,0,0,0,0,0,0,0,0,0,0,0,0,0,0,0,0,0,0,0,0,0,0,7,0,0,0,7,0,0,0,7,0,0,0,7,0,0,0,7,0,0,0,0,0,0,0,0,0,890,878,0,0,18446744073709551615,0,8,0,0,'Striking Back','Slay the Chillwind Lieutenant summoned from the Ice Stone located on the water elemental\'s island in western Stranglethorn Vale, then return to the Earthen Ring Elder in a capital city.','We must act to preserve the balance! Time is against us.$b$bNeptulon has long had a base of operations on an island in western Stranglethorn. There, the Twilight Cult has set up ice stones to communicate with the Tidehunter\'s realm, much like they do in Silithus. Much as I am loath to do this, the spirits will understand - you must summon one of this Ahune\'s lieutenants and destroy it. Perhaps this forestalling action will be enough...',NULL,'','(NULL)','(NULL)','(NULL)',NULL,54630);
INSERT INTO `quest_template` (`ID`,`QuestType`,`QuestPackageID`,`ContentTuningID`,`QuestSortID`,`QuestInfoID`,`SuggestedGroupNum`,`RewardNextQuest`,`RewardXPDifficulty`,`RewardXPMultiplier`,`RewardMoneyDifficulty`,`RewardMoneyMultiplier`,`RewardBonusMoney`,`RewardDisplaySpell1`,`RewardDisplaySpell2`,`RewardDisplaySpell3`,`RewardSpell`,`RewardHonor`,`RewardKillHonor`,`StartItem`,`RewardArtifactXPDifficulty`,`RewardArtifactXPMultiplier`,`RewardArtifactCategoryID`,`Flags`,`FlagsEx`,`FlagsEx2`,`RewardItem1`,`RewardAmount1`,`RewardItem2`,`RewardAmount2`,`RewardItem3`,`RewardAmount3`,`RewardItem4`,`RewardAmount4`,`ItemDrop1`,`ItemDropQuantity1`,`ItemDrop2`,`ItemDropQuantity2`,`ItemDrop3`,`ItemDropQuantity3`,`ItemDrop4`,`ItemDropQuantity4`,`RewardChoiceItemID1`,`RewardChoiceItemQuantity1`,`RewardChoiceItemDisplayID1`,`RewardChoiceItemID2`,`RewardChoiceItemQuantity2`,`RewardChoiceItemDisplayID2`,`RewardChoiceItemID3`,`RewardChoiceItemQuantity3`,`RewardChoiceItemDisplayID3`,`RewardChoiceItemID4`,`RewardChoiceItemQuantity4`,`RewardChoiceItemDisplayID4`,`RewardChoiceItemID5`,`RewardChoiceItemQuantity5`,`RewardChoiceItemDisplayID5`,`RewardChoiceItemID6`,`RewardChoiceItemQuantity6`,`RewardChoiceItemDisplayID6`,`POIContinent`,`POIx`,`POIy`,`POIPriority`,`RewardTitle`,`RewardArenaPoints`,`RewardSkillLineID`,`RewardNumSkillUps`,`PortraitGiver`,`PortraitGiverMount`,`PortraitGiverModelSceneID`,`PortraitTurnIn`,`RewardFactionID1`,`RewardFactionValue1`,`RewardFactionOverride1`,`RewardFactionCapIn1`,`RewardFactionID2`,`RewardFactionValue2`,`RewardFactionOverride2`,`RewardFactionCapIn2`,`RewardFactionID3`,`RewardFactionValue3`,`RewardFactionOverride3`,`RewardFactionCapIn3`,`RewardFactionID4`,`RewardFactionValue4`,`RewardFactionOverride4`,`RewardFactionCapIn4`,`RewardFactionID5`,`RewardFactionValue5`,`RewardFactionOverride5`,`RewardFactionCapIn5`,`RewardFactionFlags`,`RewardCurrencyID1`,`RewardCurrencyQty1`,`RewardCurrencyID2`,`RewardCurrencyQty2`,`RewardCurrencyID3`,`RewardCurrencyQty3`,`RewardCurrencyID4`,`RewardCurrencyQty4`,`AcceptedSoundKitID`,`CompleteSoundKitID`,`AreaGroupID`,`TimeAllowed`,`AllowableRaces`,`TreasurePickerID`,`Expansion`,`ManagedWorldStateID`,`QuestSessionBonus`,`LogTitle`,`LogDescription`,`QuestDescription`,`AreaDescription`,`PortraitGiverText`,`PortraitGiverName`,`PortraitTurnInText`,`PortraitTurnInName`,`QuestCompletionLog`,`VerifiedBuild`) VALUES (11952,1,0,394,-369,0,0,0,5,1,2,1,61750,0,0,0,0,0,0,0,0,1,0,4104,0,32,23247,10,0,0,0,0,0,0,0,0,0,0,0,0,0,0,0,0,0,0,0,0,0,0,0,0,0,0,0,0,0,0,0,0,0,0,0,0,0,0,0,0,0,0,0,0,0,0,0,7,0,0,0,7,0,0,0,7,0,0,0,7,0,0,0,7,0,0,0,0,0,0,0,0,0,890,878,0,0,18446744073709551615,0,8,0,0,'Striking Back','Slay the Frigid Lieutenant summoned from the Ice Stone located in the cave underneath Firewatch Ridge in the northwest of Searing Gorge, then return to the Earthen Ring Elder in a capital city.','We must act to preserve the balance! Time is against us.$b$bFirewatch Ridge in Searing Gorge is an established bastion of Twilight Cult activity. Recently, they have been using ice stones in the cave to communicate with the Tidehunter\'s realm, much like they do in Silithus. Much as I am loath to do this, the spirits will understand - you must summon one of this Ahune\'s lieutenants and destroy it. Perhaps this forestalling action will be enough...',NULL,'','(NULL)','(NULL)','(NULL)',NULL,54630);
INSERT INTO `quest_template` (`ID`,`QuestType`,`QuestPackageID`,`ContentTuningID`,`QuestSortID`,`QuestInfoID`,`SuggestedGroupNum`,`RewardNextQuest`,`RewardXPDifficulty`,`RewardXPMultiplier`,`RewardMoneyDifficulty`,`RewardMoneyMultiplier`,`RewardBonusMoney`,`RewardDisplaySpell1`,`RewardDisplaySpell2`,`RewardDisplaySpell3`,`RewardSpell`,`RewardHonor`,`RewardKillHonor`,`StartItem`,`RewardArtifactXPDifficulty`,`RewardArtifactXPMultiplier`,`RewardArtifactCategoryID`,`Flags`,`FlagsEx`,`FlagsEx2`,`RewardItem1`,`RewardAmount1`,`RewardItem2`,`RewardAmount2`,`RewardItem3`,`RewardAmount3`,`RewardItem4`,`RewardAmount4`,`ItemDrop1`,`ItemDropQuantity1`,`ItemDrop2`,`ItemDropQuantity2`,`ItemDrop3`,`ItemDropQuantity3`,`ItemDrop4`,`ItemDropQuantity4`,`RewardChoiceItemID1`,`RewardChoiceItemQuantity1`,`RewardChoiceItemDisplayID1`,`RewardChoiceItemID2`,`RewardChoiceItemQuantity2`,`RewardChoiceItemDisplayID2`,`RewardChoiceItemID3`,`RewardChoiceItemQuantity3`,`RewardChoiceItemDisplayID3`,`RewardChoiceItemID4`,`RewardChoiceItemQuantity4`,`RewardChoiceItemDisplayID4`,`RewardChoiceItemID5`,`RewardChoiceItemQuantity5`,`RewardChoiceItemDisplayID5`,`RewardChoiceItemID6`,`RewardChoiceItemQuantity6`,`RewardChoiceItemDisplayID6`,`POIContinent`,`POIx`,`POIy`,`POIPriority`,`RewardTitle`,`RewardArenaPoints`,`RewardSkillLineID`,`RewardNumSkillUps`,`PortraitGiver`,`PortraitGiverMount`,`PortraitGiverModelSceneID`,`PortraitTurnIn`,`RewardFactionID1`,`RewardFactionValue1`,`RewardFactionOverride1`,`RewardFactionCapIn1`,`RewardFactionID2`,`RewardFactionValue2`,`RewardFactionOverride2`,`RewardFactionCapIn2`,`RewardFactionID3`,`RewardFactionValue3`,`RewardFactionOverride3`,`RewardFactionCapIn3`,`RewardFactionID4`,`RewardFactionValue4`,`RewardFactionOverride4`,`RewardFactionCapIn4`,`RewardFactionID5`,`RewardFactionValue5`,`RewardFactionOverride5`,`RewardFactionCapIn5`,`RewardFactionFlags`,`RewardCurrencyID1`,`RewardCurrencyQty1`,`RewardCurrencyID2`,`RewardCurrencyQty2`,`RewardCurrencyID3`,`RewardCurrencyQty3`,`RewardCurrencyID4`,`RewardCurrencyQty4`,`AcceptedSoundKitID`,`CompleteSoundKitID`,`AreaGroupID`,`TimeAllowed`,`AllowableRaces`,`TreasurePickerID`,`Expansion`,`ManagedWorldStateID`,`QuestSessionBonus`,`LogTitle`,`LogDescription`,`QuestDescription`,`AreaDescription`,`PortraitGiverText`,`PortraitGiverName`,`PortraitTurnInText`,`PortraitTurnInName`,`QuestCompletionLog`,`VerifiedBuild`) VALUES (11953,1,0,394,-369,0,0,0,5,1,2,1,61750,0,0,0,0,0,0,0,0,1,0,4104,0,32,23247,10,0,0,0,0,0,0,0,0,0,0,0,0,0,0,0,0,0,0,0,0,0,0,0,0,0,0,0,0,0,0,0,0,0,0,0,0,0,0,0,0,0,0,0,0,0,0,0,7,0,0,0,7,0,0,0,7,0,0,0,7,0,0,0,7,0,0,0,0,0,0,0,0,0,890,878,0,0,18446744073709551615,0,8,0,0,'Striking Back','Slay the Glacial Lieutenant summoned from the Ice Stone located at Twilight\'s Run in northern Silithus, then return to the Earthen Ring Elder in a capital city.','We must act to preserve the balance! Time is against us.$b$bSilithus is the Azerothian base of the Twilight Cult. In the north, they have been using new ice stones to communicate with the Tidehunter\'s realm. Much as I am loath to do this, the spirits will understand - you must summon one of this Ahune\'s lieutenants and destroy it. Perhaps this forestalling action will be enough...',NULL,'','(NULL)','(NULL)','(NULL)',NULL,54630);
INSERT INTO `quest_template` (`ID`,`QuestType`,`QuestPackageID`,`ContentTuningID`,`QuestSortID`,`QuestInfoID`,`SuggestedGroupNum`,`RewardNextQuest`,`RewardXPDifficulty`,`RewardXPMultiplier`,`RewardMoneyDifficulty`,`RewardMoneyMultiplier`,`RewardBonusMoney`,`RewardDisplaySpell1`,`RewardDisplaySpell2`,`RewardDisplaySpell3`,`RewardSpell`,`RewardHonor`,`RewardKillHonor`,`StartItem`,`RewardArtifactXPDifficulty`,`RewardArtifactXPMultiplier`,`RewardArtifactCategoryID`,`Flags`,`FlagsEx`,`FlagsEx2`,`RewardItem1`,`RewardAmount1`,`RewardItem2`,`RewardAmount2`,`RewardItem3`,`RewardAmount3`,`RewardItem4`,`RewardAmount4`,`ItemDrop1`,`ItemDropQuantity1`,`ItemDrop2`,`ItemDropQuantity2`,`ItemDrop3`,`ItemDropQuantity3`,`ItemDrop4`,`ItemDropQuantity4`,`RewardChoiceItemID1`,`RewardChoiceItemQuantity1`,`RewardChoiceItemDisplayID1`,`RewardChoiceItemID2`,`RewardChoiceItemQuantity2`,`RewardChoiceItemDisplayID2`,`RewardChoiceItemID3`,`RewardChoiceItemQuantity3`,`RewardChoiceItemDisplayID3`,`RewardChoiceItemID4`,`RewardChoiceItemQuantity4`,`RewardChoiceItemDisplayID4`,`RewardChoiceItemID5`,`RewardChoiceItemQuantity5`,`RewardChoiceItemDisplayID5`,`RewardChoiceItemID6`,`RewardChoiceItemQuantity6`,`RewardChoiceItemDisplayID6`,`POIContinent`,`POIx`,`POIy`,`POIPriority`,`RewardTitle`,`RewardArenaPoints`,`RewardSkillLineID`,`RewardNumSkillUps`,`PortraitGiver`,`PortraitGiverMount`,`PortraitGiverModelSceneID`,`PortraitTurnIn`,`RewardFactionID1`,`RewardFactionValue1`,`RewardFactionOverride1`,`RewardFactionCapIn1`,`RewardFactionID2`,`RewardFactionValue2`,`RewardFactionOverride2`,`RewardFactionCapIn2`,`RewardFactionID3`,`RewardFactionValue3`,`RewardFactionOverride3`,`RewardFactionCapIn3`,`RewardFactionID4`,`RewardFactionValue4`,`RewardFactionOverride4`,`RewardFactionCapIn4`,`RewardFactionID5`,`RewardFactionValue5`,`RewardFactionOverride5`,`RewardFactionCapIn5`,`RewardFactionFlags`,`RewardCurrencyID1`,`RewardCurrencyQty1`,`RewardCurrencyID2`,`RewardCurrencyQty2`,`RewardCurrencyID3`,`RewardCurrencyQty3`,`RewardCurrencyID4`,`RewardCurrencyQty4`,`AcceptedSoundKitID`,`CompleteSoundKitID`,`AreaGroupID`,`TimeAllowed`,`AllowableRaces`,`TreasurePickerID`,`Expansion`,`ManagedWorldStateID`,`QuestSessionBonus`,`LogTitle`,`LogDescription`,`QuestDescription`,`AreaDescription`,`PortraitGiverText`,`PortraitGiverName`,`PortraitTurnInText`,`PortraitTurnInName`,`QuestCompletionLog`,`VerifiedBuild`) VALUES (11954,2,0,397,-369,0,0,0,5,1,2,1,61750,0,0,0,0,0,0,0,0,1,0,4104,0,32,23247,10,0,0,0,0,0,0,0,0,0,0,0,0,0,0,0,0,0,0,0,0,0,0,0,0,0,0,0,0,0,0,0,0,0,0,0,0,0,0,0,0,0,0,0,0,0,0,0,7,0,0,0,7,0,0,0,7,0,0,0,7,0,0,0,7,0,0,0,0,0,0,0,0,0,890,878,0,0,18446744073709551615,0,8,0,0,'Striking Back','Slay the Glacial Templar summoned from the Ice Stone located near the Dark Portal in Hellfire Peninsula, then return to the Earthen Ring Elder in a capital city.','We must act to preserve the balance! Time is against us.$b$bIn order to ensure Ahune\'s success, the cult has established a base near the Dark Portal itself in Draenor. They use ice stones to coordinate the frost lord\'s arrival. Much as I am loath to do this, the spirits will understand - you must summon one of this Ahune\'s templar protectors and destroy it. Perhaps this forestalling action will be enough...',NULL,'','(NULL)','(NULL)','(NULL)',NULL,54630);
INSERT INTO `quest_template` (`ID`,`QuestType`,`QuestPackageID`,`ContentTuningID`,`QuestSortID`,`QuestInfoID`,`SuggestedGroupNum`,`RewardNextQuest`,`RewardXPDifficulty`,`RewardXPMultiplier`,`RewardMoneyDifficulty`,`RewardMoneyMultiplier`,`RewardBonusMoney`,`RewardDisplaySpell1`,`RewardDisplaySpell2`,`RewardDisplaySpell3`,`RewardSpell`,`RewardHonor`,`RewardKillHonor`,`StartItem`,`RewardArtifactXPDifficulty`,`RewardArtifactXPMultiplier`,`RewardArtifactCategoryID`,`Flags`,`FlagsEx`,`FlagsEx2`,`RewardItem1`,`RewardAmount1`,`RewardItem2`,`RewardAmount2`,`RewardItem3`,`RewardAmount3`,`RewardItem4`,`RewardAmount4`,`ItemDrop1`,`ItemDropQuantity1`,`ItemDrop2`,`ItemDropQuantity2`,`ItemDrop3`,`ItemDropQuantity3`,`ItemDrop4`,`ItemDropQuantity4`,`RewardChoiceItemID1`,`RewardChoiceItemQuantity1`,`RewardChoiceItemDisplayID1`,`RewardChoiceItemID2`,`RewardChoiceItemQuantity2`,`RewardChoiceItemDisplayID2`,`RewardChoiceItemID3`,`RewardChoiceItemQuantity3`,`RewardChoiceItemDisplayID3`,`RewardChoiceItemID4`,`RewardChoiceItemQuantity4`,`RewardChoiceItemDisplayID4`,`RewardChoiceItemID5`,`RewardChoiceItemQuantity5`,`RewardChoiceItemDisplayID5`,`RewardChoiceItemID6`,`RewardChoiceItemQuantity6`,`RewardChoiceItemDisplayID6`,`POIContinent`,`POIx`,`POIy`,`POIPriority`,`RewardTitle`,`RewardArenaPoints`,`RewardSkillLineID`,`RewardNumSkillUps`,`PortraitGiver`,`PortraitGiverMount`,`PortraitGiverModelSceneID`,`PortraitTurnIn`,`RewardFactionID1`,`RewardFactionValue1`,`RewardFactionOverride1`,`RewardFactionCapIn1`,`RewardFactionID2`,`RewardFactionValue2`,`RewardFactionOverride2`,`RewardFactionCapIn2`,`RewardFactionID3`,`RewardFactionValue3`,`RewardFactionOverride3`,`RewardFactionCapIn3`,`RewardFactionID4`,`RewardFactionValue4`,`RewardFactionOverride4`,`RewardFactionCapIn4`,`RewardFactionID5`,`RewardFactionValue5`,`RewardFactionOverride5`,`RewardFactionCapIn5`,`RewardFactionFlags`,`RewardCurrencyID1`,`RewardCurrencyQty1`,`RewardCurrencyID2`,`RewardCurrencyQty2`,`RewardCurrencyID3`,`RewardCurrencyQty3`,`RewardCurrencyID4`,`RewardCurrencyQty4`,`AcceptedSoundKitID`,`CompleteSoundKitID`,`AreaGroupID`,`TimeAllowed`,`AllowableRaces`,`TreasurePickerID`,`Expansion`,`ManagedWorldStateID`,`QuestSessionBonus`,`LogTitle`,`LogDescription`,`QuestDescription`,`AreaDescription`,`PortraitGiverText`,`PortraitGiverName`,`PortraitTurnInText`,`PortraitTurnInName`,`QuestCompletionLog`,`VerifiedBuild`) VALUES (11955,2,0,397,-369,81,0,11696,3,1,0,1,30900,0,0,0,0,0,0,0,0,1,0,8,0,0,0,0,0,0,0,0,0,0,0,0,0,0,0,0,0,0,0,0,0,0,0,0,0,0,0,0,0,0,0,0,0,0,0,0,0,0,0,0,0,0,0,0,0,0,0,0,0,0,0,7,0,0,0,7,0,0,0,7,0,0,0,7,0,0,0,7,0,0,0,0,0,0,0,0,0,890,878,0,0,18446744073709551615,0,8,0,0,'Ahune, the Frost Lord','Travel to the Slave Pens in Coilfang Reservoir within Zangarmarsh and speak with Numa Cloudsister.','I believe you are strong enough for the ultimate task set before us.$b$bWe cannot allow the plot between the Twilight Cult and the naga heretics of Neptulon to come to fruition. For the sake of Azeroth and all life upon it, we must act. Our path is clear. You must journey to the Slave Pens deep within Coilfang Reservoir and meet with our shaman there. Go, and quickly!',NULL,'','(NULL)','(NULL)','(NULL)','',54630);
INSERT INTO `quest_template` (`ID`,`QuestType`,`QuestPackageID`,`ContentTuningID`,`QuestSortID`,`QuestInfoID`,`SuggestedGroupNum`,`RewardNextQuest`,`RewardXPDifficulty`,`RewardXPMultiplier`,`RewardMoneyDifficulty`,`RewardMoneyMultiplier`,`RewardBonusMoney`,`RewardDisplaySpell1`,`RewardDisplaySpell2`,`RewardDisplaySpell3`,`RewardSpell`,`RewardHonor`,`RewardKillHonor`,`StartItem`,`RewardArtifactXPDifficulty`,`RewardArtifactXPMultiplier`,`RewardArtifactCategoryID`,`Flags`,`FlagsEx`,`FlagsEx2`,`RewardItem1`,`RewardAmount1`,`RewardItem2`,`RewardAmount2`,`RewardItem3`,`RewardAmount3`,`RewardItem4`,`RewardAmount4`,`ItemDrop1`,`ItemDropQuantity1`,`ItemDrop2`,`ItemDropQuantity2`,`ItemDrop3`,`ItemDropQuantity3`,`ItemDrop4`,`ItemDropQuantity4`,`RewardChoiceItemID1`,`RewardChoiceItemQuantity1`,`RewardChoiceItemDisplayID1`,`RewardChoiceItemID2`,`RewardChoiceItemQuantity2`,`RewardChoiceItemDisplayID2`,`RewardChoiceItemID3`,`RewardChoiceItemQuantity3`,`RewardChoiceItemDisplayID3`,`RewardChoiceItemID4`,`RewardChoiceItemQuantity4`,`RewardChoiceItemDisplayID4`,`RewardChoiceItemID5`,`RewardChoiceItemQuantity5`,`RewardChoiceItemDisplayID5`,`RewardChoiceItemID6`,`RewardChoiceItemQuantity6`,`RewardChoiceItemDisplayID6`,`POIContinent`,`POIx`,`POIy`,`POIPriority`,`RewardTitle`,`RewardArenaPoints`,`RewardSkillLineID`,`RewardNumSkillUps`,`PortraitGiver`,`PortraitGiverMount`,`PortraitGiverModelSceneID`,`PortraitTurnIn`,`RewardFactionID1`,`RewardFactionValue1`,`RewardFactionOverride1`,`RewardFactionCapIn1`,`RewardFactionID2`,`RewardFactionValue2`,`RewardFactionOverride2`,`RewardFactionCapIn2`,`RewardFactionID3`,`RewardFactionValue3`,`RewardFactionOverride3`,`RewardFactionCapIn3`,`RewardFactionID4`,`RewardFactionValue4`,`RewardFactionOverride4`,`RewardFactionCapIn4`,`RewardFactionID5`,`RewardFactionValue5`,`RewardFactionOverride5`,`RewardFactionCapIn5`,`RewardFactionFlags`,`RewardCurrencyID1`,`RewardCurrencyQty1`,`RewardCurrencyID2`,`RewardCurrencyQty2`,`RewardCurrencyID3`,`RewardCurrencyQty3`,`RewardCurrencyID4`,`RewardCurrencyQty4`,`AcceptedSoundKitID`,`CompleteSoundKitID`,`AreaGroupID`,`TimeAllowed`,`AllowableRaces`,`TreasurePickerID`,`Expansion`,`ManagedWorldStateID`,`QuestSessionBonus`,`LogTitle`,`LogDescription`,`QuestDescription`,`AreaDescription`,`PortraitGiverText`,`PortraitGiverName`,`PortraitTurnInText`,`PortraitTurnInName`,`QuestCompletionLog`,`VerifiedBuild`) VALUES (12012,2,0,0,-369,0,0,0,3,1,0,1,109750,0,0,0,0,0,0,0,0,1,0,8,0,0,0,0,0,0,0,0,0,0,35828,1,0,0,0,0,0,0,0,0,0,0,0,0,0,0,0,0,0,0,0,0,0,0,0,0,0,0,0,0,0,0,0,0,0,0,0,0,0,0,0,7,0,0,0,7,0,0,0,7,0,0,0,7,0,0,0,7,0,0,0,0,0,0,0,0,0,890,878,0,0,18446744073709551615,0,0,0,0,'Inform the Elder','Travel to a capital city and speak to the Earthen Ring Elder.','This information must be spread to the entirety of the Earthen Ring. I\'m not certain how to proceed, but the elder who set you on this task in the first place may. Please, return to the elder and seek the next course of action - we must do something!',NULL,'','(NULL)','(NULL)','(NULL)','',54630);


-- quest template addons
DELETE FROM `quest_template_addon` WHERE `ID` IN (11886,11891,12012,11917,11947,11948,11952,11953,11954,11955,11696,11691);
INSERT INTO `quest_template_addon` (`ID`,`MaxLevel`,`AllowableClasses`,`SourceSpellID`,`PrevQuestID`,`NextQuestID`,`ExclusiveGroup`,`BreadcrumbForQuestId`,`RewardMailTemplateID`,`RewardMailDelay`,`RequiredSkillID`,`RequiredSkillPoints`,`RequiredMinRepFaction`,`RequiredMaxRepFaction`,`RequiredMinRepValue`,`RequiredMaxRepValue`,`ProvidedItemCount`,`SpecialFlags`,`ScriptName`) VALUES (11691,0,0,0,11696,0,0,0,0,0,0,1,0,0,0,0,1,1,'SmartQuest');
INSERT INTO `quest_template_addon` (`ID`,`MaxLevel`,`AllowableClasses`,`SourceSpellID`,`PrevQuestID`,`NextQuestID`,`ExclusiveGroup`,`BreadcrumbForQuestId`,`RewardMailTemplateID`,`RewardMailDelay`,`RequiredSkillID`,`RequiredSkillPoints`,`RequiredMinRepFaction`,`RequiredMaxRepFaction`,`RequiredMinRepValue`,`RequiredMaxRepValue`,`ProvidedItemCount`,`SpecialFlags`,`ScriptName`) VALUES (11696,0,0,0,11955,11691,0,0,0,0,0,1,0,0,0,0,0,0,'SmartQuest');
INSERT INTO `quest_template_addon` (`ID`,`MaxLevel`,`AllowableClasses`,`SourceSpellID`,`PrevQuestID`,`NextQuestID`,`ExclusiveGroup`,`BreadcrumbForQuestId`,`RewardMailTemplateID`,`RewardMailDelay`,`RequiredSkillID`,`RequiredSkillPoints`,`RequiredMinRepFaction`,`RequiredMaxRepFaction`,`RequiredMinRepValue`,`RequiredMaxRepValue`,`ProvidedItemCount`,`SpecialFlags`,`ScriptName`) VALUES (11886,0,0,0,0,11891,0,0,0,0,0,1,0,0,0,0,1,0,'SmartQuest');
INSERT INTO `quest_template_addon` (`ID`,`MaxLevel`,`AllowableClasses`,`SourceSpellID`,`PrevQuestID`,`NextQuestID`,`ExclusiveGroup`,`BreadcrumbForQuestId`,`RewardMailTemplateID`,`RewardMailDelay`,`RequiredSkillID`,`RequiredSkillPoints`,`RequiredMinRepFaction`,`RequiredMaxRepFaction`,`RequiredMinRepValue`,`RequiredMaxRepValue`,`ProvidedItemCount`,`SpecialFlags`,`ScriptName`) VALUES (11891,0,0,0,11886,12012,0,0,0,0,0,1,0,0,0,0,1,0,'SmartQuest');
INSERT INTO `quest_template_addon` (`ID`,`MaxLevel`,`AllowableClasses`,`SourceSpellID`,`PrevQuestID`,`NextQuestID`,`ExclusiveGroup`,`BreadcrumbForQuestId`,`RewardMailTemplateID`,`RewardMailDelay`,`RequiredSkillID`,`RequiredSkillPoints`,`RequiredMinRepFaction`,`RequiredMaxRepFaction`,`RequiredMinRepValue`,`RequiredMaxRepValue`,`ProvidedItemCount`,`SpecialFlags`,`ScriptName`) VALUES (11917,0,0,0,12012,0,0,0,0,0,0,1,0,0,0,0,0,1,'SmartQuest');
INSERT INTO `quest_template_addon` (`ID`,`MaxLevel`,`AllowableClasses`,`SourceSpellID`,`PrevQuestID`,`NextQuestID`,`ExclusiveGroup`,`BreadcrumbForQuestId`,`RewardMailTemplateID`,`RewardMailDelay`,`RequiredSkillID`,`RequiredSkillPoints`,`RequiredMinRepFaction`,`RequiredMaxRepFaction`,`RequiredMinRepValue`,`RequiredMaxRepValue`,`ProvidedItemCount`,`SpecialFlags`,`ScriptName`) VALUES (11947,0,0,0,12012,0,0,0,0,0,0,1,0,0,0,0,0,1,'SmartQuest');
INSERT INTO `quest_template_addon` (`ID`,`MaxLevel`,`AllowableClasses`,`SourceSpellID`,`PrevQuestID`,`NextQuestID`,`ExclusiveGroup`,`BreadcrumbForQuestId`,`RewardMailTemplateID`,`RewardMailDelay`,`RequiredSkillID`,`RequiredSkillPoints`,`RequiredMinRepFaction`,`RequiredMaxRepFaction`,`RequiredMinRepValue`,`RequiredMaxRepValue`,`ProvidedItemCount`,`SpecialFlags`,`ScriptName`) VALUES (11948,0,0,0,12012,0,0,0,0,0,0,1,0,0,0,0,0,1,'SmartQuest');
INSERT INTO `quest_template_addon` (`ID`,`MaxLevel`,`AllowableClasses`,`SourceSpellID`,`PrevQuestID`,`NextQuestID`,`ExclusiveGroup`,`BreadcrumbForQuestId`,`RewardMailTemplateID`,`RewardMailDelay`,`RequiredSkillID`,`RequiredSkillPoints`,`RequiredMinRepFaction`,`RequiredMaxRepFaction`,`RequiredMinRepValue`,`RequiredMaxRepValue`,`ProvidedItemCount`,`SpecialFlags`,`ScriptName`) VALUES (11952,0,0,0,12012,0,0,0,0,0,0,1,0,0,0,0,0,1,'SmartQuest');
INSERT INTO `quest_template_addon` (`ID`,`MaxLevel`,`AllowableClasses`,`SourceSpellID`,`PrevQuestID`,`NextQuestID`,`ExclusiveGroup`,`BreadcrumbForQuestId`,`RewardMailTemplateID`,`RewardMailDelay`,`RequiredSkillID`,`RequiredSkillPoints`,`RequiredMinRepFaction`,`RequiredMaxRepFaction`,`RequiredMinRepValue`,`RequiredMaxRepValue`,`ProvidedItemCount`,`SpecialFlags`,`ScriptName`) VALUES (11953,0,0,0,12012,0,0,0,0,0,0,1,0,0,0,0,0,1,'SmartQuest');
INSERT INTO `quest_template_addon` (`ID`,`MaxLevel`,`AllowableClasses`,`SourceSpellID`,`PrevQuestID`,`NextQuestID`,`ExclusiveGroup`,`BreadcrumbForQuestId`,`RewardMailTemplateID`,`RewardMailDelay`,`RequiredSkillID`,`RequiredSkillPoints`,`RequiredMinRepFaction`,`RequiredMaxRepFaction`,`RequiredMinRepValue`,`RequiredMaxRepValue`,`ProvidedItemCount`,`SpecialFlags`,`ScriptName`) VALUES (11954,0,0,0,12012,0,0,0,0,0,0,1,0,0,0,0,0,1,'SmartQuest');
INSERT INTO `quest_template_addon` (`ID`,`MaxLevel`,`AllowableClasses`,`SourceSpellID`,`PrevQuestID`,`NextQuestID`,`ExclusiveGroup`,`BreadcrumbForQuestId`,`RewardMailTemplateID`,`RewardMailDelay`,`RequiredSkillID`,`RequiredSkillPoints`,`RequiredMinRepFaction`,`RequiredMaxRepFaction`,`RequiredMinRepValue`,`RequiredMaxRepValue`,`ProvidedItemCount`,`SpecialFlags`,`ScriptName`) VALUES (11955,0,0,0,0,0,0,0,0,0,0,1,0,0,0,0,0,0,'SmartQuest');
INSERT INTO `quest_template_addon` (`ID`,`MaxLevel`,`AllowableClasses`,`SourceSpellID`,`PrevQuestID`,`NextQuestID`,`ExclusiveGroup`,`BreadcrumbForQuestId`,`RewardMailTemplateID`,`RewardMailDelay`,`RequiredSkillID`,`RequiredSkillPoints`,`RequiredMinRepFaction`,`RequiredMaxRepFaction`,`RequiredMinRepValue`,`RequiredMaxRepValue`,`ProvidedItemCount`,`SpecialFlags`,`ScriptName`) VALUES (12012,0,0,0,11891,0,0,0,0,0,0,1,0,0,0,0,0,0,'SmartQuest');

-- linked some quests so the story makes sense
UPDATE `quest_template_addon` SET `NextQuestID` = '11955' WHERE (`ID` = '12012');
UPDATE `quest_template_addon` SET `PrevQuestID` = '12012' WHERE (`ID` = '11955');


-- creature spawns
DELETE FROM `creature` WHERE `guid` BETWEEN @CGUID+0 AND @CGUID+4;
-- Some Earthen ring elders missing
DELETE FROM `creature` WHERE `guid` > 0 AND `map` = 530 AND `id` = 26221;
INSERT INTO `creature` (`guid`,`id`,`map`,`zoneId`,`areaId`,`spawnDifficulties`,`phaseUseFlags`,`PhaseId`,`PhaseGroup`,`terrainSwapMap`,`modelid`,`equipment_id`,`position_x`,`position_y`,`position_z`,`orientation`,`spawntimesecs`,`wander_distance`,`currentwaypoint`,`curHealthPct`,`MovementType`,`npcflag`,`unit_flags`,`unit_flags2`,`unit_flags3`,`ScriptName`,`StringId`,`VerifiedBuild`,`size`) VALUES (@CGUID+0,26221,530,0,0,'0',0,0,0,-1,23129,1,-1740.59,5342.66,-12.3448,2.00713,300,0,0,100,0,NULL,NULL,NULL,NULL,'',NULL,0,1);
INSERT INTO `creature` (`guid`,`id`,`map`,`zoneId`,`areaId`,`spawnDifficulties`,`phaseUseFlags`,`PhaseId`,`PhaseGroup`,`terrainSwapMap`,`modelid`,`equipment_id`,`position_x`,`position_y`,`position_z`,`orientation`,`spawntimesecs`,`wander_distance`,`currentwaypoint`,`curHealthPct`,`MovementType`,`npcflag`,`unit_flags`,`unit_flags2`,`unit_flags3`,`ScriptName`,`StringId`,`VerifiedBuild`,`size`) VALUES (@CGUID+1,26221,530,0,0,'0',0,0,0,-1,0,1,-3796.67,-11496.8,-134.748,2.2101,300,0,0,100,0,NULL,NULL,NULL,NULL,'',NULL,0,1);
INSERT INTO `creature` (`guid`,`id`,`map`,`zoneId`,`areaId`,`spawnDifficulties`,`phaseUseFlags`,`PhaseId`,`PhaseGroup`,`terrainSwapMap`,`modelid`,`equipment_id`,`position_x`,`position_y`,`position_z`,`orientation`,`spawntimesecs`,`wander_distance`,`currentwaypoint`,`curHealthPct`,`MovementType`,`npcflag`,`unit_flags`,`unit_flags2`,`unit_flags3`,`ScriptName`,`StringId`,`VerifiedBuild`,`size`) VALUES (@CGUID+2,26221,530,0,0,'0',0,0,0,-1,0,1,9801.59,-7222.05,26.0149,5.31464,300,0,0,100,0,NULL,NULL,NULL,NULL,'',NULL,0,-1);

-- spawn for Numa and the summoner in the dungeon
DELETE FROM `creature` WHERE `guid` > 0 AND `map` = 547 AND `id` IN (25710,40446);
INSERT INTO `creature` (`guid`,`id`,`map`,`zoneId`,`areaId`,`spawnDifficulties`,`phaseUseFlags`,`PhaseId`,`PhaseGroup`,`terrainSwapMap`,`modelid`,`equipment_id`,`position_x`,`position_y`,`position_z`,`orientation`,`spawntimesecs`,`wander_distance`,`currentwaypoint`,`curHealthPct`,`MovementType`,`npcflag`,`unit_flags`,`unit_flags2`,`unit_flags3`,`ScriptName`,`StringId`,`VerifiedBuild`,`size`) VALUES (@CGUID+3,25710,547,0,0,'19',0,0,0,-1,0,0,-112.321,-113.181,-3.43876,0.694283,300,0,0,100,0,NULL,NULL,NULL,NULL,'',NULL,0,-1);
INSERT INTO `creature` (`guid`,`id`,`map`,`zoneId`,`areaId`,`spawnDifficulties`,`phaseUseFlags`,`PhaseId`,`PhaseGroup`,`terrainSwapMap`,`modelid`,`equipment_id`,`position_x`,`position_y`,`position_z`,`orientation`,`spawntimesecs`,`wander_distance`,`currentwaypoint`,`curHealthPct`,`MovementType`,`npcflag`,`unit_flags`,`unit_flags2`,`unit_flags3`,`ScriptName`,`StringId`,`VerifiedBuild`,`size`) VALUES (@CGUID+4,40446,547,0,0,'19',0,0,0,-1,0,1,-75.7475,-161.522,-2.60418,6.06955,300,0,0,100,0,NULL,NULL,NULL,NULL,'',NULL,0,-1);

-- creature loot
-- ahune and the summoner do not have any loot.
UPDATE `creature_template_difficulty` SET `LootID` = '25740' WHERE (`Entry` = '25740') AND (`DifficultyID` = '0');
UPDATE `creature_template_difficulty` SET `LootID` = '25740' WHERE (`Entry` = '25740') AND (`DifficultyID` = '1');
UPDATE `creature_template_difficulty` SET `LootID` = '25740' WHERE (`Entry` = '25740') AND (`DifficultyID` = '19');
UPDATE `creature_template_difficulty` SET `LootID` = '40446', `PickPocketLootID` = '40446' WHERE (`Entry` = '40446') AND (`DifficultyID` = '0');
UPDATE `creature_template_difficulty` SET `LootID` = '40446', `PickPocketLootID` = '40446' WHERE (`Entry` = '40446') AND (`DifficultyID` = '1');

DELETE FROM `creature_loot_template` WHERE `Entry` IN (40446,25740);
INSERT INTO `creature_loot_template` (`Entry`,`Item`,`Reference`,`Chance`,`QuestRequired`,`LootMode`,`GroupId`,`MinCount`,`MaxCount`,`Comment`) VALUES (25740,35498,0,3.3363,0,1,0,1,1,'');
INSERT INTO `creature_loot_template` (`Entry`,`Item`,`Reference`,`Chance`,`QuestRequired`,`LootMode`,`GroupId`,`MinCount`,`MaxCount`,`Comment`) VALUES (25740,35557,0,26.7217,0,1,0,2,2,'');
INSERT INTO `creature_loot_template` (`Entry`,`Item`,`Reference`,`Chance`,`QuestRequired`,`LootMode`,`GroupId`,`MinCount`,`MaxCount`,`Comment`) VALUES (25740,35720,0,1.8823,0,1,0,6,6,'');
INSERT INTO `creature_loot_template` (`Entry`,`Item`,`Reference`,`Chance`,`QuestRequired`,`LootMode`,`GroupId`,`MinCount`,`MaxCount`,`Comment`) VALUES (25740,35723,0,18.5725,0,1,0,1,1,'');
INSERT INTO `creature_loot_template` (`Entry`,`Item`,`Reference`,`Chance`,`QuestRequired`,`LootMode`,`GroupId`,`MinCount`,`MaxCount`,`Comment`) VALUES (25740,117372,0,1,0,1,0,1,1,'');
INSERT INTO `creature_loot_template` (`Entry`,`Item`,`Reference`,`Chance`,`QuestRequired`,`LootMode`,`GroupId`,`MinCount`,`MaxCount`,`Comment`) VALUES (25740,117374,0,2.0993,0,1,0,1,1,'');
INSERT INTO `creature_loot_template` (`Entry`,`Item`,`Reference`,`Chance`,`QuestRequired`,`LootMode`,`GroupId`,`MinCount`,`MaxCount`,`Comment`) VALUES (25740,117375,0,1,0,1,0,1,1,'');
INSERT INTO `creature_loot_template` (`Entry`,`Item`,`Reference`,`Chance`,`QuestRequired`,`LootMode`,`GroupId`,`MinCount`,`MaxCount`,`Comment`) VALUES (25740,117376,0,1,0,1,0,1,1,'');
INSERT INTO `creature_loot_template` (`Entry`,`Item`,`Reference`,`Chance`,`QuestRequired`,`LootMode`,`GroupId`,`MinCount`,`MaxCount`,`Comment`) VALUES (25740,117377,0,1,0,1,0,1,1,'');
INSERT INTO `creature_loot_template` (`Entry`,`Item`,`Reference`,`Chance`,`QuestRequired`,`LootMode`,`GroupId`,`MinCount`,`MaxCount`,`Comment`) VALUES (25740,138838,0,0.207539,0,1,0,1,1,'');
INSERT INTO `creature_loot_template` (`Entry`,`Item`,`Reference`,`Chance`,`QuestRequired`,`LootMode`,`GroupId`,`MinCount`,`MaxCount`,`Comment`) VALUES (40446,4500,0,0.0393417,0,1,0,1,1,'');
INSERT INTO `creature_loot_template` (`Entry`,`Item`,`Reference`,`Chance`,`QuestRequired`,`LootMode`,`GroupId`,`MinCount`,`MaxCount`,`Comment`) VALUES (40446,5760,0,0.0131139,0,1,0,1,1,'');
INSERT INTO `creature_loot_template` (`Entry`,`Item`,`Reference`,`Chance`,`QuestRequired`,`LootMode`,`GroupId`,`MinCount`,`MaxCount`,`Comment`) VALUES (40446,17057,0,27.2835,0,1,0,1,1,'');
INSERT INTO `creature_loot_template` (`Entry`,`Item`,`Reference`,`Chance`,`QuestRequired`,`LootMode`,`GroupId`,`MinCount`,`MaxCount`,`Comment`) VALUES (40446,17058,0,25.8278,0,1,0,1,1,'');
INSERT INTO `creature_loot_template` (`Entry`,`Item`,`Reference`,`Chance`,`QuestRequired`,`LootMode`,`GroupId`,`MinCount`,`MaxCount`,`Comment`) VALUES (40446,33365,0,0.137696,0,1,0,1,1,'');
INSERT INTO `creature_loot_template` (`Entry`,`Item`,`Reference`,`Chance`,`QuestRequired`,`LootMode`,`GroupId`,`MinCount`,`MaxCount`,`Comment`) VALUES (40446,33366,0,0.118025,0,1,0,1,1,'');
INSERT INTO `creature_loot_template` (`Entry`,`Item`,`Reference`,`Chance`,`QuestRequired`,`LootMode`,`GroupId`,`MinCount`,`MaxCount`,`Comment`) VALUES (40446,33367,0,0.144253,0,1,0,1,1,'');
INSERT INTO `creature_loot_template` (`Entry`,`Item`,`Reference`,`Chance`,`QuestRequired`,`LootMode`,`GroupId`,`MinCount`,`MaxCount`,`Comment`) VALUES (40446,33368,0,0.137696,0,1,0,1,1,'');
INSERT INTO `creature_loot_template` (`Entry`,`Item`,`Reference`,`Chance`,`QuestRequired`,`LootMode`,`GroupId`,`MinCount`,`MaxCount`,`Comment`) VALUES (40446,33369,0,0.137696,0,1,0,1,1,'');
INSERT INTO `creature_loot_template` (`Entry`,`Item`,`Reference`,`Chance`,`QuestRequired`,`LootMode`,`GroupId`,`MinCount`,`MaxCount`,`Comment`) VALUES (40446,33370,0,0.262278,0,1,0,1,1,'');
INSERT INTO `creature_loot_template` (`Entry`,`Item`,`Reference`,`Chance`,`QuestRequired`,`LootMode`,`GroupId`,`MinCount`,`MaxCount`,`Comment`) VALUES (40446,33371,0,0.15081,0,1,0,1,1,'');
INSERT INTO `creature_loot_template` (`Entry`,`Item`,`Reference`,`Chance`,`QuestRequired`,`LootMode`,`GroupId`,`MinCount`,`MaxCount`,`Comment`) VALUES (40446,33372,0,0.0196708,0,1,0,1,1,'');
INSERT INTO `creature_loot_template` (`Entry`,`Item`,`Reference`,`Chance`,`QuestRequired`,`LootMode`,`GroupId`,`MinCount`,`MaxCount`,`Comment`) VALUES (40446,33373,0,0.0327847,0,1,0,1,1,'');
INSERT INTO `creature_loot_template` (`Entry`,`Item`,`Reference`,`Chance`,`QuestRequired`,`LootMode`,`GroupId`,`MinCount`,`MaxCount`,`Comment`) VALUES (40446,33374,0,0.0196708,0,1,0,1,1,'');
INSERT INTO `creature_loot_template` (`Entry`,`Item`,`Reference`,`Chance`,`QuestRequired`,`LootMode`,`GroupId`,`MinCount`,`MaxCount`,`Comment`) VALUES (40446,33377,0,0.0393417,0,1,0,1,1,'');
INSERT INTO `creature_loot_template` (`Entry`,`Item`,`Reference`,`Chance`,`QuestRequired`,`LootMode`,`GroupId`,`MinCount`,`MaxCount`,`Comment`) VALUES (40446,33379,0,0.196708,0,1,0,1,1,'');
INSERT INTO `creature_loot_template` (`Entry`,`Item`,`Reference`,`Chance`,`QuestRequired`,`LootMode`,`GroupId`,`MinCount`,`MaxCount`,`Comment`) VALUES (40446,33380,0,0.190151,0,1,0,1,1,'');
INSERT INTO `creature_loot_template` (`Entry`,`Item`,`Reference`,`Chance`,`QuestRequired`,`LootMode`,`GroupId`,`MinCount`,`MaxCount`,`Comment`) VALUES (40446,33381,0,0.170481,0,1,0,1,1,'');
INSERT INTO `creature_loot_template` (`Entry`,`Item`,`Reference`,`Chance`,`QuestRequired`,`LootMode`,`GroupId`,`MinCount`,`MaxCount`,`Comment`) VALUES (40446,33382,0,0.190151,0,1,0,1,1,'');
INSERT INTO `creature_loot_template` (`Entry`,`Item`,`Reference`,`Chance`,`QuestRequired`,`LootMode`,`GroupId`,`MinCount`,`MaxCount`,`Comment`) VALUES (40446,33383,0,0.242607,0,1,0,1,1,'');
INSERT INTO `creature_loot_template` (`Entry`,`Item`,`Reference`,`Chance`,`QuestRequired`,`LootMode`,`GroupId`,`MinCount`,`MaxCount`,`Comment`) VALUES (40446,33384,0,0.196708,0,1,0,1,1,'');
INSERT INTO `creature_loot_template` (`Entry`,`Item`,`Reference`,`Chance`,`QuestRequired`,`LootMode`,`GroupId`,`MinCount`,`MaxCount`,`Comment`) VALUES (40446,33385,0,0.0852403,0,1,0,1,1,'');
INSERT INTO `creature_loot_template` (`Entry`,`Item`,`Reference`,`Chance`,`QuestRequired`,`LootMode`,`GroupId`,`MinCount`,`MaxCount`,`Comment`) VALUES (40446,33397,0,0.111468,0,1,0,1,1,'');
INSERT INTO `creature_loot_template` (`Entry`,`Item`,`Reference`,`Chance`,`QuestRequired`,`LootMode`,`GroupId`,`MinCount`,`MaxCount`,`Comment`) VALUES (40446,33398,0,0.111468,0,1,0,1,1,'');
INSERT INTO `creature_loot_template` (`Entry`,`Item`,`Reference`,`Chance`,`QuestRequired`,`LootMode`,`GroupId`,`MinCount`,`MaxCount`,`Comment`) VALUES (40446,33399,0,0.104911,0,1,0,1,1,'');
INSERT INTO `creature_loot_template` (`Entry`,`Item`,`Reference`,`Chance`,`QuestRequired`,`LootMode`,`GroupId`,`MinCount`,`MaxCount`,`Comment`) VALUES (40446,33400,0,0.373746,0,1,0,1,1,'');
INSERT INTO `creature_loot_template` (`Entry`,`Item`,`Reference`,`Chance`,`QuestRequired`,`LootMode`,`GroupId`,`MinCount`,`MaxCount`,`Comment`) VALUES (40446,33402,0,0.177038,0,1,0,1,1,'');
INSERT INTO `creature_loot_template` (`Entry`,`Item`,`Reference`,`Chance`,`QuestRequired`,`LootMode`,`GroupId`,`MinCount`,`MaxCount`,`Comment`) VALUES (40446,33403,0,0.15081,0,1,0,1,1,'');
INSERT INTO `creature_loot_template` (`Entry`,`Item`,`Reference`,`Chance`,`QuestRequired`,`LootMode`,`GroupId`,`MinCount`,`MaxCount`,`Comment`) VALUES (40446,33406,0,0.0196708,0,1,0,1,1,'');
INSERT INTO `creature_loot_template` (`Entry`,`Item`,`Reference`,`Chance`,`QuestRequired`,`LootMode`,`GroupId`,`MinCount`,`MaxCount`,`Comment`) VALUES (40446,33409,0,0.0262278,0,1,0,1,1,'');
INSERT INTO `creature_loot_template` (`Entry`,`Item`,`Reference`,`Chance`,`QuestRequired`,`LootMode`,`GroupId`,`MinCount`,`MaxCount`,`Comment`) VALUES (40446,33412,0,0.170481,0,1,0,1,1,'');
INSERT INTO `creature_loot_template` (`Entry`,`Item`,`Reference`,`Chance`,`QuestRequired`,`LootMode`,`GroupId`,`MinCount`,`MaxCount`,`Comment`) VALUES (40446,33413,0,0.144253,0,1,0,1,1,'');
INSERT INTO `creature_loot_template` (`Entry`,`Item`,`Reference`,`Chance`,`QuestRequired`,`LootMode`,`GroupId`,`MinCount`,`MaxCount`,`Comment`) VALUES (40446,33414,0,0.124582,0,1,0,1,1,'');
INSERT INTO `creature_loot_template` (`Entry`,`Item`,`Reference`,`Chance`,`QuestRequired`,`LootMode`,`GroupId`,`MinCount`,`MaxCount`,`Comment`) VALUES (40446,33415,0,0.157367,0,1,0,1,1,'');
INSERT INTO `creature_loot_template` (`Entry`,`Item`,`Reference`,`Chance`,`QuestRequired`,`LootMode`,`GroupId`,`MinCount`,`MaxCount`,`Comment`) VALUES (40446,33416,0,0.23605,0,1,0,1,1,'');
INSERT INTO `creature_loot_template` (`Entry`,`Item`,`Reference`,`Chance`,`QuestRequired`,`LootMode`,`GroupId`,`MinCount`,`MaxCount`,`Comment`) VALUES (40446,33417,0,0.190151,0,1,0,1,1,'');
INSERT INTO `creature_loot_template` (`Entry`,`Item`,`Reference`,`Chance`,`QuestRequired`,`LootMode`,`GroupId`,`MinCount`,`MaxCount`,`Comment`) VALUES (40446,33419,0,0.111468,0,1,0,1,1,'');
INSERT INTO `creature_loot_template` (`Entry`,`Item`,`Reference`,`Chance`,`QuestRequired`,`LootMode`,`GroupId`,`MinCount`,`MaxCount`,`Comment`) VALUES (40446,33422,0,0.262278,0,1,0,1,1,'');
INSERT INTO `creature_loot_template` (`Entry`,`Item`,`Reference`,`Chance`,`QuestRequired`,`LootMode`,`GroupId`,`MinCount`,`MaxCount`,`Comment`) VALUES (40446,33423,0,0.426202,0,1,0,1,1,'');
INSERT INTO `creature_loot_template` (`Entry`,`Item`,`Reference`,`Chance`,`QuestRequired`,`LootMode`,`GroupId`,`MinCount`,`MaxCount`,`Comment`) VALUES (40446,33424,0,0.32129,0,1,0,1,1,'');
INSERT INTO `creature_loot_template` (`Entry`,`Item`,`Reference`,`Chance`,`QuestRequired`,`LootMode`,`GroupId`,`MinCount`,`MaxCount`,`Comment`) VALUES (40446,33425,0,0.281949,0,1,0,1,1,'');
INSERT INTO `creature_loot_template` (`Entry`,`Item`,`Reference`,`Chance`,`QuestRequired`,`LootMode`,`GroupId`,`MinCount`,`MaxCount`,`Comment`) VALUES (40446,33426,0,0.531113,0,1,0,1,1,'');
INSERT INTO `creature_loot_template` (`Entry`,`Item`,`Reference`,`Chance`,`QuestRequired`,`LootMode`,`GroupId`,`MinCount`,`MaxCount`,`Comment`) VALUES (40446,33428,0,0.170481,0,1,0,1,1,'');
INSERT INTO `creature_loot_template` (`Entry`,`Item`,`Reference`,`Chance`,`QuestRequired`,`LootMode`,`GroupId`,`MinCount`,`MaxCount`,`Comment`) VALUES (40446,33429,0,0.419645,0,1,0,1,1,'');
INSERT INTO `creature_loot_template` (`Entry`,`Item`,`Reference`,`Chance`,`QuestRequired`,`LootMode`,`GroupId`,`MinCount`,`MaxCount`,`Comment`) VALUES (40446,33430,0,0.262278,0,1,0,1,1,'');
INSERT INTO `creature_loot_template` (`Entry`,`Item`,`Reference`,`Chance`,`QuestRequired`,`LootMode`,`GroupId`,`MinCount`,`MaxCount`,`Comment`) VALUES (40446,33433,0,0.229493,0,1,0,1,1,'');
INSERT INTO `creature_loot_template` (`Entry`,`Item`,`Reference`,`Chance`,`QuestRequired`,`LootMode`,`GroupId`,`MinCount`,`MaxCount`,`Comment`) VALUES (40446,33434,0,0.0458986,0,1,0,1,1,'');
INSERT INTO `creature_loot_template` (`Entry`,`Item`,`Reference`,`Chance`,`QuestRequired`,`LootMode`,`GroupId`,`MinCount`,`MaxCount`,`Comment`) VALUES (40446,33435,0,0.137696,0,1,0,1,1,'');
INSERT INTO `creature_loot_template` (`Entry`,`Item`,`Reference`,`Chance`,`QuestRequired`,`LootMode`,`GroupId`,`MinCount`,`MaxCount`,`Comment`) VALUES (40446,33436,0,0.144253,0,1,0,1,1,'');
INSERT INTO `creature_loot_template` (`Entry`,`Item`,`Reference`,`Chance`,`QuestRequired`,`LootMode`,`GroupId`,`MinCount`,`MaxCount`,`Comment`) VALUES (40446,33445,0,1.8884,0,1,0,1,1,'');
INSERT INTO `creature_loot_template` (`Entry`,`Item`,`Reference`,`Chance`,`QuestRequired`,`LootMode`,`GroupId`,`MinCount`,`MaxCount`,`Comment`) VALUES (40446,33447,0,1,0,1,0,1,1,'');
INSERT INTO `creature_loot_template` (`Entry`,`Item`,`Reference`,`Chance`,`QuestRequired`,`LootMode`,`GroupId`,`MinCount`,`MaxCount`,`Comment`) VALUES (40446,33448,0,0.701593,0,1,0,1,1,'');
INSERT INTO `creature_loot_template` (`Entry`,`Item`,`Reference`,`Chance`,`QuestRequired`,`LootMode`,`GroupId`,`MinCount`,`MaxCount`,`Comment`) VALUES (40446,33470,0,20.6216,0,1,0,2,7,'');
INSERT INTO `creature_loot_template` (`Entry`,`Item`,`Reference`,`Chance`,`QuestRequired`,`LootMode`,`GroupId`,`MinCount`,`MaxCount`,`Comment`) VALUES (40446,35951,0,3.1606,0,1,0,1,1,'');
INSERT INTO `creature_loot_template` (`Entry`,`Item`,`Reference`,`Chance`,`QuestRequired`,`LootMode`,`GroupId`,`MinCount`,`MaxCount`,`Comment`) VALUES (40446,35968,0,0.0131139,0,1,0,1,1,'');
INSERT INTO `creature_loot_template` (`Entry`,`Item`,`Reference`,`Chance`,`QuestRequired`,`LootMode`,`GroupId`,`MinCount`,`MaxCount`,`Comment`) VALUES (40446,36035,0,0.0393417,0,1,0,1,1,'');
INSERT INTO `creature_loot_template` (`Entry`,`Item`,`Reference`,`Chance`,`QuestRequired`,`LootMode`,`GroupId`,`MinCount`,`MaxCount`,`Comment`) VALUES (40446,36036,0,0.190151,0,1,0,1,1,'');
INSERT INTO `creature_loot_template` (`Entry`,`Item`,`Reference`,`Chance`,`QuestRequired`,`LootMode`,`GroupId`,`MinCount`,`MaxCount`,`Comment`) VALUES (40446,36037,0,0.0458986,0,1,0,1,1,'');
INSERT INTO `creature_loot_template` (`Entry`,`Item`,`Reference`,`Chance`,`QuestRequired`,`LootMode`,`GroupId`,`MinCount`,`MaxCount`,`Comment`) VALUES (40446,36038,0,0.0786834,0,1,0,1,1,'');
INSERT INTO `creature_loot_template` (`Entry`,`Item`,`Reference`,`Chance`,`QuestRequired`,`LootMode`,`GroupId`,`MinCount`,`MaxCount`,`Comment`) VALUES (40446,36039,0,0.0983542,0,1,0,1,1,'');
INSERT INTO `creature_loot_template` (`Entry`,`Item`,`Reference`,`Chance`,`QuestRequired`,`LootMode`,`GroupId`,`MinCount`,`MaxCount`,`Comment`) VALUES (40446,36040,0,0.0786834,0,1,0,1,1,'');
INSERT INTO `creature_loot_template` (`Entry`,`Item`,`Reference`,`Chance`,`QuestRequired`,`LootMode`,`GroupId`,`MinCount`,`MaxCount`,`Comment`) VALUES (40446,36041,0,0.0393417,0,1,0,1,1,'');
INSERT INTO `creature_loot_template` (`Entry`,`Item`,`Reference`,`Chance`,`QuestRequired`,`LootMode`,`GroupId`,`MinCount`,`MaxCount`,`Comment`) VALUES (40446,36042,0,0.0458986,0,1,0,1,1,'');
INSERT INTO `creature_loot_template` (`Entry`,`Item`,`Reference`,`Chance`,`QuestRequired`,`LootMode`,`GroupId`,`MinCount`,`MaxCount`,`Comment`) VALUES (40446,36044,0,0.0917973,0,1,0,1,1,'');
INSERT INTO `creature_loot_template` (`Entry`,`Item`,`Reference`,`Chance`,`QuestRequired`,`LootMode`,`GroupId`,`MinCount`,`MaxCount`,`Comment`) VALUES (40446,36045,0,0.0327847,0,1,0,1,1,'');
INSERT INTO `creature_loot_template` (`Entry`,`Item`,`Reference`,`Chance`,`QuestRequired`,`LootMode`,`GroupId`,`MinCount`,`MaxCount`,`Comment`) VALUES (40446,36046,0,0.0983542,0,1,0,1,1,'');
INSERT INTO `creature_loot_template` (`Entry`,`Item`,`Reference`,`Chance`,`QuestRequired`,`LootMode`,`GroupId`,`MinCount`,`MaxCount`,`Comment`) VALUES (40446,36047,0,0.0458986,0,1,0,1,1,'');
INSERT INTO `creature_loot_template` (`Entry`,`Item`,`Reference`,`Chance`,`QuestRequired`,`LootMode`,`GroupId`,`MinCount`,`MaxCount`,`Comment`) VALUES (40446,36048,0,0.0524556,0,1,0,1,1,'');
INSERT INTO `creature_loot_template` (`Entry`,`Item`,`Reference`,`Chance`,`QuestRequired`,`LootMode`,`GroupId`,`MinCount`,`MaxCount`,`Comment`) VALUES (40446,36049,0,0.0393417,0,1,0,1,1,'');
INSERT INTO `creature_loot_template` (`Entry`,`Item`,`Reference`,`Chance`,`QuestRequired`,`LootMode`,`GroupId`,`MinCount`,`MaxCount`,`Comment`) VALUES (40446,36053,0,0.0590125,0,1,0,1,1,'');
INSERT INTO `creature_loot_template` (`Entry`,`Item`,`Reference`,`Chance`,`QuestRequired`,`LootMode`,`GroupId`,`MinCount`,`MaxCount`,`Comment`) VALUES (40446,36055,0,0.0721264,0,1,0,1,1,'');
INSERT INTO `creature_loot_template` (`Entry`,`Item`,`Reference`,`Chance`,`QuestRequired`,`LootMode`,`GroupId`,`MinCount`,`MaxCount`,`Comment`) VALUES (40446,36056,0,0.0196708,0,1,0,1,1,'');
INSERT INTO `creature_loot_template` (`Entry`,`Item`,`Reference`,`Chance`,`QuestRequired`,`LootMode`,`GroupId`,`MinCount`,`MaxCount`,`Comment`) VALUES (40446,36057,0,0.0393417,0,1,0,1,1,'');
INSERT INTO `creature_loot_template` (`Entry`,`Item`,`Reference`,`Chance`,`QuestRequired`,`LootMode`,`GroupId`,`MinCount`,`MaxCount`,`Comment`) VALUES (40446,36058,0,0.111468,0,1,0,1,1,'');
INSERT INTO `creature_loot_template` (`Entry`,`Item`,`Reference`,`Chance`,`QuestRequired`,`LootMode`,`GroupId`,`MinCount`,`MaxCount`,`Comment`) VALUES (40446,36081,0,0.0196708,0,1,0,1,1,'');
INSERT INTO `creature_loot_template` (`Entry`,`Item`,`Reference`,`Chance`,`QuestRequired`,`LootMode`,`GroupId`,`MinCount`,`MaxCount`,`Comment`) VALUES (40446,36091,0,0.0196708,0,1,0,1,1,'');
INSERT INTO `creature_loot_template` (`Entry`,`Item`,`Reference`,`Chance`,`QuestRequired`,`LootMode`,`GroupId`,`MinCount`,`MaxCount`,`Comment`) VALUES (40446,36133,0,0.0196708,0,1,0,1,1,'');
INSERT INTO `creature_loot_template` (`Entry`,`Item`,`Reference`,`Chance`,`QuestRequired`,`LootMode`,`GroupId`,`MinCount`,`MaxCount`,`Comment`) VALUES (40446,36150,0,0.0983542,0,1,0,1,1,'');
INSERT INTO `creature_loot_template` (`Entry`,`Item`,`Reference`,`Chance`,`QuestRequired`,`LootMode`,`GroupId`,`MinCount`,`MaxCount`,`Comment`) VALUES (40446,36151,0,0.131139,0,1,0,1,1,'');
INSERT INTO `creature_loot_template` (`Entry`,`Item`,`Reference`,`Chance`,`QuestRequired`,`LootMode`,`GroupId`,`MinCount`,`MaxCount`,`Comment`) VALUES (40446,36152,0,0.0786834,0,1,0,1,1,'');
INSERT INTO `creature_loot_template` (`Entry`,`Item`,`Reference`,`Chance`,`QuestRequired`,`LootMode`,`GroupId`,`MinCount`,`MaxCount`,`Comment`) VALUES (40446,36155,0,0.0458986,0,1,0,1,1,'');
INSERT INTO `creature_loot_template` (`Entry`,`Item`,`Reference`,`Chance`,`QuestRequired`,`LootMode`,`GroupId`,`MinCount`,`MaxCount`,`Comment`) VALUES (40446,36158,0,0.0524556,0,1,0,1,1,'');
INSERT INTO `creature_loot_template` (`Entry`,`Item`,`Reference`,`Chance`,`QuestRequired`,`LootMode`,`GroupId`,`MinCount`,`MaxCount`,`Comment`) VALUES (40446,36159,0,0.0327847,0,1,0,1,1,'');
INSERT INTO `creature_loot_template` (`Entry`,`Item`,`Reference`,`Chance`,`QuestRequired`,`LootMode`,`GroupId`,`MinCount`,`MaxCount`,`Comment`) VALUES (40446,36162,0,0.0196708,0,1,0,1,1,'');
INSERT INTO `creature_loot_template` (`Entry`,`Item`,`Reference`,`Chance`,`QuestRequired`,`LootMode`,`GroupId`,`MinCount`,`MaxCount`,`Comment`) VALUES (40446,36163,0,0.0524556,0,1,0,1,1,'');
INSERT INTO `creature_loot_template` (`Entry`,`Item`,`Reference`,`Chance`,`QuestRequired`,`LootMode`,`GroupId`,`MinCount`,`MaxCount`,`Comment`) VALUES (40446,36164,0,0.0327847,0,1,0,1,1,'');
INSERT INTO `creature_loot_template` (`Entry`,`Item`,`Reference`,`Chance`,`QuestRequired`,`LootMode`,`GroupId`,`MinCount`,`MaxCount`,`Comment`) VALUES (40446,36167,0,0.0393417,0,1,0,1,1,'');
INSERT INTO `creature_loot_template` (`Entry`,`Item`,`Reference`,`Chance`,`QuestRequired`,`LootMode`,`GroupId`,`MinCount`,`MaxCount`,`Comment`) VALUES (40446,36168,0,0.0983542,0,1,0,1,1,'');
INSERT INTO `creature_loot_template` (`Entry`,`Item`,`Reference`,`Chance`,`QuestRequired`,`LootMode`,`GroupId`,`MinCount`,`MaxCount`,`Comment`) VALUES (40446,36169,0,0.0655695,0,1,0,1,1,'');
INSERT INTO `creature_loot_template` (`Entry`,`Item`,`Reference`,`Chance`,`QuestRequired`,`LootMode`,`GroupId`,`MinCount`,`MaxCount`,`Comment`) VALUES (40446,36215,0,0.0196708,0,1,0,1,1,'');
INSERT INTO `creature_loot_template` (`Entry`,`Item`,`Reference`,`Chance`,`QuestRequired`,`LootMode`,`GroupId`,`MinCount`,`MaxCount`,`Comment`) VALUES (40446,36259,0,0.0524556,0,1,0,1,1,'');
INSERT INTO `creature_loot_template` (`Entry`,`Item`,`Reference`,`Chance`,`QuestRequired`,`LootMode`,`GroupId`,`MinCount`,`MaxCount`,`Comment`) VALUES (40446,36260,0,0.0786834,0,1,0,1,1,'');
INSERT INTO `creature_loot_template` (`Entry`,`Item`,`Reference`,`Chance`,`QuestRequired`,`LootMode`,`GroupId`,`MinCount`,`MaxCount`,`Comment`) VALUES (40446,36262,0,0.0786834,0,1,0,1,1,'');
INSERT INTO `creature_loot_template` (`Entry`,`Item`,`Reference`,`Chance`,`QuestRequired`,`LootMode`,`GroupId`,`MinCount`,`MaxCount`,`Comment`) VALUES (40446,36263,0,0.131139,0,1,0,1,1,'');
INSERT INTO `creature_loot_template` (`Entry`,`Item`,`Reference`,`Chance`,`QuestRequired`,`LootMode`,`GroupId`,`MinCount`,`MaxCount`,`Comment`) VALUES (40446,36264,0,0.0721264,0,1,0,1,1,'');
INSERT INTO `creature_loot_template` (`Entry`,`Item`,`Reference`,`Chance`,`QuestRequired`,`LootMode`,`GroupId`,`MinCount`,`MaxCount`,`Comment`) VALUES (40446,36267,0,0.0983542,0,1,0,1,1,'');
INSERT INTO `creature_loot_template` (`Entry`,`Item`,`Reference`,`Chance`,`QuestRequired`,`LootMode`,`GroupId`,`MinCount`,`MaxCount`,`Comment`) VALUES (40446,36273,0,0.137696,0,1,0,1,1,'');
INSERT INTO `creature_loot_template` (`Entry`,`Item`,`Reference`,`Chance`,`QuestRequired`,`LootMode`,`GroupId`,`MinCount`,`MaxCount`,`Comment`) VALUES (40446,36279,0,0.0327847,0,1,0,1,1,'');
INSERT INTO `creature_loot_template` (`Entry`,`Item`,`Reference`,`Chance`,`QuestRequired`,`LootMode`,`GroupId`,`MinCount`,`MaxCount`,`Comment`) VALUES (40446,36282,0,0.111468,0,1,0,1,1,'');
INSERT INTO `creature_loot_template` (`Entry`,`Item`,`Reference`,`Chance`,`QuestRequired`,`LootMode`,`GroupId`,`MinCount`,`MaxCount`,`Comment`) VALUES (40446,36318,0,0.0393417,0,1,0,1,1,'');
INSERT INTO `creature_loot_template` (`Entry`,`Item`,`Reference`,`Chance`,`QuestRequired`,`LootMode`,`GroupId`,`MinCount`,`MaxCount`,`Comment`) VALUES (40446,36351,0,0.0196708,0,1,0,1,1,'');
INSERT INTO `creature_loot_template` (`Entry`,`Item`,`Reference`,`Chance`,`QuestRequired`,`LootMode`,`GroupId`,`MinCount`,`MaxCount`,`Comment`) VALUES (40446,36367,0,0.0196708,0,1,0,1,1,'');
INSERT INTO `creature_loot_template` (`Entry`,`Item`,`Reference`,`Chance`,`QuestRequired`,`LootMode`,`GroupId`,`MinCount`,`MaxCount`,`Comment`) VALUES (40446,36374,0,0.0458986,0,1,0,1,1,'');
INSERT INTO `creature_loot_template` (`Entry`,`Item`,`Reference`,`Chance`,`QuestRequired`,`LootMode`,`GroupId`,`MinCount`,`MaxCount`,`Comment`) VALUES (40446,36376,0,0.0131139,0,1,0,1,1,'');
INSERT INTO `creature_loot_template` (`Entry`,`Item`,`Reference`,`Chance`,`QuestRequired`,`LootMode`,`GroupId`,`MinCount`,`MaxCount`,`Comment`) VALUES (40446,36377,0,0.0458986,0,1,0,1,1,'');
INSERT INTO `creature_loot_template` (`Entry`,`Item`,`Reference`,`Chance`,`QuestRequired`,`LootMode`,`GroupId`,`MinCount`,`MaxCount`,`Comment`) VALUES (40446,36379,0,0.0590125,0,1,0,1,1,'');
INSERT INTO `creature_loot_template` (`Entry`,`Item`,`Reference`,`Chance`,`QuestRequired`,`LootMode`,`GroupId`,`MinCount`,`MaxCount`,`Comment`) VALUES (40446,36383,0,0.0458986,0,1,0,1,1,'');
INSERT INTO `creature_loot_template` (`Entry`,`Item`,`Reference`,`Chance`,`QuestRequired`,`LootMode`,`GroupId`,`MinCount`,`MaxCount`,`Comment`) VALUES (40446,36389,0,0.0524556,0,1,0,1,1,'');
INSERT INTO `creature_loot_template` (`Entry`,`Item`,`Reference`,`Chance`,`QuestRequired`,`LootMode`,`GroupId`,`MinCount`,`MaxCount`,`Comment`) VALUES (40446,36391,0,0.0393417,0,1,0,1,1,'');
INSERT INTO `creature_loot_template` (`Entry`,`Item`,`Reference`,`Chance`,`QuestRequired`,`LootMode`,`GroupId`,`MinCount`,`MaxCount`,`Comment`) VALUES (40446,36393,0,0.0852403,0,1,0,1,1,'');
INSERT INTO `creature_loot_template` (`Entry`,`Item`,`Reference`,`Chance`,`QuestRequired`,`LootMode`,`GroupId`,`MinCount`,`MaxCount`,`Comment`) VALUES (40446,36394,0,0.0983542,0,1,0,1,1,'');
INSERT INTO `creature_loot_template` (`Entry`,`Item`,`Reference`,`Chance`,`QuestRequired`,`LootMode`,`GroupId`,`MinCount`,`MaxCount`,`Comment`) VALUES (40446,36427,0,0.222936,0,1,0,1,1,'');
INSERT INTO `creature_loot_template` (`Entry`,`Item`,`Reference`,`Chance`,`QuestRequired`,`LootMode`,`GroupId`,`MinCount`,`MaxCount`,`Comment`) VALUES (40446,36428,0,0.0983542,0,1,0,1,1,'');
INSERT INTO `creature_loot_template` (`Entry`,`Item`,`Reference`,`Chance`,`QuestRequired`,`LootMode`,`GroupId`,`MinCount`,`MaxCount`,`Comment`) VALUES (40446,36429,0,0.0786834,0,1,0,1,1,'');
INSERT INTO `creature_loot_template` (`Entry`,`Item`,`Reference`,`Chance`,`QuestRequired`,`LootMode`,`GroupId`,`MinCount`,`MaxCount`,`Comment`) VALUES (40446,36442,0,0.183594,0,1,0,1,1,'');
INSERT INTO `creature_loot_template` (`Entry`,`Item`,`Reference`,`Chance`,`QuestRequired`,`LootMode`,`GroupId`,`MinCount`,`MaxCount`,`Comment`) VALUES (40446,36443,0,0.0327847,0,1,0,1,1,'');
INSERT INTO `creature_loot_template` (`Entry`,`Item`,`Reference`,`Chance`,`QuestRequired`,`LootMode`,`GroupId`,`MinCount`,`MaxCount`,`Comment`) VALUES (40446,36455,0,0.0131139,0,1,0,1,1,'');
INSERT INTO `creature_loot_template` (`Entry`,`Item`,`Reference`,`Chance`,`QuestRequired`,`LootMode`,`GroupId`,`MinCount`,`MaxCount`,`Comment`) VALUES (40446,36515,0,0.0196708,0,1,0,1,1,'');
INSERT INTO `creature_loot_template` (`Entry`,`Item`,`Reference`,`Chance`,`QuestRequired`,`LootMode`,`GroupId`,`MinCount`,`MaxCount`,`Comment`) VALUES (40446,36525,0,0.0327847,0,1,0,1,1,'');
INSERT INTO `creature_loot_template` (`Entry`,`Item`,`Reference`,`Chance`,`QuestRequired`,`LootMode`,`GroupId`,`MinCount`,`MaxCount`,`Comment`) VALUES (40446,36551,0,0.0196708,0,1,0,1,1,'');
INSERT INTO `creature_loot_template` (`Entry`,`Item`,`Reference`,`Chance`,`QuestRequired`,`LootMode`,`GroupId`,`MinCount`,`MaxCount`,`Comment`) VALUES (40446,36569,0,0.0458986,0,1,0,1,1,'');
INSERT INTO `creature_loot_template` (`Entry`,`Item`,`Reference`,`Chance`,`QuestRequired`,`LootMode`,`GroupId`,`MinCount`,`MaxCount`,`Comment`) VALUES (40446,36585,0,0.0590125,0,1,0,1,1,'');
INSERT INTO `creature_loot_template` (`Entry`,`Item`,`Reference`,`Chance`,`QuestRequired`,`LootMode`,`GroupId`,`MinCount`,`MaxCount`,`Comment`) VALUES (40446,36611,0,0.0983542,0,1,0,1,1,'');
INSERT INTO `creature_loot_template` (`Entry`,`Item`,`Reference`,`Chance`,`QuestRequired`,`LootMode`,`GroupId`,`MinCount`,`MaxCount`,`Comment`) VALUES (40446,36661,0,0.0196708,0,1,0,1,1,'');
INSERT INTO `creature_loot_template` (`Entry`,`Item`,`Reference`,`Chance`,`QuestRequired`,`LootMode`,`GroupId`,`MinCount`,`MaxCount`,`Comment`) VALUES (40446,36665,0,0.0327847,0,1,0,1,1,'');
INSERT INTO `creature_loot_template` (`Entry`,`Item`,`Reference`,`Chance`,`QuestRequired`,`LootMode`,`GroupId`,`MinCount`,`MaxCount`,`Comment`) VALUES (40446,36666,0,0.0458986,0,1,0,1,1,'');
INSERT INTO `creature_loot_template` (`Entry`,`Item`,`Reference`,`Chance`,`QuestRequired`,`LootMode`,`GroupId`,`MinCount`,`MaxCount`,`Comment`) VALUES (40446,36679,0,0.0393417,0,1,0,1,1,'');
INSERT INTO `creature_loot_template` (`Entry`,`Item`,`Reference`,`Chance`,`QuestRequired`,`LootMode`,`GroupId`,`MinCount`,`MaxCount`,`Comment`) VALUES (40446,36680,0,0.111468,0,1,0,1,1,'');
INSERT INTO `creature_loot_template` (`Entry`,`Item`,`Reference`,`Chance`,`QuestRequired`,`LootMode`,`GroupId`,`MinCount`,`MaxCount`,`Comment`) VALUES (40446,36681,0,0.190151,0,1,0,1,1,'');
INSERT INTO `creature_loot_template` (`Entry`,`Item`,`Reference`,`Chance`,`QuestRequired`,`LootMode`,`GroupId`,`MinCount`,`MaxCount`,`Comment`) VALUES (40446,36693,0,0.0458986,0,1,0,1,1,'');
INSERT INTO `creature_loot_template` (`Entry`,`Item`,`Reference`,`Chance`,`QuestRequired`,`LootMode`,`GroupId`,`MinCount`,`MaxCount`,`Comment`) VALUES (40446,36695,0,0.0458986,0,1,0,1,1,'');
INSERT INTO `creature_loot_template` (`Entry`,`Item`,`Reference`,`Chance`,`QuestRequired`,`LootMode`,`GroupId`,`MinCount`,`MaxCount`,`Comment`) VALUES (40446,36781,0,16.5104,0,1,0,1,1,'');
INSERT INTO `creature_loot_template` (`Entry`,`Item`,`Reference`,`Chance`,`QuestRequired`,`LootMode`,`GroupId`,`MinCount`,`MaxCount`,`Comment`) VALUES (40446,36976,0,0.636024,0,1,0,1,1,'');
INSERT INTO `creature_loot_template` (`Entry`,`Item`,`Reference`,`Chance`,`QuestRequired`,`LootMode`,`GroupId`,`MinCount`,`MaxCount`,`Comment`) VALUES (40446,36977,0,0.590125,0,1,0,1,1,'');
INSERT INTO `creature_loot_template` (`Entry`,`Item`,`Reference`,`Chance`,`QuestRequired`,`LootMode`,`GroupId`,`MinCount`,`MaxCount`,`Comment`) VALUES (40446,36978,0,0.596682,0,1,0,1,1,'');
INSERT INTO `creature_loot_template` (`Entry`,`Item`,`Reference`,`Chance`,`QuestRequired`,`LootMode`,`GroupId`,`MinCount`,`MaxCount`,`Comment`) VALUES (40446,37091,0,0.0917973,0,1,0,1,1,'');
INSERT INTO `creature_loot_template` (`Entry`,`Item`,`Reference`,`Chance`,`QuestRequired`,`LootMode`,`GroupId`,`MinCount`,`MaxCount`,`Comment`) VALUES (40446,37093,0,0.124582,0,1,0,1,1,'');
INSERT INTO `creature_loot_template` (`Entry`,`Item`,`Reference`,`Chance`,`QuestRequired`,`LootMode`,`GroupId`,`MinCount`,`MaxCount`,`Comment`) VALUES (40446,37097,0,0.0327847,0,1,0,1,1,'');
INSERT INTO `creature_loot_template` (`Entry`,`Item`,`Reference`,`Chance`,`QuestRequired`,`LootMode`,`GroupId`,`MinCount`,`MaxCount`,`Comment`) VALUES (40446,37751,0,0.0196708,0,1,0,1,1,'');
INSERT INTO `creature_loot_template` (`Entry`,`Item`,`Reference`,`Chance`,`QuestRequired`,`LootMode`,`GroupId`,`MinCount`,`MaxCount`,`Comment`) VALUES (40446,39152,0,2,0,1,0,1,1,'');
INSERT INTO `creature_loot_template` (`Entry`,`Item`,`Reference`,`Chance`,`QuestRequired`,`LootMode`,`GroupId`,`MinCount`,`MaxCount`,`Comment`) VALUES (40446,43463,0,0.111468,0,1,0,1,1,'');
INSERT INTO `creature_loot_template` (`Entry`,`Item`,`Reference`,`Chance`,`QuestRequired`,`LootMode`,`GroupId`,`MinCount`,`MaxCount`,`Comment`) VALUES (40446,43465,0,0.0196708,0,1,0,1,1,'');
INSERT INTO `creature_loot_template` (`Entry`,`Item`,`Reference`,`Chance`,`QuestRequired`,`LootMode`,`GroupId`,`MinCount`,`MaxCount`,`Comment`) VALUES (40446,43467,0,0.157367,0,1,0,1,1,'');
INSERT INTO `creature_loot_template` (`Entry`,`Item`,`Reference`,`Chance`,`QuestRequired`,`LootMode`,`GroupId`,`MinCount`,`MaxCount`,`Comment`) VALUES (40446,43507,0,0.163924,0,1,0,1,1,'');
INSERT INTO `creature_loot_template` (`Entry`,`Item`,`Reference`,`Chance`,`QuestRequired`,`LootMode`,`GroupId`,`MinCount`,`MaxCount`,`Comment`) VALUES (40446,43508,0,0.209822,0,1,0,1,1,'');
INSERT INTO `creature_loot_template` (`Entry`,`Item`,`Reference`,`Chance`,`QuestRequired`,`LootMode`,`GroupId`,`MinCount`,`MaxCount`,`Comment`) VALUES (40446,43509,0,0.268835,0,1,0,1,1,'');
INSERT INTO `creature_loot_template` (`Entry`,`Item`,`Reference`,`Chance`,`QuestRequired`,`LootMode`,`GroupId`,`MinCount`,`MaxCount`,`Comment`) VALUES (40446,43510,0,0.216379,0,1,0,1,1,'');
INSERT INTO `creature_loot_template` (`Entry`,`Item`,`Reference`,`Chance`,`QuestRequired`,`LootMode`,`GroupId`,`MinCount`,`MaxCount`,`Comment`) VALUES (40446,43852,0,12.2812,0,1,0,1,1,'');
INSERT INTO `creature_loot_template` (`Entry`,`Item`,`Reference`,`Chance`,`QuestRequired`,`LootMode`,`GroupId`,`MinCount`,`MaxCount`,`Comment`) VALUES (40446,43876,0,0.0196708,0,1,0,1,1,'');
INSERT INTO `creature_loot_template` (`Entry`,`Item`,`Reference`,`Chance`,`QuestRequired`,`LootMode`,`GroupId`,`MinCount`,`MaxCount`,`Comment`) VALUES (40446,45912,0,0.0786834,0,1,0,1,1,'');



-- go spawns - these are needed for some of the quests
DELETE FROM `gameobject` WHERE `map` IN (0,1) AND `id` IN (188049,188134,188143,188145,188148,188156);
DELETE FROM `gameobject` WHERE `guid` BETWEEN @OGUID+0 AND @OGUID+6;
INSERT INTO `gameobject` VALUES
(@OGUID+0,188049,1,0,0,0,0,0,0,-1,4252.64,1122.71,9.54863,0.870057,0,0,-0.421436,-0.906858,0,255,1,'','',0,-1,533.333),
(@OGUID+1,188134,1,0,0,0,0,0,0,-1,-468.771,2442.95,98.8875,1.07757,0,0,-0.513095,-0.858332,300,255,1,'','',0,-1,533.333),
(@OGUID+2,188143,0,0,0,0,0,0,0,-1,-12158.4,858.846,21.8198,0.167669,0,0,-0.0837364,-0.996488,300,255,1,'','',0,-1,533.333),
(@OGUID+3,188145,0,0,0,0,0,0,0,-1,-6637.49,-654.44,241.648,6.12402,0,0,-0.0795003,0.996835,300,255,1,'','',0,-1,533.333),
(@OGUID+4,188148,1,0,0,0,0,0,0,-1,-6428.94,175.407,6.65796,1.42148,0,0,-0.652393,-0.757881,0,255,1,'','',0,-1,533.333),
(@OGUID+5,188156,1,0,0,0,0,0,0,-1,-6428.94,175.407,6.6586,0,0,0,0,1,300,255,1,'','',0,-1,533.333),
(@OGUID+6,188156,1,0,0,0,0,0,0,-1,4252.64,1122.71,9.54863,0,0,0,0,1,300,255,1,'','',0,-1,533.333);

-- game event objects
DELETE FROM `game_event_gameobject` WHERE `eventEntry` = 1 AND `guid` BETWEEN @OGUID+0 AND @OGUID+6;
INSERT INTO `game_event_gameobject` VALUES
(1,@OGUID+0),
(1,@OGUID+1),
(1,@OGUID+2),
(1,@OGUID+3),
(1,@OGUID+4),
(1,@OGUID+5),
(1,@OGUID+6);

-- misc changes
-- spawn time adjustment for the summoner
UPDATE `creature` SET `spawntimesecs` = '2700' WHERE (`guid` = '170669');
-- some more difficulty adjustments
UPDATE `creature_template_difficulty` SET `HealthModifier` = '2', `DamageModifier` = '1.5' WHERE (`Entry` = '25755') and (`DifficultyID` = '1');
UPDATE `creature_template_difficulty` SET `CreatureDifficultyID` = '24575' WHERE (`Entry` = '25757') and (`DifficultyID` = '2');
UPDATE `creature_template_difficulty` SET `HealthModifier` = '2' WHERE (`Entry` = '25755') and (`DifficultyID` = '0');
