-- Deadmines Dungeon (OLD) Spawns
SET @CGUID := 900000;

DELETE FROM `creature` WHERE `guid` BETWEEN @CGUID+1004 AND @CGUID+1217;
INSERT INTO `creature` (`guid`, `id`, `map`, `spawnDifficulties`, `phaseId`, `equipment_id`, `position_x`, `position_y`, `position_z`, `orientation`, `spawntimesecs`, `wander_distance`, `MovementType`) VALUES
(@CGUID+1004, 598, 36, 1, 50007, 1, -50.2651, -401.198, 55.6811, 5.51524, 43200, 0, 0),
(@CGUID+1005, 598, 36, 1, 50007, 1, -73.1336, -407.03, 54.9728, 2.56563, 43200, 0, 0),
(@CGUID+1006, 598, 36, 1, 50007, 1, -104.389, -426.736, 55.9882, 1.09956, 43200, 0, 0),
(@CGUID+1007, 4416, 36, 1, 50007, 1, -87.4821, -404.357, 59.0401, 5.67232, 43200, 0, 0),
(@CGUID+1008, 598, 36, 1, 50007, 1, -100.262, -430.704, 56.005, 0.767945, 43200, 0, 0),
(@CGUID+1009, 4075, 36, 1, 50007, 0, -94.0732, -403.819, 57.5726, 0.191218, 300, 10, 1),
(@CGUID+1010, 598, 36, 1, 50007, 1, -108.016, -403.976, 60.0188, 4.79965, 43200, 0, 0),
(@CGUID+1011, 598, 36, 1, 50007, 1, -57.0594, -406.745, 55.1336, 5.06145, 43200, 0, 0),
(@CGUID+1012, 598, 36, 1, 50007, 1, -100.509, -372.996, 59.22, 1.32645, 43200, 0, 0),
(@CGUID+1013, 598, 36, 1, 50007, 1, -79.0664, -382.136, 55.3884, 4.64258, 43200, 0, 0),
(@CGUID+1014, 598, 36, 1, 50007, 1, -72.5348, -370.202, 55.6576, 1.6057, 43200, 0, 0),
(@CGUID+1015, 598, 36, 1, 50007, 1, -40.12, -370.386, 56.5668, 2.35619, 43200, 0, 0),
(@CGUID+1016, 1729, 36, 1, 50007, 1, -58.9532, -390.73, 53.9482, 5.2709, 43200, 0, 2),
(@CGUID+1017, 598, 36, 1, 50007, 1, -83.0129, -396.353, 59.0941, 0.087266, 43200, 0, 0),
(@CGUID+1018, 4075, 36, 1, 50007, 0, -13.3427, -376.707, 60.7323, 0.994858, 300, 10, 1),
(@CGUID+1019, 598, 36, 1, 50007, 1, -70.8896, -395.711, 55.8013, 3.64774, 43200, 0, 0),
(@CGUID+1020, 598, 36, 1, 50007, 1, -98.282, -383.228, 59.2963, 5.58505, 43200, 0, 0),
(@CGUID+1021, 634, 36, 1, 50007, 1, -55.6462, -376.861, 54.2091, 0.063403, 43200, 0, 2),
(@CGUID+1022, 598, 36, 1, 50007, 1, -66.8609, -364.098, 54.8182, 2.89725, 43200, 0, 0),
(@CGUID+1023, 598, 36, 1, 50007, 1, -52.6469, -368.032, 55.5931, 1.41372, 43200, 0, 0),
(@CGUID+1024, 598, 36, 1, 50007, 1, -116.78, -411.297, 58.8569, 5.74213, 43200, 0, 0),
(@CGUID+1025, 598, 36, 1, 50007, 1, -128.305, -384.093, 59.1888, 3.10669, 43200, 0, 0),
(@CGUID+1026, 634, 36, 1, 50007, 1, -136.063, -408.245, 58.1921, 0.224902, 43200, 0, 0),
(@CGUID+1027, 634, 36, 1, 50007, 1, -116.45, -406.916, 59.5309, 0.895679, 43200, 0, 2),
(@CGUID+1028, 4075, 36, 1, 50007, 0, -122.287, -414.488, 58.311, 6.23634, 300, 10, 1),
(@CGUID+1029, 598, 36, 1, 50007, 1, -139.803, -399.804, 58.4387, 1.48353, 43200, 0, 0),
(@CGUID+1030, 598, 36, 1, 50007, 1, -130.811, -394.411, 59.4243, 2.47837, 43200, 0, 0),
(@CGUID+1031, 598, 36, 1, 50007, 1, -139.342, -412.573, 58.9302, 3.57792, 43200, 0, 0),
(@CGUID+1032, 598, 36, 1, 50007, 1, -147.793, -407.295, 57.7768, 4.06662, 43200, 0, 0),
(@CGUID+1033, 598, 36, 1, 50007, 1, -114.904, -450.414, 56.424, 0, 43200, 0, 0),
(@CGUID+1034, 598, 36, 1, 50007, 1, -126.517, -441.77, 55.5907, 4.06662, 43200, 0, 0),
(@CGUID+1035, 598, 36, 1, 50007, 1, -153.941, -395.623, 57.0007, 1.16937, 43200, 0, 0),
(@CGUID+1036, 598, 36, 1, 50007, 1, -165.125, -403.208, 57.3258, 5.48033, 43200, 0, 0),
(@CGUID+1037, 598, 36, 1, 50007, 1, -175.251, -400.119, 57.5643, 2.49582, 43200, 0, 0),
(@CGUID+1038, 598, 36, 1, 50007, 1, -169.962, -409.583, 57.6959, 5.60251, 43200, 0, 0),
(@CGUID+1039, 598, 36, 1, 50007, 1, -182.302, -410.296, 55.6153, 2.77507, 43200, 0, 0),
(@CGUID+1040, 1725, 36, 1, 50007, 1, -183.731, -450.034, 54.6475, 3.37684, 43200, 0, 0),
(@CGUID+1041, 4075, 36, 1, 50007, 0, -183.257, -440.667, 54.201, 5.42284, 300, 10, 1),
(@CGUID+1042, 1725, 36, 1, 50007, 1, -202.166, -453.277, 54.2891, 0.811484, 43200, 0, 0),
(@CGUID+1043, 644, 36, 1, 50007, 1, -192.915, -448.211, 54.4339, 1.66886, 43200, 0, 2),
(@CGUID+1044, 598, 36, 1, 50007, 1, -176.814, -487.945, 54.2515, 6.26573, 43200, 0, 0),
(@CGUID+1045, 634, 36, 1, 50007, 1, -191.73, -483.36, 54.0413, 2.0461, 43200, 5, 1),
(@CGUID+1046, 1729, 36, 1, 50007, 1, -188.074, -486.698, 54.044, 1.56971, 43200, 5, 1),
(@CGUID+1047, 598, 36, 1, 50007, 1, -176.345, -499.359, 54.2337, 0.890118, 43200, 0, 0),
(@CGUID+1048, 598, 36, 1, 50007, 1, -219.438, -485.815, 49.4967, 0.698132, 43200, 0, 0),
(@CGUID+1049, 598, 36, 1, 50007, 1, -197.438, -490.739, 54.0243, 3.76991, 43200, 0, 0),
(@CGUID+1050, 598, 36, 1, 50007, 1, -231.309, -476.99, 49.3445, 1.06465, 43200, 0, 0),
(@CGUID+1051, 598, 36, 1, 50007, 1, -207.559, -499.156, 51.04, 1.02974, 43200, 0, 0),
(@CGUID+1052, 1729, 36, 1, 50007, 1, -214.703, -506.568, 50.8243, 4.64998, 43200, 5, 1),
(@CGUID+1053, 598, 36, 1, 50007, 1, -233.461, -490.313, 49.5979, 4.06662, 43200, 0, 0),
(@CGUID+1054, 598, 36, 1, 50007, 1, -186.472, -506.314, 53.3956, 4.79965, 43200, 0, 0),
(@CGUID+1055, 598, 36, 1, 50007, 1, -198.654, -510.057, 53.4681, 4.99164, 43200, 0, 0),
(@CGUID+1056, 598, 36, 1, 50007, 1, -222.039, -500.223, 49.6132, 3.66519, 43200, 0, 0),
(@CGUID+1057, 598, 36, 1, 50007, 1, -170.745, -509.416, 53.7236, 4.85202, 43200, 0, 0),
(@CGUID+1058, 598, 36, 1, 50007, 1, -157.933, -506.575, 53.4426, 1.02974, 43200, 0, 0),
(@CGUID+1059, 598, 36, 1, 50007, 1, -206.619, -512.06, 51.5749, 4.55531, 43200, 0, 0),
(@CGUID+1060, 598, 36, 1, 50007, 1, -158.652, -513.984, 52.7541, 4.08407, 43200, 0, 0),
(@CGUID+1061, 4075, 36, 1, 50007, 0, -195.525, -476.929, 54.1321, 2.96706, 300, 10, 1),
(@CGUID+1062, 598, 36, 1, 50007, 1, -214.18, -516.23, 51.4912, 5.89921, 43200, 0, 0),
(@CGUID+1063, 1729, 36, 1, 50007, 1, -93.0234, -400.3, 58.0467, 3.03687, 43200, 0, 2),
(@CGUID+1064, 634, 36, 1, 50007, 1, -94.3284, -402.581, 57.4746, 0.820305, 43200, 0, 2),
(@CGUID+1065, 598, 36, 1, 50007, 1, -159.594, -529.266, 52.2688, 3.24631, 43200, 0, 0),
(@CGUID+1066, 598, 36, 1, 50007, 1, -149.5, -519.485, 53.0869, 0.10472, 43200, 0, 0),
(@CGUID+1067, 641, 36, 1, 50007, 1, -277.256, -494.085, 49.5858, 0.436332, 43200, 0, 0),
(@CGUID+1068, 641, 36, 1, 50007, 1, -284.672, -480.893, 49.2836, 4.01426, 43200, 0, 0),
(@CGUID+1069, 598, 36, 1, 50007, 1, -146.345, -528.773, 52.1728, 0.366519, 43200, 0, 0),
(@CGUID+1070, 641, 36, 1, 50007, 1, -285.507, -489.11, 50.0757, 1.3742, 43200, 5, 1),
(@CGUID+1071, 622, 36, 1, 50007, 1, -193.104, -550.659, 19.3065, 4.45445, 43200, 5, 1),
(@CGUID+1072, 1731, 36, 1, 50007, 1, -213.95, -548.452, 19.3065, 1.22022, 43200, 5, 1),
(@CGUID+1073, 622, 36, 1, 50007, 1, -207.954, -546.822, 19.3065, 1.66173, 43200, 5, 1),
(@CGUID+1074, 1731, 36, 1, 50007, 1, -182.394, -567.021, 51.0262, 3.21455, 43200, 5, 1),
(@CGUID+1075, 1731, 36, 1, 50007, 1, -183.209, -564.577, 51.2296, 0.113424, 43200, 5, 1),
(@CGUID+1076, 1731, 36, 1, 50007, 1, -186.878, -553.565, 19.3065, 3.02864, 43200, 5, 1),
(@CGUID+1077, 641, 36, 1, 50007, 1, -270.228, -523.864, 49.9504, 0.296706, 43200, 0, 0),
(@CGUID+1078, 1731, 36, 1, 50007, 1, -209.573, -568.15, 20.9768, 2.94235, 43200, 5, 1),
(@CGUID+1079, 1731, 36, 1, 50007, 1, -178.397, -565.429, 19.3065, 2.53463, 43200, 5, 1),
(@CGUID+1080, 1731, 36, 1, 50007, 1, -226.034, -555.927, 19.3065, 0.854289, 43200, 5, 1),
(@CGUID+1081, 1763, 36, 1, 50007, 1, -177.362, -574.458, 19.3113, 0.092073, 43200, 5, 1),
(@CGUID+1082, 641, 36, 1, 50007, 1, -281.279, -502.013, 49.3831, 1.4796, 43200, 5, 1),
(@CGUID+1083, 622, 36, 1, 50007, 1, -226.113, -563.705, 19.3065, 2.36988, 43200, 5, 1),
(@CGUID+1084, 622, 36, 1, 50007, 1, -196.754, -582.341, 20.9769, 1.21763, 43200, 5, 1),
(@CGUID+1085, 4416, 36, 1, 50007, 1, -139.828, -569.442, 19.7906, 1.39626, 43200, 0, 0),
(@CGUID+1086, 1731, 36, 1, 50007, 1, -178.319, -581.496, 19.3112, 2.21882, 43200, 5, 1),
(@CGUID+1087, 622, 36, 1, 50007, 1, -209.044, -590.669, 20.9769, 2.30227, 43200, 5, 1),
(@CGUID+1088, 622, 36, 1, 50007, 1, -232.502, -569.785, 19.3065, 1.08319, 43200, 5, 1),
(@CGUID+1089, 4417, 36, 1, 50007, 1, -149.151, -580.585, 19.3131, 3.12269, 43200, 5, 1),
(@CGUID+1090, 4416, 36, 1, 50007, 1, -131.691, -578.845, 18.6522, 0.314159, 43200, 0, 0),
(@CGUID+1091, 4416, 36, 1, 50007, 1, -152.997, -590.709, 19.0535, 4.81711, 43200, 0, 0),
(@CGUID+1092, 1731, 36, 1, 50007, 1, -188.734, -600.466, 36.5784, 5.17014, 43200, 5, 1),
(@CGUID+1093, 1731, 36, 1, 50007, 1, -234.991, -575.816, 19.3065, 1.36211, 43200, 5, 1),
(@CGUID+1094, 641, 36, 1, 50007, 1, -263.514, -571.289, 51.0459, 2.60054, 43200, 0, 0),
(@CGUID+1095, 641, 36, 1, 50007, 1, -291.981, -477.763, 49.2735, 3.01942, 43200, 0, 0),
(@CGUID+1096, 641, 36, 1, 50007, 1, -284.815, -518.513, 48.5385, 4.5204, 43200, 0, 0),
(@CGUID+1097, 641, 36, 1, 50007, 1, -294.264, -506.217, 49.2678, 5.69011, 43200, 0, 0),
(@CGUID+1098, 642, 36, 1, 50007, 0, -289.453, -513.009, 49.6785, 3.78367, 43200, 0, 2),
(@CGUID+1099, 641, 36, 1, 50007, 1, -283.229, -560.001, 49.514, 0.034907, 43200, 0, 0),
(@CGUID+1100, 4416, 36, 1, 50007, 1, -275.491, -574.469, 50.5192, 2.49582, 43200, 0, 0),
(@CGUID+1101, 4416, 36, 1, 50007, 1, -259.328, -587.667, 51.0296, 3.80482, 43200, 0, 0),
(@CGUID+1102, 641, 36, 1, 50007, 1, -295.528, -530.023, 49.3874, 5.50756, 43200, 0, 0),
(@CGUID+1103, 4075, 36, 1, 50007, 0, -274.531, -578.467, 50.2194, 5.87235, 300, 10, 1),
(@CGUID+1104, 4418, 36, 1, 50007, 1, -272.331, -583.156, 50.1907, 0.925193, 43200, 0, 0),
(@CGUID+1105, 4417, 36, 1, 50007, 1, -272.512, -582.382, 49.9988, 0.681518, 43200, 0, 2),
(@CGUID+1106, 641, 36, 1, 50007, 1, -308.87, -485.281, 49.802, 1.6057, 43200, 0, 0),
(@CGUID+1107, 4416, 36, 1, 50007, 1, -297.79, -567.185, 50.0666, 3.07178, 43200, 0, 0),
(@CGUID+1108, 4417, 36, 1, 50007, 1, -263.805, -578.193, 50.5558, 6.26195, 43200, 5, 1),
(@CGUID+1109, 4416, 36, 1, 50007, 1, -287.618, -576.586, 49.2788, 5.46288, 43200, 0, 0),
(@CGUID+1110, 4416, 36, 1, 50007, 1, -294.312, -584.521, 49.7644, 5.61996, 43200, 0, 0),
(@CGUID+1111, 4416, 36, 1, 50007, 1, -305.659, -579.786, 48.8363, 2.35619, 43200, 0, 0),
(@CGUID+1112, 4416, 36, 1, 50007, 1, -313.123, -592.62, 48.5652, 3.14159, 43200, 0, 0),
(@CGUID+1113, 4416, 36, 1, 50007, 1, -272.938, -589.211, 50.9034, 5.8294, 43200, 0, 0),
(@CGUID+1114, 4416, 36, 1, 50007, 1, -280.811, -588.13, 51.0407, 2.37365, 43200, 0, 0),
(@CGUID+1115, 4416, 36, 1, 50007, 1, -281.691, -601.383, 50.8434, 5.06145, 43200, 0, 0),
(@CGUID+1116, 641, 36, 1, 50007, 1, -292.775, -608.236, 47.7036, 5.37561, 43200, 0, 0),
(@CGUID+1117, 1731, 36, 1, 50007, 1, -208.324, -606.89, 28.4, 3.16188, 43200, 5, 1),
(@CGUID+1118, 1731, 36, 1, 50007, 1, -203.274, -602.657, 30.3561, 3.56974, 43200, 5, 1),
(@CGUID+1119, 634, 36, 1, 50007, 1, -205.348, -504.892, 52.0981, 3.31299, 43200, 0, 2),
(@CGUID+1120, 1729, 36, 1, 50007, 1, -206.025, -505.74, 51.8977, 3.12136, 43200, 0, 2),
(@CGUID+1121, 1731, 36, 1, 50007, 1, -198.926, -603.779, 19.3022, 5.74754, 43200, 0, 0),
(@CGUID+1122, 4416, 36, 1, 50007, 1, -138.003, -602.398, 16.1097, 3.03687, 43200, 0, 0),
(@CGUID+1123, 4416, 36, 1, 50007, 1, -135.128, -593.666, 17.8968, 3.29867, 43200, 0, 0),
(@CGUID+1124, 4416, 36, 1, 50007, 1, -138.051, -613.235, 15.3036, 3.38594, 43200, 0, 0),
(@CGUID+1125, 4416, 36, 1, 50007, 1, -127.414, -607.545, 15.174, 0.15708, 43200, 0, 0),
(@CGUID+1126, 4416, 36, 1, 50007, 1, -126.252, -596.364, 17.8088, 6.24828, 43200, 0, 0),
(@CGUID+1127, 4416, 36, 1, 50007, 1, -137.649, -622.887, 15.0423, 2.98451, 43200, 0, 0),
(@CGUID+1128, 4075, 36, 1, 50007, 0, -137.611, -627.141, 14.8801, 1.50113, 300, 10, 1),
(@CGUID+1129, 4416, 36, 1, 50007, 1, -106.13, -613.612, 14.3938, 1.6057, 43200, 0, 0),
(@CGUID+1130, 4416, 36, 1, 50007, 1, -115.187, -621.201, 14.1127, 4.93928, 43200, 0, 0),
(@CGUID+1131, 4416, 36, 1, 50007, 1, -104.417, -620.566, 14.5019, 5.0091, 43200, 0, 0),
(@CGUID+1132, 4416, 36, 1, 50007, 1, -132.504, -637.781, 14.3308, 4.46804, 43200, 0, 0),
(@CGUID+1133, 4416, 36, 1, 50007, 1, -118.393, -635.202, 12.197, 0.785398, 43200, 0, 0),
(@CGUID+1134, 4418, 36, 1, 50007, 1, -112.33, -645.826, 8.97612, 5.16896, 43200, 0, 0),
(@CGUID+1135, 4416, 36, 1, 50007, 1, -115.421, -651.487, 8.16425, 3.57792, 43200, 0, 0),
(@CGUID+1136, 3947, 36, 1, 50007, 1, -188.781, -702.69, 8.85784, 2.06811, 43200, 5, 1),
(@CGUID+1137, 4416, 36, 1, 50007, 1, -104.376, -640.789, 8.76665, 0.733038, 43200, 0, 0),
(@CGUID+1138, 634, 36, 1, 50007, 1, -187.714, -491.858, 53.7952, 4.84823, 43200, 0, 2),
(@CGUID+1139, 4075, 36, 1, 50007, 0, -121.662, -435.93, 54.643, 4.30604, 300, 10, 1),
(@CGUID+1140, 1729, 36, 1, 50007, 1, -146.777, -399.16, 57.259, 0.099881, 43200, 5, 1),
(@CGUID+1141, 634, 36, 1, 50007, 1, -194.663, -503.042, 53.2529, 3.31299, 43200, 0, 2),
(@CGUID+1142, 1729, 36, 1, 50007, 1, -195.271, -505.177, 53.1259, 3.31299, 43200, 5, 1),
(@CGUID+1143, 3947, 36, 1, 50007, 1, -121.645, -698.163, 8.68659, 4.4315, 43200, 5, 1),
(@CGUID+1144, 3947, 36, 1, 50007, 1, -123.156, -681.324, 10.5616, 5.09576, 43200, 5, 1),
(@CGUID+1145, 657, 36, 1, 50007, 1, -102.521, -697.942, 8.84454, 1.56316, 43200, 5, 1),
(@CGUID+1146, 657, 36, 1, 50007, 1, -89.7001, -691.332, 8.24514, 1.587, 43200, 5, 1),
(@CGUID+1147, 657, 36, 1, 50007, 1, -95.1414, -722.4, 8.48278, 5.50703, 43200, 5, 1),
(@CGUID+1148, 3947, 36, 1, 50007, 1, -49.5123, -685.08, 3.89985, 3.17298, 43200, 5, 1),
(@CGUID+1149, 1732, 36, 1, 50007, 1, -96.6361, -709.373, 8.81989, 1.44085, 43200, 0, 2),
(@CGUID+1150, 634, 36, 1, 50007, 1, -130.776, -605.473, 15.2352, 5.44543, 43200, 5, 1),
(@CGUID+1151, 657, 36, 1, 50007, 1, -79.9682, -729.441, 8.94915, 6.16024, 43200, 5, 1),
(@CGUID+1152, 3947, 36, 1, 50007, 1, -34.375, -692.709, 4.52485, 4.69944, 43200, 5, 1),
(@CGUID+1153, 1732, 36, 1, 50007, 1, -50.1355, -723.342, 9.07696, 1.48353, 43200, 5, 1),
(@CGUID+1154, 657, 36, 1, 50007, 1, -31.3801, -727.911, 8.47387, 2.96909, 43200, 5, 1),
(@CGUID+1155, 1732, 36, 1, 50007, 1, -42.2427, -732.088, 9.04105, 4.52774, 43200, 0, 0),
(@CGUID+1156, 1732, 36, 1, 50007, 1, -60.2403, -731.372, 8.81632, 2.51001, 43200, 0, 2),
(@CGUID+1157, 3947, 36, 1, 50007, 1, -140.013, -762.128, 4.58898, 2.42708, 43200, 5, 1),
(@CGUID+1158, 3947, 36, 1, 50007, 1, -123.739, -788.672, 17.3131, 5.22666, 43200, 5, 1),
(@CGUID+1159, 657, 36, 1, 50007, 1, -79.6583, -782.438, 17.3884, 0.686417, 43200, 3, 1),
(@CGUID+1160, 1732, 36, 1, 50007, 1, -22.5682, -736.14, 8.63019, 1.42668, 43200, 0, 0),
(@CGUID+1161, 657, 36, 1, 50007, 1, -74.8631, -783.376, 26.2465, 2.98393, 43200, 0, 0),
(@CGUID+1162, 657, 36, 1, 50007, 1, -99.9396, -778.266, 22.3395, 5.88379, 43200, 5, 1),
(@CGUID+1163, 3947, 36, 1, 50007, 1, -79.5762, -788.13, 38.823, 2.92716, 43200, 0, 0),
(@CGUID+1164, 1732, 36, 1, 50007, 1, -83.5081, -776.182, 26.7952, 5.57936, 43200, 0, 2),
(@CGUID+1165, 657, 36, 1, 50007, 1, -131.098, -789.196, 17.4008, 2.26836, 43200, 5, 1),
(@CGUID+1166, 3947, 36, 1, 50007, 1, -132.915, -766.251, 3.86817, 1.59329, 43200, 5, 1),
(@CGUID+1167, 1732, 36, 1, 50007, 1, -57.0502, -782.479, 18.0147, 2.13404, 43200, 0, 2),
(@CGUID+1168, 3947, 36, 1, 50007, 1, -94.1737, -787.372, 17.1116, 0.542439, 43200, 5, 1),
(@CGUID+1169, 3947, 36, 1, 50007, 1, -83.4978, -791.166, 25.8501, 2.49507, 43200, 0, 0),
(@CGUID+1170, 657, 36, 1, 50007, 1, -15.0055, -724.655, 7.91381, 3.36236, 43200, 0, 0),
(@CGUID+1171, 3947, 36, 1, 50007, 1, -97.6529, -805.56, 30.683, 5.10199, 43200, 5, 1),
(@CGUID+1172, 3947, 36, 1, 50007, 1, -122.837, -806.022, 16.8947, 2.01555, 43200, 5, 1),
(@CGUID+1173, 657, 36, 1, 50007, 1, -65.9172, -794.401, 39.4002, 3.9576, 43200, 0, 0),
(@CGUID+1174, 1732, 36, 1, 50007, 1, -111.494, -795.161, 16.917, 5.26124, 43200, 0, 2),
(@CGUID+1175, 657, 36, 1, 50007, 1, -41.5834, -788.566, 18.7949, 4.86947, 43200, 3, 1),
(@CGUID+1176, 657, 36, 1, 50007, 1, -9.25067, -740.91, 8.91751, 5.75106, 43200, 0, 0),
(@CGUID+1177, 3947, 36, 1, 50007, 1, -45.3096, -787.028, 18.452, 5.4415, 43200, 3, 1),
(@CGUID+1178, 1732, 36, 1, 50007, 1, -106.433, -793.287, 28.1631, 2.29205, 43200, 5, 1),
(@CGUID+1179, 1732, 36, 1, 50007, 1, -78.3783, -796.849, 38.3719, 2.56158, 43200, 3, 1),
(@CGUID+1180, 657, 36, 1, 50007, 1, -52.9977, -791.268, 38.6091, 0.738249, 43200, 5, 1),
(@CGUID+1181, 1732, 36, 1, 50007, 1, -40.2788, -797.973, 39.3257, 0.914945, 43200, 5, 1),
(@CGUID+1182, 657, 36, 1, 50007, 1, -34.4349, -796.904, 18.9095, 6.22952, 43200, 0, 0),
(@CGUID+1183, 4075, 36, 1, 50007, 0, -134.399, -792.648, 17.47, 2.70032, 300, 10, 1),
(@CGUID+1184, 647, 36, 1, 50007, 1, -59.62, -820.132, 41.6134, 1.23189, 43200, 0, 2),
(@CGUID+1185, 657, 36, 1, 50007, 1, -67.6401, -809.496, 40.8694, 3.10425, 43200, 0, 2),
(@CGUID+1186, 1732, 36, 1, 50007, 1, -67.9707, -806.653, 40.8301, 3.10443, 43200, 0, 2),
(@CGUID+1187, 639, 36, 1, 50007, 1, -87.369, -819.895, 39.3004, 0, 43200, 0, 0),
(@CGUID+1188, 646, 36, 1, 50007, 1, -22.8471, -797.283, 20.3745, 1.0472, 43200, 0, 0),
(@CGUID+1189, 1732, 36, 1, 50007, 1, -22.0564, -809.105, 19.5437, 1.33099, 43200, 0, 0),
(@CGUID+1190, 657, 36, 1, 50007, 1, -20.9408, -835.917, 19.6528, 2.05681, 43200, 5, 1),
(@CGUID+1191, 657, 36, 1, 50007, 1, -19.0468, -830.344, 19.7522, 4.01444, 43200, 5, 1),
(@CGUID+1192, 657, 36, 1, 50007, 1, -30.3766, -843.213, 19.1693, 5.61834, 43200, 5, 1),
(@CGUID+1193, 645, 36, 1, 50007, 1, -67.5844, -853.749, 17.075, 4.92527, 43200, 0, 2),
(@CGUID+1194, 636, 36, 1, 50007, 1, -3.98715, -777.068, 9.86787, 0.991293, 43200, 0, 0),
(@CGUID+1195, 636, 36, 1, 50007, 1, 0.077364, -781.616, 9.97179, 1.39409, 43200, 0, 0),
(@CGUID+1196, 3947, 36, 1, 50007, 1, -43.2699, -852.248, 18.5989, 1.28568, 43200, 5, 1),
(@CGUID+1197, 657, 36, 1, 50007, 1, -89.5684, -854.834, 17.2142, 5.22399, 43200, 5, 1),
(@CGUID+1198, 657, 36, 1, 50007, 1, -85.9117, -856.569, 17.2837, 3.16079, 43200, 5, 1),
(@CGUID+1199, 1732, 36, 1, 50007, 1, -103.033, -847.702, 17.0292, 5.40776, 43200, 5, 1),
(@CGUID+1200, 1732, 36, 1, 50007, 1, -117.719, -837.953, 16.9124, 3.21479, 43200, 0, 2),
(@CGUID+1201, 3947, 36, 1, 50007, 1, -122.586, -823.971, 16.9447, 3.7869, 43200, 5, 1),
(@CGUID+1202, 1732, 36, 1, 50007, 1, -119.086, -836.376, 16.9153, 5.99994, 43200, 5, 1),
(@CGUID+1203, 1732, 36, 1, 50007, 1, -142.771, -873.765, 2.37754, 3.76723, 43200, 5, 1),
(@CGUID+1204, 1729, 36, 1, 50007, 1, -109.158, -649.657, 7.15244, 5.21559, 43200, 0, 2),
(@CGUID+1205, 634, 36, 1, 50007, 1, -111.77, -645.406, 8.96003, 5.2248, 43200, 0, 2),
(@CGUID+1206, 634, 36, 1, 50007, 1, -170.144, -403.045, 57.0869, 0.192994, 43200, 0, 2),
(@CGUID+1207, 1729, 36, 1, 50007, 1, -169.589, -402.076, 57.0829, 0.354403, 43200, 0, 0),
(@CGUID+1208, 1729, 36, 1, 50007, 1, -265.001, -578.632, 50.5221, 0.186009, 43200, 0, 2),
(@CGUID+1209, 634, 36, 1, 50007, 1, -259.018, -579.541, 51.1469, 0.186022, 43200, 5, 1),
(@CGUID+1210, 4075, 36, 1, 50007, 0, -137.489, -625.4, 14.8722, 1.50113, 300, 10, 1),
(@CGUID+1211, 657, 36, 1, 50007, 1, -154.996, -891.815, 5.64332, 3.05433, 43200, 5, 1),
(@CGUID+1212, 1732, 36, 1, 50007, 1, -146.141, -906.036, 8.17895, 4.04916, 43200, 5, 1),
(@CGUID+1213, 4075, 36, 1, 50007, 0, -289.323, -574.988, 49.0583, 6.0705, 300, 0, 0),
(@CGUID+1214, 657, 36, 1, 50007, 1, -153.182, -909, 8.72719, 2.61799, 43200, 0, 0),
(@CGUID+1215, 1732, 36, 1, 50007, 1, -147.674, -919.162, 12.5437, 6.04953, 43200, 0, 0),
(@CGUID+1216, 3586, 36, 1, 50007, 1, -152.545, -526.434, 51.133, 1.73877, 25000, 0, 0);

INSERT INTO `creature` VALUES
(@CGUID+1217, '141488', '36', '1581', '1581', '1', '0', '0', '0', '-1', '0', '0', '-13.5981', '-373.31', '62.5201', '4.68213', '300', '0', '0', '100', '0', NULL, NULL, NULL, NULL, 'npc_zidormi_deadmines_old', NULL, '0');

DELETE FROM `creature_addon` WHERE `guid` IN (@CGUID+1070, @CGUID+1082);
INSERT INTO `creature_addon` (`guid`, `SheathState`, `Emote`) VALUES
(@CGUID+1070, 1, 0),
(@CGUID+1082, 1, 0);

DELETE FROM `creature_addon` WHERE `guid` IN (@CGUID+1021, @CGUID+1027, @CGUID+1064, @CGUID+1119, @CGUID+1138, 
@CGUID+1141, @CGUID+1205, @CGUID+1206, @CGUID+1098, @CGUID+1043, @CGUID+1193, @CGUID+1184, @CGUID+1016, 
@CGUID+1063, @CGUID+1120, @CGUID+1204, @CGUID+1208,
@CGUID+1105);

INSERT INTO `creature_addon` (`guid`, `PathId`, `SheathState`) VALUES
(@CGUID+1021, 63400, 1),
(@CGUID+1027, 63401, 1),
(@CGUID+1064, 63402, 1),
(@CGUID+1119, 63403, 1),
(@CGUID+1138, 63404, 1),
(@CGUID+1141, 63405, 1),
(@CGUID+1205, 63406, 1),
(@CGUID+1206, 63407, 1),
(@CGUID+1098, 64200, 0),
(@CGUID+1043, 64400, 1),
(@CGUID+1193, 64500, 1),
(@CGUID+1184, 64700, 1),
(@CGUID+1016, 172900, 1),
(@CGUID+1063, 172901, 1),
(@CGUID+1120, 172902, 1),
(@CGUID+1204, 172903, 1),
(@CGUID+1208, 172904, 1),
(@CGUID+1105, 441700, 1);

DELETE FROM `creature_addon`
WHERE `guid` IN (
    @CGUID+1149, @CGUID+1153, @CGUID+1155, @CGUID+1156, @CGUID+1160,
    @CGUID+1164, @CGUID+1167, @CGUID+1174, @CGUID+1178, @CGUID+1179,
    @CGUID+1181, @CGUID+1186, @CGUID+1189, @CGUID+1199, @CGUID+1200,
    @CGUID+1202, @CGUID+1203, @CGUID+1212, @CGUID+1215
);

INSERT INTO `creature_addon` (`guid`, `PathId`, `SheathState`, `auras`) VALUES
(@CGUID+1149, 173200, 1, ''),
(@CGUID+1153, 0,   1, ''),
(@CGUID+1155, 0,   1, ''),
(@CGUID+1156, 173201, 1, ''),
(@CGUID+1160, 0,   1, ''),
(@CGUID+1164, 173202, 1, ''),
(@CGUID+1167, 173203, 1, ''),
(@CGUID+1174, 173204, 1, ''),
(@CGUID+1178, 0,   1, ''),
(@CGUID+1179, 0,   1, ''),
(@CGUID+1181, 0,   1, ''),
(@CGUID+1186, 173205, 1, ''),
(@CGUID+1189, 0,   1, ''),
(@CGUID+1199, 0,   1, ''),
(@CGUID+1200, 173206, 1, ''),
(@CGUID+1202, 0,   1, ''),
(@CGUID+1203, 0,   1, ''),
(@CGUID+1212, 0,   1, ''),
(@CGUID+1215, 0,   1, '');

DELETE FROM `creature_addon`
WHERE `guid` IN (
    @CGUID+1145, @CGUID+1146, @CGUID+1147, @CGUID+1151, @CGUID+1154,
    @CGUID+1159, @CGUID+1161, @CGUID+1162, @CGUID+1165, @CGUID+1170,
    @CGUID+1173, @CGUID+1175, @CGUID+1176, @CGUID+1180, @CGUID+1182,
    @CGUID+1190, @CGUID+1191, @CGUID+1192, @CGUID+1197,
    @CGUID+1198, @CGUID+1211, @CGUID+1214, @CGUID+1188
);

INSERT INTO `creature_addon` (`guid`, `SheathState`, `auras`) VALUES
(@CGUID+1188, 1, '6433'),
(@CGUID+1145, 1, ''),
(@CGUID+1146, 1, ''),
(@CGUID+1147, 1, ''),
(@CGUID+1151, 1, ''),
(@CGUID+1154, 1, ''),
(@CGUID+1159, 1, ''),
(@CGUID+1161, 1, ''),
(@CGUID+1162, 1, ''),
(@CGUID+1165, 1, ''),
(@CGUID+1170, 1, ''),
(@CGUID+1173, 1, ''),
(@CGUID+1175, 1, ''),
(@CGUID+1176, 1, ''),
(@CGUID+1180, 1, ''),
(@CGUID+1182, 1, ''),
(@CGUID+1190, 1, ''),
(@CGUID+1191, 1, ''),
(@CGUID+1192, 1, ''),
(@CGUID+1197, 1, ''),
(@CGUID+1198, 1, ''),
(@CGUID+1211, 1, ''),
(@CGUID+1214, 1, '');

DELETE FROM `creature_addon` WHERE `guid` IN (@CGUID+1185);
INSERT INTO `creature_addon` (`guid`, `PathId`, `SheathState`, `auras`) VALUES
(@CGUID+1185, 65700, 1, '');

DELETE FROM `creature_addon`
WHERE `guid` IN (
    @CGUID+1136, @CGUID+1143, @CGUID+1144, @CGUID+1148,
    @CGUID+1152, @CGUID+1157, @CGUID+1158, @CGUID+1163,
    @CGUID+1166, @CGUID+1168, @CGUID+1169, @CGUID+1171,
    @CGUID+1172, @CGUID+1177, @CGUID+1196, @CGUID+1201
);

INSERT INTO `creature_addon` (`guid`, `SheathState`, `auras`) VALUES
(@CGUID+1136, 1, ''),
(@CGUID+1143, 1, ''),
(@CGUID+1144, 1, ''),
(@CGUID+1148, 1, ''),
(@CGUID+1152, 1, ''),
(@CGUID+1157, 1, ''),
(@CGUID+1158, 1, ''),
(@CGUID+1163, 1, ''),
(@CGUID+1166, 1, ''),
(@CGUID+1168, 1, ''),
(@CGUID+1169, 1, ''),
(@CGUID+1171, 1, ''),
(@CGUID+1172, 1, ''),
(@CGUID+1177, 1, ''),
(@CGUID+1196, 1, ''),
(@CGUID+1201, 1, '');

DELETE FROM `creature_formations` WHERE `leaderGUID` IN (@CGUID+1105, @CGUID+1205,@CGUID+1206, @CGUID+1187, @CGUID+1188, @CGUID+1189);
INSERT INTO `creature_formations` (`leaderGUID`, `memberGUID`, `dist`, `angle`, `groupAI`) VALUES
(@CGUID+1105, @CGUID+1104, 2, 0, 515),
(@CGUID+1105, @CGUID+1105, 0, 0, 515),
(@CGUID+1205, @CGUID+1134, 2, 0, 515),
(@CGUID+1189, @CGUID+1182, 0, 0, 515),
(@CGUID+1187, @CGUID+1187, 0, 0, 515),
(@CGUID+1188, @CGUID+1188, 0, 0, 515),
(@CGUID+1189, @CGUID+1189, 0, 0, 515),
(@CGUID+1188, @CGUID+1194, 0, 0, 515),
(@CGUID+1188, @CGUID+1195, 0, 0, 515),
(@CGUID+1205, @CGUID+1205, 0, 0, 515),
(@CGUID+1206, @CGUID+1206, 0, 0, 515),
(@CGUID+1206, @CGUID+1207, 2, 0, 515);

-- Gameobjects
SET @OGUID := 900000;

DELETE FROM `gameobject` WHERE `guid` BETWEEN @OGUID+72 AND @OGUID+105;
INSERT INTO `gameobject` (guid, id, map, spawndifficulties, phaseUseFlags, phaseid, position_x, position_y, position_z, orientation, rotation2, rotation3, spawntimesecs, state) VALUES
(@OGUID+72, 1731, 36, 1, 1, 0, -81.0082, -394.329, 61.5258, 0.436332, 0.216439, 0.976296, 900, 1),
(@OGUID+73, 1732, 36, 1, 1, 0, -127.872, -444.354, 57.161, 0.349066, 0.173648, 0.984808, 900, 1),
(@OGUID+74, 1732, 36, 1, 1, 0, -211.943, -518.46, 52.8603, -2.33874, -0.920505, 0.390732, 900, 1),
(@OGUID+75, 19019, 36, 1, 0, 50007, -214.701, -545.259, 19.3065, -1.37881, -0.636078, 0.771625, 43200, 1),
(@OGUID+76, 123207, 36, 1, 0, 50007, -205.664, -574.581, 20.9987, 1.55334, 0.700908, 0.713252, 43200, 1),
(@OGUID+77, 123210, 36, 1, 0, 50007, -205.805, -583.964, 20.9987, -1.58825, -0.713251, 0.700909, 43200, 1),
(@OGUID+78, 123208, 36, 1, 0, 50007, -210.428, -579.201, 20.9987, 3.12414, 0.999962, 0.0087262, 43200, 1),
(@OGUID+79, 123209, 36, 1, 0, 50007, -201.043, -579.374, 20.9987, -0.017454, -0.00872689, 0.999962, 43200, 1),
(@OGUID+80, 19019, 36, 1, 0, 50007, -170.766, -588.508, 19.3276, 2.77507, 0.983255, 0.182237, 43200, 1),
(@OGUID+81, 75293, 36, 1, 0, 50007, -312.046, -477.501, 49.5979, -1.55334, -0.700908, 0.713252, 5200, 1),
(@OGUID+82, 1731, 36, 1, 1, 0, -286.104, -577.582, 50.9829, -0.069813, -0.0348994, 0.999391, 900, 1),
(@OGUID+83, 123211, 36, 1, 0, 50007, -205.973, -613.262, 19.4004, -0.104719, -0.0523356, 0.99863, 43200, 1),
(@OGUID+84, 123213, 36, 1, 0, 50007, -196.491, -605.381, 19.4004, 1.64061, 0.731354, 0.681998, 43200, 1),
(@OGUID+85, 123212, 36, 1, 0, 50007, -196.417, -610.98, 19.4004, -2.02458, -0.848048, 0.52992, 43200, 1),
(@OGUID+86, 17155, 36, 1, 0, 50007, -106.409, -617.284, 13.8495, -0.767945, -0.374607, 0.927184, 180, 1),
(@OGUID+87, 1732, 36, 1, 1, 0, -106.249, -611.118, 16.6945, 2.25148, 0.902586, 0.430509, 900, 1),
(@OGUID+88, 3705, 36, 1, 0, 50007, -89.3315, -682.574, 7.42373, -2.63545, -0.968148, 0.250379, 180, 1),
(@OGUID+89, 3705, 36, 1, 0, 50007, -43.7597, -733.648, 9.18536, 1.18682, 0.559191, 0.829039, 180, 1),
(@OGUID+90, 19019, 36, 1, 0, 50007, -141.933, -770.301, 2.44696, 0.017453, 0.00872639, 0.999962, 43200, 1),
(@OGUID+91, 75293, 36, 1, 0, 50007, -77.7409, -788.596, 26.1097, 1.16937, 0.551937, 0.833886, 5200, 1),
(@OGUID+92, 144111, 36, 1, 0, 50007, 2.69086, -781.633, 9.76985, 2.33874, 0.920505, 0.390732, 43200, 1),
(@OGUID+93, 3662, 36, 1, 0, 50007, -144.899, -891.56, 4.30954, 1.51844, 0.688356, 0.725373, 180, 1),
(@OGUID+94, 1732, 36, 1, 1, 0, -146.761, -519.81, 55.0914, -0.628319, -0.309017, 0.951056, 900, 1),
(@OGUID+95, 19019, 36, 1, 0, 50007, -236.247, -560.498, 19.3065, -0.401426, -0.199368, 0.979925, 180, 1),
(@OGUID+96, 75293, 36, 1, 0, 50007, -209.206, -602.72, 19.3065, -0.139626, -0.0697563, 0.997564, 5200, 1),
(@OGUID+97, 19019, 36, 1, 0, 50007, -123.418, -705.997, 8.44232, 0.802851, 0.390731, 0.920505, 180, 1),
(@OGUID+98, 75293, 36, 1, 0, 50007, -63.0889, -797.013, 39.0067, 1.55334, 0.700908, 0.713252, 5200, 1),
(@OGUID+99, 3662, 	36, 1, 0, 50007, -103.57, -723.359, 8.49449, 0.698132, 0.34202, 0.939693, 180, 1),
(@OGUID+100, 1731, 	36, 1, 1, 0, -56.9023, -349.056, 57.4095, -1.06465, -0.507538, 0.861629, 900, 1),
(@OGUID+101, 19019, 36, 1, 0, 50007, -200.774, -574.159, 20.9768, 0.767945, 0.374607, 0.927184, 180, 1),
(@OGUID+102, 1732, 	36, 1, 1, 0, -140.057, -602.209, 17.7757, -1.37881, -0.636078, 0.771625, 900, 1),
(@OGUID+103, 75293, 36, 1, 0, 50007, -300.887, -532.542, 49.4236, 0.226893, 0.113203, 0.993572, 5200, 1),
(@OGUID+104, 1731, 	36, 1, 1, 0, -314.51, -592.77, 51.2438, 0.959931, 0.461749, 0.887011, 900, 1),
(@OGUID+105, 19019, 36, 1, 0, 50007, -185.016, -692.186, 8.81941, -1.41372, -0.649449, 0.760405, 180, 1);
