-- Deadmines Dungeon
-- Old version before Cataclysm

-- NPC: 598 Defias Miner
-- NPC: 622 Goblin Engineer
-- NPC: 634 Defias Overseer
-- NPC: 636 Defias Blackguard
-- NPC: 639 Edwin VanCleef
-- NPC: 641 Defias Woodcarver
-- NPC: 642 Sneeds Shredder
-- NPC: 643 Sneed
-- NPC: 644 RhahkZor
-- NPC: 645 Cookie
-- NPC: 646 Mr Smite
-- NPC: 647 Captain Greenskin
-- NPC: 657 Defias Pirate
-- NPC: 1725 Defias Watchman
-- NPC: 1729 Defias Evoker
-- NPC: 1731 Goblin Craftsman
-- NPC: 1732 Defias Squallshaper
-- NPC: 1763 Gildnid
-- NPC: 2520 Remote Controlled Golem
-- NPC: 3450 Defias Companion
-- NPC: 3947 Goblin Shipbuilder
-- NPC: 4416 Defias Strip Miner
-- NPC: 4417 Defias Taskmaster
-- NPC: 4418 Defias Wizzard

-- AT: 6361 Deadmines after cannon door

-- Deadmines Classic Phase
-- Phase 50007 applies Classic Deadmines mobs when instance data DeadminesVersion = 1 (Classic)

DELETE FROM `phase_area` WHERE `PhaseId` = 50007 AND `AreaId` = 1581;
INSERT INTO `phase_area` (`AreaId`, `PhaseId`, `Comment`) VALUES
(1581, 50007, 'Deadmines - Classic Phase');

DELETE FROM `conditions` WHERE `SourceTypeOrReferenceId` = 26 AND `SourceGroup` = 50007 AND `SourceEntry` = 1581;
INSERT INTO `conditions` (`SourceTypeOrReferenceId`, `SourceGroup`, `SourceEntry`, `SourceId`, `ElseGroup`, `ConditionTypeOrReference`, `ConditionTarget`, `ConditionValue1`, `ConditionValue2`, `ConditionValue3`, `ConditionStringValue1`, `NegativeCondition`, `Comment`) VALUES
(26, 50007, 1581, 0, 0, 13, 0, 1000, 1, 0, '', 0, 'Deadmines - Apply phase 50007 if instance data DeadminesVersion = 1 (Classic)');

UPDATE `instance_template` SET `script` = 'custom_instance_deadmines' WHERE (`map` = '36');

UPDATE `creature_template` SET `ScriptName` = 'npc_defias_blackguard' WHERE `entry` = 636;
UPDATE `creature_template` SET `ScriptName` = 'boss_mr_smite' WHERE `entry` = 646;
UPDATE `creature_template` SET `ScriptName` = 'boss_rhahkzor' WHERE `entry` = 644;
UPDATE `creature_template` SET `ScriptName` = 'boss_sneed' WHERE `entry` = 643;
UPDATE `creature_template` SET `ScriptName` = 'boss_gilnid' WHERE `entry` = 1763;

UPDATE `creature_template_addon` SET `auras` = '6408' WHERE `entry` = 636; -- Defias Blackguard Faded aura


DELETE FROM `areatrigger_scripts` WHERE `Entry` = 6361;
INSERT INTO `areatrigger_scripts` (`Entry`, `ScriptName`) VALUES
(6361, 'deadmines_door_cannon_event_at');

DELETE FROM `creature_template_difficulty` WHERE `entry` IN (598,622,634,636,639,641,642,643,644,645,646,647,657,1725,1729,1731,1732,1763,2520,3450,3947,
4416,4417,4418);
INSERT INTO `creature_template_difficulty` VALUES
(598, 1, 0, 0, 202, 0, 1, 1, 1, 1.7, 409, 2097224, 0, 0, 598, 598, 0, 7, 54, 524288, 0, 0, 0, 0, 0, 0, 0, -1), -- Defias Miner
(622, 1, 0, 0, 202, 0, 4, 1, 1, 1.7, 431, 2097224, 0, 0, 622, 622, 0, 87, 178, 524288, 0, 0, 0, 0, 0, 0, 0, -1), -- Goblin Engineer
(634, 1, 0, 0, 202, 0, 6, 1, 1, 1.7, 439, 2097224, 0, 0, 634, 634, 0, 26, 158, 524288, 0, 0, 0, 0, 0, 0, 0, -1), -- Defias Overseer
(636, 1, 1, 1, 202, 0, 3, 1, 1, 1.7, 440, 72, 0, 0, 636, 636, 0, 49, 121, 524288, 0, 0, 0, 0, 0, 0, 0, 45338), -- Defias Blackguard
(639, 1, 2, 2, 202, 0, 8, 1, 1, 1.7, 442, 0, 0, 0, 639, 639, 0, 51, 421, 268435456, 0, 0, 0, 0, 0, 0, 0, -1), -- Edwin VanCleef
(641, 1, 0, 0, 202, 0, 5, 1, 1, 1.7, 443, 2097224, 0, 0, 641, 641, 0, 32, 161, 524288, 0, 0, 0, 0, 0, 0, 0, -1), -- Defias Woodcarver
(642, 1, 0, 0, 202, 0, 25, 1, 1, 1.7, 444, 2097256, 128, 0, 642, 0, 0, 159, 262, 0, 0, 0, 0, 0, 0, 0, 0, -1), -- Sneeds Shredder
(643, 1, 0, 0, 202, 0, 5, 1, 1, 7.5, 445, 2097256, 128, 0, 643, 643, 0, 137, 184, 524288, 0, 0, 0, 0, 0, 0, 0, -1), -- Sneed
(644, 1, 0, 0, 202, 0, 25, 1, 1, 1.7, 446, 2097256, 128, 0, 644, 644, 0, 108, 298, 524288, 0, 0, 0, 0, 0, 0, 0, -1), -- RhahkZor
(645, 1, 2, 2, 202, 0, 6, 1, 1, 1.7, 447, 0, 0, 0, 645, 645, 0, 58, 212, 268959744, 0, 0, 0, 0, 0, 0, 0, 45338), -- Cookie
(646, 1, 2, 2, 202, 0, 8, 1, 1, 1.7, 448, 0, 0, 0, 646, 646, 0, 69, 267, 524288, 0, 0, 0, 0, 0, 0, 0, 45338), -- Mr Smite
(647, 1, 2, 2, 202, 0, 6, 1, 1, 1.7, 449, 0, 0, 0, 647, 647, 0, 76, 212, 524288, 0, 0, 0, 0, 0, 0, 0, 45338), -- Captain Greenskin
(657, 1, 1, 1, 202, 0, 3, 1, 1, 1.7, 457, 0, 0, 0, 657, 657, 0, 44, 196, 524288, 0, 0, 0, 0, 0, 0, 0, 45338), -- Defias Pirate
(1725, 1, 0, 0, 202, 0, 1, 1, 1, 1.7, 1416, 0, 0, 0, 1725, 1725, 0, 34, 103, 268959744, 0, 0, 0, 0, 0, 0, 0, -1), -- Defias Watchman
(1729, 1, 0, 0, 202, 0, 4.6, 0.7264, 1, 1.7, 1419, 2097224, 0, 0, 1729, 1729, 0, 23, 156, 268959744, 0, 0, 0, 0, 0, 0, 0, -1), -- Defias Evoker
(1731, 1, 0, 0, 202, 0, 5, 1, 1, 1.7, 1421, 2097224, 0, 0, 1731, 1731, 0, 41, 174, 524288, 0, 0, 0, 0, 0, 0, 0, -1), -- Goblin Craftsman
(1732, 1, 1, 1, 202, 0, 3, 0.7871, 1, 1.7, 1422, 0, 0, 0, 1732, 1732, 0, 30, 156, 524288, 0, 0, 0, 0, 0, 0, 0, 45338), -- Defias Squallshaper
(1763, 1, 0, 0, 202, 0, 25, 1, 1, 1.7, 1452, 2097256, 128, 0, 1763, 1763, 0, 76, 217, 524288, 0, 0, 0, 0, 0, 0, 0, -1), -- Gildnid
(2520, 1, 0, 0, 202, 0, 3, 1, 1, 1, 2117, 2097224, 0, 0, 0, 0, 0, 0, 0, 0, 0, 0, 0, 0, 0, 0, 0, 0), -- Remote Controlled Golem
(3450, 1, 0, 0, 202, 0, 2.5, 1, 1, 1, 2992, 2097224, 0, 0, 0, 0, 0, 0, 0, 0, 0, 0, 0, 0, 0, 0, 0, 0), -- Defias Companion
(3947, 1, 1, 1, 202, 0, 3, 1, 1, 1.7, 3440, 0, 0, 0, 3947, 3947, 0, 89, 194, 524288, 0, 0, 0, 0, 0, 0, 0, 45338), -- Goblin Shipbuilder
(4416, 1, 0, 0, 202, 0, 4, 1, 1, 1.7, 3873, 2097224, 0, 0, 4416, 4416, 0, 8, 56, 524288, 0, 0, 0, 0, 0, 0, 0, -1), -- Defias Strip Miner
(4417, 1, 0, 0, 202, 0, 6, 1, 1, 1.7, 3874, 2097224, 0, 0, 4417, 4417, 0, 66, 171, 524288, 0, 0, 0, 0, 0, 0, 0, -1), -- Defias Taskmaster
(4418, 1, 0, 0, 202, 0, 5, 0.7871, 1, 1.7, 3875, 2097224, 0, 0, 4418, 4418, 0, 79, 169, 268959744, 0, 0, 0, 0, 0, 0, 0, -1); -- Defias Wizzard

-- Defias Cannon Event
UPDATE `gameobject_template` SET `ScriptName` = 'go_defias_cannon' WHERE (`entry` = 442661); -- Defias Cannon (new)
UPDATE `gameobject` SET `id` = 442661, `phaseUseFlags` = 1 WHERE (`guid` = 235341); -- Defias Cannon (new) replacing 16398 and making it visible for all phases

UPDATE `gameobject_template` SET `Data1` = 17155 WHERE `entry` = 17155; -- Defias Gunpowder Loot id
UPDATE `gameobject` SET `phaseUseFlags` = 1 WHERE `guid` = 400647; -- make the entrance portal visible for all phases
UPDATE `gameobject` SET `phaseUseFlags` = 1 WHERE `guid` = 235362; -- make iron clad door visible for all phases
UPDATE `gameobject` SET `phaseUseFlags` = 1 WHERE `guid` = 235298; -- make iron clad lever visible for all phases

DELETE FROM `gameobject_loot_template` WHERE `Entry` = 17155;
INSERT INTO `gameobject_loot_template` (`Entry`, `ItemType`, `Item`, `Chance`, `LootMode`, `MinCount`, `MaxCount`, `Comment`) VALUES
(17155, 0, 221485, 100, 1, 1, 1, 'Deadmines - Defias Gunpowder'); -- Defias Gunpowder

-- Creature Texts
DELETE FROM `creature_text` WHERE `CreatureID` = 646; -- Mr Smite
INSERT INTO `creature_text` (`CreatureID`, `GroupID`, `ID`, `Text`, `Type`, `Language`, `Probability`, `Sound`, `BroadcastTextId`, `TextRange`, `comment`) VALUES 
(646, 0, 0, 'You there! Check out that noise!', 14, 7, 100, 5775, 1148, 255, 'Mr Smite to Player'),
(646, 1, 0, 'We''re under attack! Avast, ye swabs! Repel the invaders!', 14, 7, 100, 5777, 1149, 255, 'Mr Smite to Player'),
(646, 2, 0, 'You landlubbers are tougher than I thought! I''ll have to improvise!', 14, 7, 100, 5778, 1344, 100, 'Mr Smite to Player'),
(646, 3, 0, 'D''ah! Now you''re making me angry!', 14, 7, 100, 5779, 1345, 100, 'Mr Smite to Player');


DELETE FROM `waypoint_path`
WHERE `PathId` IN (
    63400, 63401, 63402, 63403, 63404, 63405, 63406, 63407,
    64200, 64400, 64500, 64700, 65700,
    172900, 172901, 172902, 172903, 172904,
    173200, 173201, 173202, 173203, 173204, 173205, 173206,
    441700
);

INSERT INTO `waypoint_path` (`PathId`, `MoveType`, `Flags`, `Velocity`, `Comment`) VALUES
(63400, 0, 0, 0, 'Classic Deadmines Path'),
(63401, 0, 0, 0, 'Classic Deadmines Path'),
(63402, 0, 0, 0, 'Classic Deadmines Path'),
(63403, 0, 0, 0, 'Classic Deadmines Path'),
(63404, 0, 0, 0, 'Classic Deadmines Path'),
(63405, 0, 0, 0, 'Classic Deadmines Path'),
(63406, 0, 0, 0, 'Classic Deadmines Path'),
(63407, 0, 0, 0, 'Classic Deadmines Path'),
(64200, 0, 0, 0, 'Classic Deadmines Path'),
(64400, 0, 0, 0, 'Classic Deadmines Path'),
(64500, 0, 0, 0, 'Classic Deadmines Path'),
(64700, 0, 0, 0, 'Classic Deadmines Path'),
(65700, 0, 0, 0, 'Classic Deadmines Path'),
(172900, 0, 0, 0, 'Classic Deadmines Path'),
(172901, 0, 0, 0, 'Classic Deadmines Path'),
(172902, 0, 0, 0, 'Classic Deadmines Path'),
(172903, 0, 0, 0, 'Classic Deadmines Path'),
(172904, 0, 0, 0, 'Classic Deadmines Path'),
(173200, 0, 0, 0, 'Classic Deadmines Path'),
(173201, 0, 0, 0, 'Classic Deadmines Path'),
(173202, 0, 0, 0, 'Classic Deadmines Path'),
(173203, 0, 0, 0, 'Classic Deadmines Path'),
(173204, 0, 0, 0, 'Classic Deadmines Path'),
(173205, 0, 0, 0, 'Classic Deadmines Path'),
(173206, 0, 0, 0, 'Classic Deadmines Path'),
(441700, 0, 0, 0, 'Classic Deadmines Path');


DELETE FROM `waypoint_path_node` WHERE `PathId` IN (63400, 63401, 63402, 63403, 63404, 63405, 63406, 63407, 64200, 64400, 64500, 64700, 65700, 172900, 172901, 172902, 172903, 172904, 173200, 173201, 173202, 173203, 173204, 173205, 173206, 441700);
INSERT INTO `waypoint_path_node` (`PathId`, `NodeId`, `PositionX`, `PositionY`, `PositionZ`, `Delay`) VALUES
(172900, 1, -58.1086, -394.012, 54.3026, 0),
(172900, 2, -55.9432, -400.184, 54.5487, 0),
(172900, 3, -67.441, -401.846, 54.3231, 0),
(172900, 4, -65.5066, -395.733, 54.4282, 0),
(172900, 5, -59.4698, -391.136, 53.7281, 0),
(172900, 6, -57.744, -386.926, 53.9151, 0),
(172900, 7, -57.6061, -381.321, 54.0338, 0),
(172900, 8, -68.0747, -382.217, 53.8005, 0),
(172900, 9, -75.5928, -378.18, 55.1468, 0),
(172900, 10, -87.6686, -376.04, 57.5502, 0),
(172900, 11, -97.0305, -377.378, 58.0518, 0),
(172900, 12, -103.849, -380.893, 57.4528, 0),
(172900, 13, -94.3324, -377.236, 57.7877, 0),
(172900, 14, -82.0819, -376.835, 56.2085, 0),
(172900, 15, -68.3509, -374.365, 55.0867, 0),
(172900, 16, -60.5492, -376.377, 54.3032, 0),
(172900, 17, -54.3384, -379.355, 54.2581, 0),
(172900, 18, -58.7368, -385.684, 53.8661, 0),
(172900, 19, -57.8513, -390.019, 53.7836, 0),
(63400, 1, -49.1406, -380.152, 54.8732, 0),
(63400, 2, -44.0293, -383.437, 55.5099, 0),
(63400, 3, -48.0472, -391.257, 55.8773, 0),
(63400, 4, -52.4945, -401.038, 55.5619, 0),
(63400, 5, -59.1642, -403.186, 53.9912, 0),
(63400, 6, -69.0763, -401.558, 54.7464, 0),
(63400, 7, -68.6572, -397.85, 55.1056, 0),
(63400, 8, -58.4723, -392.667, 54.1193, 0),
(63400, 9, -53.6889, -382.146, 54.6699, 0),
(63400, 10, -49.8211, -373.639, 55.291, 0),
(63400, 11, -57.1299, -367.638, 55.3325, 0),
(63400, 12, -62.892, -358.569, 54.3333, 0),
(63400, 13, -62.7853, -349.7, 55.955, 0),
(63400, 14, -63.644, -358.635, 54.3321, 0),
(63400, 15, -63.6918, -366.936, 55.0531, 0),
(63400, 16, -68.797, -369.171, 55.6588, 0),
(63400, 17, -75.1762, -373.704, 55.0443, 0),
(63400, 18, -76.815, -378.574, 55.231, 0),
(63400, 19, -67.4685, -383.845, 53.6905, 0),
(63400, 20, -60.7481, -384.712, 53.679, 0),
(63400, 21, -53.467, -377.178, 54.2938, 0),
(63401, 1, -108.408, -401.056, 59.7252, 0),
(63401, 2, -118.798, -408.026, 59.1646, 0),
(63401, 3, -120.495, -414.875, 58.2067, 0),
(63401, 4, -115.331, -424.561, 55.383, 0),
(63401, 5, -107.488, -431.728, 55.1959, 0),
(63401, 6, -114.273, -441.777, 54.9943, 0),
(63401, 7, -119.865, -438.626, 54.718, 0),
(63401, 8, -116.703, -429.971, 54.9343, 0),
(63401, 9, -118.322, -422.801, 55.9285, 0),
(63401, 10, -124.19, -418.18, 57.6147, 0),
(63401, 11, -131.87, -410.675, 57.9201, 0),
(63401, 12, -125.211, -405.184, 58.613, 0),
(63401, 13, -119.058, -408.537, 59.0034, 0),
(64400, 1, -193.304, -440.544, 53.5319, 0),
(64400, 2, -192.834, -435.956, 53.2713, 15000),
(64400, 3, -193.565, -441.151, 53.568, 0),
(64400, 4, -191.926, -453.598, 54.4336, 0),
(64400, 5, -192.789, -447.285, 54.3726, 40000),
(172901, 1, -106.372, -395.356, 57.7169, 0),
(172901, 2, -115.118, -396.449, 56.9909, 0),
(172901, 3, -123.272, -404.099, 58.503, 0),
(172901, 4, -118.284, -393.568, 56.6597, 0),
(172901, 5, -113.248, -383.834, 57.4938, 0),
(172901, 6, -110.754, -376.43, 58.3853, 0),
(172901, 7, -102.981, -375.647, 58.5188, 0),
(172901, 8, -100.981, -385.969, 58.2247, 0),
(172901, 9, -95.2868, -395.073, 59.1373, 0),
(172901, 10, -91.1278, -400.994, 58.2928, 0),
(63402, 1, -94.8127, -396.214, 58.8776, 0),
(63402, 2, -103.299, -389.301, 57.3192, 0),
(63402, 3, -107.61, -382.619, 56.955, 0),
(63402, 4, -122.753, -383.213, 59.2935, 0),
(63402, 5, -125.399, -390.451, 58.8986, 0),
(63402, 6, -130, -398.722, 59.154, 0),
(63402, 7, -125.478, -403.119, 58.6467, 0),
(63402, 8, -116.097, -397.341, 57.1664, 0),
(63402, 9, -105.905, -394.793, 57.6366, 0),
(63402, 10, -100.374, -398.889, 58.6393, 0),
(63402, 11, -98.5197, -399.054, 58.4361, 0),
(64200, 1, -290.328, -513.814, 49.6385, 5),
(64200, 2, -310.224, -516.112, 54.1499, 0),
(64200, 3, -310.549, -511.603, 55.8203, 5),
(64200, 4, -309.825, -516.189, 54.1282, 3),
(64200, 5, -289.317, -514.282, 49.6165, 5),
(64200, 6, -289.997, -526.829, 49.7045, 3),
(441700, 1, -268.146, -579.628, 50.2867, 0),
(441700, 2, -261.925, -576.253, 50.6762, 0),
(441700, 3, -262.645, -581.918, 50.6558, 0),
(441700, 4, -269.838, -582.501, 49.7938, 0),
(441700, 5, -275.048, -585.149, 50.206, 0),
(441700, 6, -279.743, -591.974, 51.1174, 0),
(441700, 7, -289.329, -599.613, 47.8713, 0),
(441700, 8, -303.126, -591.521, 47.8429, 0),
(441700, 9, -306.46, -600.112, 47.9633, 0),
(441700, 10, -298.557, -600.93, 47.7391, 0),
(441700, 11, -292.697, -604.317, 47.6708, 0),
(441700, 12, -283.382, -600.72, 49.8817, 0),
(441700, 13, -279.163, -589.875, 50.833, 0),
(441700, 14, -271.047, -581.964, 49.9021, 0),
(63403, 1, -208.388, -504.123, 51.6638, 0),
(63403, 2, -216.747, -496.224, 49.2585, 0),
(63403, 3, -223.846, -486.092, 48.5716, 0),
(63403, 4, -235.5, -479.669, 49.2839, 0),
(63403, 5, -255.621, -480.855, 49.444, 0),
(63403, 6, -238.023, -480.745, 49.1653, 0),
(63403, 7, -228.454, -484.15, 48.8135, 0),
(63403, 8, -221.895, -489.782, 48.5886, 0),
(63403, 9, -217.476, -496.934, 49.2432, 0),
(63403, 10, -212.497, -501.494, 51.2166, 0),
(63403, 11, -206.973, -504.283, 51.9107, 0),
(63403, 12, -202.654, -504.281, 52.8393, 0),
(172902, 1, -213.047, -504.664, 50.9039, 0),
(172902, 2, -218.668, -498.713, 49.1948, 0),
(172902, 3, -223.364, -491.597, 48.0883, 0),
(172902, 4, -233.816, -485.034, 48.8204, 0),
(172902, 5, -239.75, -483.76, 49.0921, 0),
(172902, 6, -245.689, -483.842, 49.2077, 0),
(172902, 7, -254.883, -483.617, 49.4456, 0),
(172902, 8, -241.837, -483.706, 48.9397, 0),
(172902, 9, -234.516, -485.182, 48.8104, 0),
(172902, 10, -225.919, -491.995, 47.9344, 0),
(172902, 11, -222.576, -494.121, 48.2125, 0),
(172902, 12, -217.75, -498.868, 49.335, 0),
(172902, 13, -215.491, -502.696, 50.809, 0),
(172902, 14, -209.724, -505.442, 51.3525, 0),
(172902, 15, -201.66, -505.78, 52.8074, 0),
(63404, 1, -181.386, -491.686, 54.0401, 0),
(63404, 2, -180.97, -498.254, 53.4632, 0),
(63404, 3, -183.791, -502.539, 53.3808, 0),
(63404, 4, -193.579, -506.077, 53.1769, 0),
(63404, 5, -193.943, -496.426, 53.2004, 0),
(63404, 6, -192.601, -488.515, 54.0488, 0),
(63404, 7, -187.413, -492.182, 53.5523, 0),
(63405, 1, -178.516, -501.169, 53.9117, 0),
(63405, 2, -170.62, -506.242, 53.6692, 0),
(63405, 3, -159.051, -509.527, 53.3194, 0),
(63405, 4, -155.555, -512.44, 52.9296, 0),
(63405, 5, -153.638, -522.172, 52.0989, 0),
(63405, 6, -156.642, -511.144, 53.1215, 0),
(63405, 7, -163.563, -507.506, 53.2078, 0),
(63405, 8, -170.199, -507.066, 53.6323, 0),
(63405, 9, -177.721, -502.582, 53.9113, 0),
(63405, 10, -185.891, -502.888, 52.9808, 0),
(63405, 11, -192.141, -503.736, 53.1611, 0),
(173200, 1, -95.7338, -697.73, 8.60488, 0),
(173200, 2, -96.7789, -688.803, 8.02651, 0),
(173200, 3, -96.152, -701.601, 8.81298, 0),
(173200, 4, -96.7254, -714.553, 8.68129, 0),
(173200, 5, -97.0199, -721.203, 8.4492, 0),
(173200, 6, -85.5141, -726.596, 8.9113, 0),
(173200, 7, -81.3754, -728.198, 8.96114, 0),
(173200, 8, -92.5992, -723.622, 8.55044, 0),
(173200, 9, -96.1957, -718.586, 8.52734, 0),
(173200, 10, -95.9761, -709.85, 8.78773, 0),
(173201, 1, -74.2432, -730.129, 8.67827, 0),
(173201, 2, -77.1636, -729.474, 8.95225, 0),
(173201, 3, -68.9657, -731.816, 8.11165, 0),
(173201, 4, -58.8156, -731.452, 8.9764, 0),
(173201, 5, -46.8796, -729.33, 9.11806, 0),
(173201, 6, -36.0463, -729.314, 8.83626, 0),
(173201, 7, -23.478, -732.327, 8.36514, 0),
(173201, 8, -16.3456, -736.548, 8.74717, 0),
(173201, 9, -9.58846, -743.481, 8.97899, 0),
(173201, 10, -3.01404, -752.841, 8.79292, 0),
(173201, 11, -12.3875, -740.906, 9.06114, 0),
(173201, 12, -22.1426, -731.855, 8.36183, 0),
(173201, 13, -30.9523, -727.807, 8.45316, 0),
(173201, 14, -43.1824, -726.996, 8.89525, 0),
(173201, 15, -53.4473, -729.108, 9.3, 0),
(173201, 16, -61.0866, -731.592, 8.76967, 0),
(173202, 1, -79.8256, -783.363, 26.461, 0),
(173202, 2, -84.7052, -786.976, 26.2062, 0),
(173202, 3, -98.3674, -791.023, 27.8132, 0),
(173202, 4, -103.96, -792.568, 28.1713, 0),
(173202, 5, -92.1138, -786.301, 27.0584, 0),
(173202, 6, -83.4001, -782.925, 26.476, 0),
(173202, 7, -84.0784, -776.535, 26.7875, 0),
(173202, 8, -88.5902, -777.037, 26.4027, 0),
(173202, 9, -97.0735, -778.529, 22.3356, 0),
(173202, 10, -102.923, -781.45, 22.1074, 0),
(173202, 11, -112.949, -786.457, 17.2807, 0),
(173202, 12, -118.473, -790.736, 17.1538, 0),
(173202, 13, -109.865, -784.406, 18.4495, 0),
(173202, 14, -102.652, -780.832, 22.1535, 0),
(173202, 15, -95.9249, -778.518, 22.3439, 0),
(173202, 16, -86.3046, -776.903, 26.7781, 0),
(173202, 17, -82.7019, -776.492, 26.7884, 0),
(173203, 1, -47.0207, -783.364, 18.4, 0),
(173203, 2, -57.6274, -780.952, 18.0084, 0),
(173203, 3, -67.8561, -779.966, 17.6858, 0),
(173203, 4, -78.7342, -780.823, 17.4011, 0),
(173203, 5, -87.9715, -783.347, 17.2087, 0),
(173203, 6, -99.7804, -787.733, 17.0235, 0),
(173203, 7, -117.292, -795.731, 16.8259, 0),
(173203, 8, -121.205, -790.938, 17.1427, 0),
(173203, 9, -128.615, -793.822, 17.1852, 0),
(173203, 10, -123.136, -796.65, 16.7944, 0),
(173203, 11, -120.107, -799.226, 16.8365, 0),
(173203, 12, -107.485, -791.94, 16.9355, 0),
(173203, 13, -98.2183, -786.068, 17.0327, 0),
(173203, 14, -90.2045, -783.179, 17.1543, 0),
(173203, 15, -82.5683, -782.137, 17.3244, 0),
(173203, 16, -75.9856, -780.132, 17.4616, 0),
(173203, 17, -63.743, -780.858, 17.8108, 0),
(173203, 18, -56.1258, -782.532, 18.0567, 0),
(173204, 1, -120.628, -803.27, 16.9074, 0),
(173204, 2, -108.965, -794.554, 16.9476, 0),
(173204, 3, -98.7241, -790.001, 17.0705, 0),
(173204, 4, -87.8975, -787.106, 17.236, 0),
(173204, 5, -76.0205, -785.218, 17.4743, 0),
(173204, 6, -64.5553, -783.844, 17.7829, 0),
(173204, 7, -53.9866, -784.947, 18.1333, 0),
(173204, 8, -46.1769, -784.534, 18.4305, 0),
(173204, 9, -38.5092, -787.698, 18.7604, 0),
(173204, 10, -31.5202, -795.86, 19.0579, 0),
(173204, 11, -40.4254, -786.469, 18.68, 0),
(173204, 12, -47.8866, -784.107, 18.3624, 0),
(173204, 13, -57.419, -784.738, 18.0015, 0),
(173204, 14, -67.7957, -782.45, 17.6857, 0),
(173204, 15, -84.9486, -784.841, 17.2894, 0),
(173204, 16, -99.947, -789.274, 17.039, 0),
(173204, 17, -111.081, -795.188, 16.9254, 0),
(64700, 1, -83.5775, -833.452, 39.5389, 0),
(64700, 2, -102.49, -824.696, 38.0774, 2),
(64700, 3, -102.277, -814.224, 38.0795, 2),
(64700, 4, -92.37, -808.028, 38.7975, 0),
(64700, 5, -56.0753, -808.808, 41.9326, 2),
(64700, 6, -56.8627, -831.469, 41.896, 3),
(65700, 1, -83.5775, -833.452, 39.5389, 0),
(65700, 2, -102.49, -824.696, 38.0774, 1),
(65700, 3, -102.277, -814.224, 38.0795, 2),
(65700, 4, -92.37, -808.028, 38.7975, 0),
(65700, 5, -56.0753, -808.808, 41.9326, 1),
(65700, 6, -56.8627, -831.469, 41.896, 2),
(173205, 1, -83.5775, -833.452, 39.5389, 0),
(173205, 2, -102.49, -824.696, 38.0774, 1),
(173205, 3, -102.277, -814.224, 38.0795, 2),
(173205, 4, -92.37, -808.028, 38.7975, 0),
(173205, 5, -56.0753, -808.808, 41.9326, 1),
(173205, 6, -56.8627, -831.469, 41.896, 0),
(64500, 1, -109.963, -844.91, 16.9348, 0),
(64500, 2, -86.0507, -855.474, 17.2869, 0),
(64500, 3, -68.76, -857.101, 17.0637, 5),
(64500, 4, -68.6382, -850.139, 16.9405, 3),
(64500, 5, -67.5273, -858.453, 17.1098, 5),
(64500, 6, -41.9185, -853.296, 18.6536, 0),
(64500, 7, -24.0568, -837.525, 19.4777, 0),
(64500, 8, -17.1463, -824.751, 19.8371, 5),
(64500, 9, -25.4848, -840.016, 19.4102, 0),
(64500, 10, -39.2102, -850.76, 18.7589, 0),
(64500, 11, -66.4498, -858.309, 17.1408, 5),
(64500, 12, -68.4815, -848.957, 16.8964, 3),
(64500, 13, -67.1035, -857.074, 17.1128, 5),
(64500, 14, -92.6775, -852.599, 17.1592, 0),
(64500, 15, -113.633, -842.47, 16.9106, 0),
(64500, 16, -124.084, -827.918, 16.894, 5),
(173206, 1, -117.106, -839.009, 16.9045, 0),
(173206, 2, -122.192, -831.302, 16.944, 0),
(173206, 3, -123.001, -826.456, 16.9273, 0),
(173206, 4, -121.999, -834.271, 16.902, 0),
(173206, 5, -115.461, -840.748, 16.9072, 0),
(173206, 6, -101.85, -849.963, 17.0177, 0),
(173206, 7, -87.6209, -854.885, 17.2528, 0),
(173206, 8, -78.4275, -856.52, 17.4395, 0),
(173206, 9, -66.7588, -856.625, 17.1192, 0),
(173206, 10, -56.7404, -856.366, 18.0792, 0),
(173206, 11, -44.1896, -853.147, 18.5486, 0),
(173206, 12, -36.0581, -849.06, 18.9014, 0),
(173206, 13, -28.4667, -841.478, 19.2514, 0),
(173206, 14, -24.0773, -834.352, 19.4557, 0),
(173206, 15, -20.3287, -825.712, 19.6396, 0),
(173206, 16, -25.5192, -835.12, 19.3762, 0),
(173206, 17, -34.3872, -844.244, 18.952, 0),
(173206, 18, -43.7533, -850.723, 18.5518, 0),
(173206, 19, -53.5531, -853.393, 18.1786, 0),
(173206, 20, -67.8261, -854.946, 17.0763, 0),
(173206, 21, -80.7533, -854.221, 17.4013, 0),
(173206, 22, -86.6403, -853.322, 17.2865, 0),
(173206, 23, -100.089, -847.089, 17.0872, 0),
(173206, 24, -107.973, -842.11, 17.019, 0),
(173206, 25, -116.381, -837.35, 16.9481, 0),
(172903, 1, -101.323, -648.082, 6.95428, 0),
(172903, 2, -106.893, -643.256, 8.25241, 0),
(172903, 3, -116.156, -638.283, 10.5795, 0),
(172903, 4, -123.216, -635.846, 12.7492, 0),
(172903, 5, -127.748, -630.052, 13.1721, 0),
(172903, 6, -125.632, -621.187, 12.7552, 0),
(172903, 7, -121.634, -617.784, 13.6787, 0),
(172903, 8, -112.41, -617.57, 13.3277, 0),
(172903, 9, -121.307, -615.05, 14.0148, 0),
(172903, 10, -131.972, -613.742, 13.2048, 0),
(172903, 11, -135.859, -619.815, 14.3729, 0),
(172903, 12, -128.42, -626.904, 13.3199, 0),
(172903, 13, -127.534, -633.981, 12.8688, 0),
(172903, 14, -121.512, -637.325, 12.6194, 0),
(172903, 15, -112.917, -639.004, 10.0211, 0),
(172903, 16, -108.466, -642.414, 8.67491, 0),
(172903, 17, -110.735, -651.05, 7.17773, 0),
(63406, 1, -115.531, -640.289, 10.332, 0),
(63406, 2, -119.61, -637.165, 11.9972, 0),
(63406, 3, -125.722, -634.24, 12.863, 0),
(63406, 4, -129.801, -627.561, 13.2444, 0),
(63406, 5, -131.164, -621.045, 13.0536, 0),
(63406, 6, -130.259, -612.687, 13.65, 0),
(63406, 7, -131.342, -604.735, 15.2594, 0),
(63406, 8, -131.868, -596.116, 16.6263, 0),
(63406, 9, -132.668, -589.162, 18.4356, 0),
(63406, 10, -137.081, -581.72, 17.9692, 0),
(63406, 11, -144.153, -579.298, 18.7887, 0),
(63406, 12, -135.828, -582.273, 18.0063, 0),
(63406, 13, -132.765, -587.922, 18.3614, 0),
(63406, 14, -131.508, -595.588, 16.8821, 0),
(63406, 15, -132.487, -606.489, 14.5759, 0),
(63406, 16, -131.772, -617.091, 13.2291, 0),
(63406, 17, -130.21, -625.345, 13.0998, 0),
(63406, 18, -124.713, -635.075, 12.7965, 0),
(63406, 19, -116.702, -640.322, 10.5276, 0),
(63406, 20, -110.439, -643.186, 9.0142, 0),
(63406, 21, -107.318, -649.43, 6.96608, 0),
(63407, 1, -158.903, -399.895, 56.3324, 0),
(63407, 2, -151.984, -402.043, 56.9471, 0),
(63407, 3, -144.297, -403.96, 57.6147, 0),
(63407, 4, -154.368, -401.496, 56.7647, 0),
(63407, 5, -161.632, -400.326, 56.6994, 0),
(63407, 6, -167.493, -401.874, 57.0191, 0),
(63407, 7, -170.658, -405.778, 57.1812, 0),
(63407, 8, -179.541, -417.187, 55.0673, 0),
(63407, 9, -172.693, -407.324, 56.4777, 0),
(63407, 10, -169.554, -402.835, 57.1019, 0),
(172904, 1, -272.555, -584.816, 50.3737, 0),
(172904, 2, -276.013, -589.511, 50.5626, 0),
(172904, 3, -280.155, -596.561, 50.7085, 0),
(172904, 4, -284.985, -600.429, 49.1995, 0),
(172904, 5, -294.598, -604.058, 47.5833, 0),
(172904, 6, -300.205, -604.022, 47.6767, 0),
(172904, 7, -303.986, -595.353, 48.1082, 0),
(172904, 8, -304.541, -589.661, 47.556, 0),
(172904, 9, -299.254, -582.531, 46.9581, 0),
(172904, 10, -297.696, -577.169, 47.9851, 0),
(172904, 11, -293.229, -569.243, 48.8091, 0),
(172904, 12, -292.196, -562.316, 48.993, 0),
(172904, 13, -292.548, -549.596, 49.4471, 0),
(172904, 14, -292.54, -555.878, 49.4473, 0),
(172904, 15, -294.605, -566.301, 48.6513, 0),
(172904, 16, -297.839, -573.818, 48.18, 0),
(172904, 17, -304.166, -583.905, 48.0411, 0),
(172904, 18, -307.088, -591.915, 47.7115, 0),
(172904, 19, -304.936, -599.439, 48.0508, 0),
(172904, 20, -299.129, -602.931, 47.6307, 0),
(172904, 21, -287.287, -601.839, 48.4487, 0),
(172904, 22, -283.396, -599.706, 49.8093, 0),
(172904, 23, -279.445, -593.227, 50.9235, 0),
(172904, 24, -274.212, -587.13, 50.5272, 0),
(172904, 25, -268.536, -581.925, 50.0732, 0),
(172904, 26, -261.97, -579.867, 50.5795, 0),
(172904, 27, -256.205, -579.168, 51.1499, 0),
(172904, 28, -264.283, -578.689, 50.5239, 0);
