-- Quest: 29775 The Spirit and Body of Shen-zin Su
-- NPC: 55558 Shu spawn at the Farmstead
-- NPC: 60916 Wugou spawn
-- NPC: 59497 Cart at farmstead
-- NPC: 59496 Spawned Cart at farmstead
-- NPC: 59499 Nourished Yak at farmstead
-- NPC: 59498 Spawned Nourished Yak at farmstead

DELETE FROM `areatrigger_scripts` WHERE `entry` IN (7822);
INSERT INTO `areatrigger_scripts` VALUES (7822, 'at_singing_pools_cart_location');

UPDATE `creature_template` SET `ScriptName` = 'npc_shu_wugou_follower' WHERE `Entry` IN (55558,60916);

UPDATE `creature_template` SET `AIName` = '' WHERE `Entry` IN (59498,59496);
UPDATE `creature_template` SET `VehicleId` = '1944' WHERE (`entry` = '59496');
UPDATE `creature_template` SET `movementId` = 132 WHERE `Entry` = 59498;
UPDATE `creature_template` SET `ScriptName` = 'npc_ox_cart' WHERE `Entry` IN (59498,59496);

DELETE FROM `creature_template_addon` WHERE `entry` IN (57208,57207,57710,57709);
INSERT INTO `creature_template_addon` (`entry`, `PathId`, `mount`, `MountCreatureID`, `StandState`, `AnimTier`, `VisFlags`, `SheathState`, `PvPFlags`, `emote`, `aiAnimKit`, `movementAnimKit`, `meleeAnimKit`, `visibilityDistanceType`, `auras`) VALUES 
('59498', '12', '0', '0', '0', '0', '0', '0', '0', '0', '0', '0', '0', '0', ''), -- 
('59496', '11', '0', '0', '0', '0', '0', '0', '0', '0', '0', '0', '0', '0', '108692');

DELETE FROM `smart_scripts` WHERE `entryorguid` IN (55477) AND `event_type` IN (19);
INSERT INTO `smart_scripts` (`entryorguid`,`source_type`,`id`,`link`,`event_type`,`event_phase_mask`,`event_chance`,`event_flags`,`event_param1`,`event_param2`,`event_param3`,`event_param4`,`event_param5`,`event_param_string`,`action_type`,`action_param1`,`action_param2`,`action_param3`,`action_param4`,`action_param5`,`action_param6`,`target_type`,`target_param1`,`target_param2`,`target_param3`,`target_x`,`target_y`,`target_z`,`target_o`,`comment`) VALUES 
('55477', '0', '4', '0', '19', '0', '100', '0', '29775', '0', '0', '0', '0', '', '134', '104017', '0', '0', '0', '0', '0', '7', '0', '0', '0', '0', '0', '0', '0', 'Ji Firepaw - Quest Accept - Invoker Cast Summon Spirits on player');


DELETE FROM `vehicle_template` WHERE `creatureId` = 59496;
INSERT INTO `vehicle_template` VALUES (59496, 0, NULL,0);

DELETE FROM `waypoint_path` WHERE `PathId` IN (11,12);
INSERT INTO `waypoint_path` (`PathId`, `MoveType`, `Flags`, `Comment`) VALUES
(11,1,0,'Spawned Cart at Farmstead'),
(12,1,0,'Spawned Yak at Farmstead');

DELETE FROM `waypoint_path_node` WHERE `PathId` IN (11,12);
INSERT INTO `waypoint_path_node` (PathId,NodeId,PositionX, PositionY,PositionZ) values
('11', '0', '581.87', '3153.32', '88.284'),
('11', '1', '573.37', '3149.82', '86.534'),
('11', '2', '557.87', '3157.07', '79.284'),
('11', '3', '548.12', '3172.57', '77.534'),
('11', '4', '545.12', '3197.32', '77.284'),
('11', '5', '538.12', '3210.82', '76.284'),
('11', '6', '517.87', '3225.07', '74.534'),
('11', '7', '508.12', '3244.82', '76.534'),
('11', '8', '507.87', '3265.32', '77.784'),
('11', '9', '512.37', '3291.07', '74.534'),
('11', '10', '519.87', '3315.07', '73.534'),
('11', '11', '524.37', '3324.07', '77.784'),
('11', '12', '527.37', '3328.82', '78.284'),
('11', '13', '532.12', '3336.57', '73.784'),
('11', '14', '543.37', '3355.82', '76.784'),
('11', '15', '555.12', '3367.07', '78.534'),
('11', '16', '568.12', '3375.82', '80.534'),
('11', '17', '608.12', '3383.57', '87.034'),
('11', '18', '634.87', '3392.07', '93.034'),
('11', '19', '653.12', '3404.82', '99.034'),
('11', '20', '675.62', '3427.32', '106.784'),
('11', '21', '685.37', '3443.57', '112.034'),
('11', '22', '694.12', '3467.57', '118.034'),
('11', '23', '715.62', '3480.57', '121.534'),
('11', '24', '741.87', '3492.32', '133.784'),
('11', '25', '751.37', '3506.32', '137.784'),
('11', '26', '756.12', '3525.32', '139.284'),
('11', '27', '743.12', '3552.57', '140.534'),
('11', '28', '741.62', '3572.57', '140.784'),
('11', '29', '744.536', '3595.51', '140.547'),
('11', '30', '739.739', '3604.48', '140.749'),
('11', '31', '722.489', '3605.23', '140.749'),
('11', '32', '703.989', '3600.98', '141.999'),
('11', '33', '683.989', '3600.73', '145.999'),
('11', '34', '659.739', '3602.23', '146.999'),
('12', '0', '582.076', '3153.46', '88.2618'),
('12', '1', '573.326', '3149.96', '86.7618'),
('12', '2', '558.076', '3156.96', '79.2618'),
('12', '3', '548.076', '3172.46', '77.5118'),
('12', '4', '545.076', '3197.46', '77.5118'),
('12', '5', '538.076', '3210.71', '76.5118'),
('12', '6', '517.826', '3224.96', '74.5118'),
('12', '7', '508.076', '3244.71', '76.5118'),
('12', '8', '508.076', '3265.46', '77.7618'),
('12', '9', '512.326', '3291.21', '74.5118'),
('12', '10', '520.076', '3315.21', '73.5118'),
('12', '11', '524.326', '3323.96', '77.7618'),
('12', '12', '527.326', '3328.71', '78.2618'),
('12', '13', '532.076', '3336.46', '73.7618'),
('12', '14', '543.576', '3355.71', '76.7618'),
('12', '15', '555.076', '3366.96', '78.5118'),
('12', '16', '568.326', '3375.71', '80.5118'),
('12', '17', '608.076', '3383.46', '87.0118'),
('12', '18', '635.076', '3392.21', '93.2618'),
('12', '19', '653.076', '3404.96', '99.0118'),
('12', '20', '675.576', '3427.21', '106.762'),
('12', '21', '685.326', '3443.71', '112.012'),
('12', '22', '694.076', '3467.46', '118.012'),
('12', '23', '715.576', '3480.71', '121.512'),
('12', '24', '741.826', '3492.21', '133.762'),
('12', '25', '751.326', '3506.46', '137.762'),
('12', '26', '756.076', '3525.21', '139.262'),
('12', '27', '743.076', '3552.71', '140.512'),
('12', '28', '741.576', '3572.46', '140.762'),
('12', '29', '744.536', '3595.51', '140.547'),
('12', '30', '739.761', '3604.38', '140.749'),
('12', '31', '722.511', '3605.13', '140.749'),
('12', '32', '704.011', '3600.88', '141.999'),
('12', '33', '684.011', '3600.88', '145.999'),
('12', '34', '659.761', '3602.38', '146.999');
