-- NPC: 56012 Elder Shaopai at temple
-- NPC: 57622 Lien-Hua
-- NPC: 65047 Yi
-- NPC: 65049 Er
-- NPC: 65050 San
-- NPC: 65052 Shi
-- NPC: 65053 Bai Hua
-- NPC: 65073 Naira Watergarden
-- NPC: 65087 Trader Feng
-- NPC: 59960 Ji at the Gate
-- NPC: 59962 Aysa at the Gate
-- NPC: 59963 Jojo at the Gate
-- NPC: 66690 Lamplighter Mu
-- NPC: 65084 Crimson Butterfly
-- NPC: 65077 Groundskeeper Amalia
-- NPC: 65088 Groundskeeper Shen
-- NPC: 65035 Summer Lily
-- NPC: 60260 Jie
-- NPC: 65039 Eng Dirtplow
-- NPC: 60259 Kong
-- NPC: 65042 Shun the Serene
-- NPC: 65085 Jin
-- NPC: 65086 Da Na
-- NPC: 65045 Gao Longwagon
-- NPC: 65044 Gan Darkcask
-- NPC: 65040 Apothecary Jung

DELETE FROM `creature_template_addon` WHERE `entry` IN (66690,57622, 65052, 56012, 65053, 65050, 65049, 65047,65073, 65087, 59960, 59963, 59962,65084,65077,65035,60260,
65039,65042,60259,65085,65086,65045,65044,65088,59986,59988,59989,65037,66689,66691,66692,65040,65083);
INSERT INTO `creature_template_addon` (`entry`, `PathId`, `mount`, `MountCreatureId`, `StandState`, `AnimTier`, `VisFlags`, `SheathState`, `PvPFlags`, `emote`, `aiAnimKit`, `movementAnimKit`, `meleeAnimKit`, `visibilityDistanceType`, `auras`) VALUES 
(66689, 0, 0, 0, 0, 0, 0, 1, 0, 0, 0, 0, 0, 0, ''),
(66691, 0, 0, 0, 1, 0, 0, 1, 0, 0, 0, 0, 0, 0, ''),
(66692, 0, 0, 0, 1, 0, 0, 1, 0, 0, 0, 0, 0, 0, ''),
(65037, 6503700, 0, 0, 0, 0, 0, 1, 0, 0, 0, 0, 0, 0, ''),
(59986, 0, 0, 0, 0, 0, 0, 1, 0, 0, 0, 0, 0, 0, '115352'),
(59988, 0, 0, 0, 0, 0, 0, 1, 0, 0, 0, 0, 0, 0, '115353'),
(59989, 0, 0, 0, 0, 0, 0, 1, 0, 0, 0, 0, 0, 0, '115354'),
(56012, 0, 0, 0, 0, 0, 1, 1, 0, 0, 0, 0, 0, 0, '60921'),
(65050, 0, 0, 0, 0, 0, 0, 1, 0, 0, 0, 0, 0, 0, ''),
(65052, 0, 0, 0, 0, 0, 0, 1, 0, 0, 0, 0, 0, 0, ''),
(65053, 6505300, 0, 0, 0, 0, 0, 1, 0, 0, 0, 0, 0, 0, ''),
(65049, 6504900, 0, 0, 0, 0, 0, 1, 0, 0, 0, 0, 0, 0, ''),
(65047, 6504700, 0, 0, 0, 0, 0, 1, 0, 0, 0, 0, 0, 0, ''),
(65073, 0, 0, 0, 1, 0, 0, 1, 0, 0, 0, 0, 0, 0, ''),
(57622, 0, 0, 0, 0, 0, 0, 1, 0, 0, 0, 0, 0, 0, ''),
(65087, 6508700, 0, 0, 0, 0, 0, 1, 0, 0, 0, 0, 0, 0, ''),
(59960, 0, 0, 0, 0, 0, 0, 1, 0, 0, 0, 0, 0, 0, ''),
(59962, 0, 0, 0, 0, 0, 0, 1, 0, 0, 0, 0, 0, 0, ''),
(59963, 0, 0, 0, 0, 0, 0, 1, 0, 0, 0, 0, 0, 0, '115672'),
(65088, 6508800, 0, 0, 0, 0, 0, 1, 0, 0, 0, 0, 0, 0, ''),
(60259, 0, 0, 0, 0, 0, 0, 1, 0, 0, 0, 0, 0, 0, ''),
(65042, 0, 0, 0, 8, 0, 0, 1, 0, 0, 0, 0, 0, 0, ''),
(65044, 0, 0, 0, 0, 0, 0, 1, 0, 0, 0, 0, 0, 0, ''),
(65045, 0, 0, 0, 0, 0, 0, 1, 0, 0, 0, 0, 0, 0, ''),
(65085, 0, 0, 0, 0, 0, 0, 1, 0, 0, 0, 0, 0, 0, ''),
(65086, 0, 0, 0, 0, 0, 0, 1, 0, 0, 0, 0, 0, 0, ''),
(65083, 0, 0, 0, 3, 0, 0, 1, 0, 0, 0, 0, 0, 0, ''), -- Foolish Chao
(65040, 0, 0, 0, 0, 0, 0, 1, 0, 0, 0, 0, 0, 0, '110846'), -- Apothecary Jung
(65039, 0, 0, 0, 0, 0, 0, 1, 0, 0, 0, 0, 0, 0, ''), -- Eng Dirtplow
(60260, 6026000, 0, 0, 0, 0, 0, 1, 0, 0, 0, 0, 0, 0, ''), -- Jie
(65035, 6503500, 0, 0, 0, 0, 0, 1, 0, 0, 0, 0, 0, 0, ''), -- Summer Lily
(65077, 6507700, 0, 0, 0, 0, 0, 1, 0, 0, 0, 0, 0, 0, ''), -- Grounds Keeper Amalia
(66690, 6669000, 0, 0, 0, 0, 0, 1, 0, 0, 0, 0, 0, 0, '126968'), -- Lamplighter Mu
(65084, 6508400, 0, 0, 0, 0, 0, 1, 0, 0, 0, 0, 0, 0, ''); -- Crimson Butterfly

DELETE FROM `creature_template_difficulty` WHERE `entry` IN (66690,57622, 65052, 56012, 65053, 65050, 65049, 65047,65073, 65087, 59960, 59963, 59962,65084,65077,65035,60260,
65039,65042,60259,65085,65086,65045,65044,65088,59986,59988,59989,65037,66689,66691,66692,65040,65083);
INSERT INTO `creature_template_difficulty` VALUES
(65083, 0, 0, 0, 80, 4, 1, 1, 1, 0.2, 58481, 0, 0, 0, 0, 0, 0, 0, 0, 268435456, 0, 0, 0, 0, 0, 0, 0, 56647),
(65040, 0, 0, 0, 80, 4, 1, 1, 1, 0.2, 58438, 0, 0, 0, 0, 0, 0, 0, 0, 268435712, 0, 0, 0, 0, 0, 0, 0, 56647),
(66689, 0, 0, 0, 80, 4, 1, 1, 1, 0.2, 60661, 0, 0, 0, 0, 0, 0, 0, 0, 268435456, 0, 33554432, 0, 0, 0, 0, 0, 56647),
(66691, 0, 0, 0, 80, 4, 1, 1, 1, 0.2, 60663, 0, 0, 0, 0, 0, 0, 0, 0, 268435456, 0, 0, 0, 0, 0, 0, 0, 56647),
(66692, 0, 0, 0, 80, 4, 1, 1, 1, 0.2, 60664, 0, 0, 0, 0, 0, 0, 0, 0, 268435456, 0, 0, 0, 0, 0, 0, 0, 56647),
(65037, 0, 0, 0, 80, 4, 1, 1, 1, 0.2, 58435, 0, 0, 0, 0, 0, 0, 0, 0, 268435456, 0, 0, 0, 0, 0, 0, 0, 56647),
(59986, 0, 0, 0, 80, 4, 1, 1, 1, 1, 22185, 0, 0, 0, 0, 0, 0, 0, 0, 268435456, 0, 0, 0, 0, 0, 0, 0, 56647),
(59988, 0, 0, 0, 80, 4, 1, 1, 1, 1, 22180, 0, 0, 0, 0, 0, 0, 0, 0, 268435456, 0, 0, 0, 0, 0, 0, 0, 56647),
(59989, 0, 0, 0, 80, 4, 1, 1, 1, 1, 22179, 0, 0, 0, 0, 0, 0, 0, 0, 268435456, 0, 0, 0, 0, 0, 0, 0, 56647),
(65088, 0, 0, 0, 80, 4, 1, 1, 1, 0.2, 58486, 0, 0, 0, 0, 0, 0, 0, 0, 268435456, 0, 0, 0, 0, 0, 0, 0, 56647),
(60259, 0, -3, -3, 1723, 11, 1, 1, 1, 0.3, 21679, 0, 0, 0, 0, 0, 0, 0, 0, 268435456, 0, 0, 0, 0, 0, 0, 0, 56647),
(65042, 0, 0, 0, 80, 4, 1, 1, 1, 0.2, 58440, 0, 0, 0, 0, 0, 0, 0, 0, 268435456, 0, 0, 0, 0, 0, 0, 0, 56647),
(65044, 0, 0, 0, 80, 4, 1, 1, 1, 0.2, 58442, 0, 0, 0, 0, 0, 0, 0, 0, 268435456, 0, 0, 0, 0, 0, 0, 0, 56647),
(65045, 0, 0, 0, 80, 4, 1, 1, 1, 0.2, 58443, 0, 0, 0, 0, 0, 0, 0, 0, 268435456, 0, 0, 0, 0, 0, 0, 0, 56647),
(65085, 0, 0, 0, 80, 4, 1, 1, 1, 0.2, 58483, 0, 0, 0, 0, 0, 0, 0, 0, 268435456, 0, 0, 0, 0, 0, 0, 0, 56647),
(65086, 0, 0, 0, 80, 4, 1, 1, 1, 0.2, 58484, 0, 0, 0, 0, 0, 0, 0, 0, 268435456, 0, 0, 0, 0, 0, 0, 0, 56647),
(65039, 0, 0, 0, 80, 4, 1, 1, 1, 0.2, 58437, 0, 0, 0, 0, 0, 0, 0, 0, 268435456, 0, 0, 0, 0, 0, 0, 0, 56647),
(60260, 0, -3, -3, 1723, 11, 1, 1, 1, 0.3, 21677, 0, 0, 0, 0, 0, 0, 0, 0, 268435456, 0, 0, 0, 0, 0, 0, 0, 56647),
(65035, 0, 0, 0, 80, 4, 1, 1, 1, 0.2, 58433, 0, 0, 0, 0, 0, 0, 0, 0, 268435456, 0, 0, 0, 0, 0, 0, 0, 56647),
(65077, 0, 0, 0, 80, 4, 1, 1, 1, 0.2, 58475, 0, 0, 0, 0, 0, 0, 0, 0, 268435456, 0, 0, 0, 0, 0, 0, 0, 56647),
(65084, 0, 0, 0, 80, 4, 1, 1, 1, 0.2, 58482, 0, 0, 0, 0, 0, 0, 0, 0, 268435456, 0, 0, 0, 0, 0, 0, 0, 56647),
(56012, 0, 0, 0, 80, 4, 1, 1, 1, 0.2, 28812, 4, 0, 0, 0, 0, 0, 0, 0, 268435456, 0, 0, 0, 0, 0, 0, 0, 56647),
(57622, 0, 0, 0, 80, 4, 1.1, 1, 1, 0.2, 26359, 0, 0, 0, 0, 0, 0, 0, 0, 268435456, 0, 0, 0, 0, 0, 0, 0, 56647),
(59960, 0, 0, 0, 80, 4, 1, 1, 1, 1, 22247, 0, 0, 0, 0, 0, 0, 0, 0, 268435456, 0, 0, 0, 0, 0, 0, 0, 56647),
(59962, 0, 0, 0, 80, 4, 1, 1, 1, 1, 22243, 0, 0, 0, 0, 0, 0, 0, 0, 268435456, 0, 0, 0, 0, 0, 0, 0, 56647),
(59963, 0, 0, 0, 80, 4, 1, 1, 1, 1, 22241, 0, 0, 0, 0, 0, 0, 0, 0, 268435456, 0, 0, 0, 0, 0, 0, 0, 56647),
(65047, 0, 0, 0, 80, 4, 1, 1, 1, 0.2, 58445, 0, 0, 0, 0, 0, 0, 0, 0, 268435456, 0, 0, 0, 0, 0, 0, 0, 56647),
(65049, 0, 0, 0, 80, 4, 1, 1, 1, 0.2, 58447, 0, 0, 0, 0, 0, 0, 0, 0, 268435456, 0, 0, 0, 0, 0, 0, 0, 56647),
(65050, 0, 0, 0, 80, 4, 1, 1, 1, 0.2, 58448, 0, 0, 0, 0, 0, 0, 0, 0, 268435456, 0, 0, 0, 0, 0, 0, 0, 56647),
(65052, 0, 0, 0, 80, 4, 1, 1, 1, 0.2, 58450, 0, 0, 0, 0, 0, 0, 0, 0, 268435456, 0, 0, 0, 0, 0, 0, 0, 56647),
(65053, 0, 0, 0, 80, 4, 1, 1, 1, 0.2, 58451, 0, 0, 0, 0, 0, 0, 0, 0, 268435456, 0, 0, 0, 0, 0, 0, 0, 56647),
(65073, 0, 0, 0, 80, 4, 1, 1, 1, 0.2, 58471, 0, 0, 0, 0, 0, 0, 0, 0, 268435456, 0, 0, 0, 0, 0, 0, 0, 56647),
(65087, 0, 0, 0, 80, 4, 1, 1, 1, 0.2, 58485, 0, 0, 0, 0, 0, 0, 0, 0, 268435456, 0, 0, 0, 0, 0, 0, 0, 56647),
(66690, 0, 0, 0, 80, 4, 1, 1, 1, 0.2, 60662, 0, 0, 0, 0, 0, 0, 0, 0, 268435456, 0, 0, 0, 0, 0, 0, 0, 56647);

UPDATE `creature` SET `MovementType` = 2 WHERE `id` IN (65053,65047,65049,65087,66690,65084,65077,65035,60260,65088,65037,66691,66692);
UPDATE `creature` SET `PhaseId` = 878 WHERE `id` IN (59960, 59963, 59962);

DELETE FROM `creature_formations` WHERE `leaderGUID` IN (451366);
INSERT INTO `creature_formations` (`leaderGUID`, `memberGUID`, `dist`, `angle`, `groupAI`, `point_1`, `point_2`) VALUES
(451366, 451366, 0, 0, 512, 0, 0),
(451366, 451382, 10, 0, 512, 0, 0);

DELETE FROM `npc_vendor` WHERE `entry` IN (57622, 65047, 65049, 65050, 65052, 65053, 65087, 65091);
INSERT INTO `npc_vendor` (entry, slot, item, maxcount, incrtime, ExtendedCost, `type`, BonusListIDs, PlayerConditionID, IgnoreFiltering, VerifiedBuild) VALUES
(65091, 1, 2880, 0, 0, 0, 1, NULL, 0, 0, 63906),
(65091, 2, 2901, 0, 0, 0, 1, NULL, 0, 0, 63906),
(65091, 3, 3466, 0, 0, 0, 1, NULL, 0, 0, 63906),
(65091, 4, 3857, 0, 0, 0, 1, NULL, 0, 0, 63906),
(65091, 5, 5956, 0, 0, 0, 1, NULL, 0, 0, 63906),
(65091, 6, 18567, 0, 0, 0, 1, NULL, 0, 0, 63906),
(65091, 7, 180733, 0, 0, 0, 1, NULL, 0, 0, 63906),
('65052', '1', '74636', '0', '0', '0', '1', NULL, '0', '0', '63906'),
('65052', '2', '81406', '0', '0', '0', '1', NULL, '0', '0', '63906'),
('65052', '3', '81414', '0', '0', '0', '1', NULL, '0', '0', '63906'),
('65053', '1', '159', '0', '0', '0', '1', NULL, '0', '0', '63906'),
('65053', '0', '74636', '0', '0', '0', '1', NULL, '0', '0', '0'),
('65053', '0', '81406', '0', '0', '0', '1', NULL, '0', '0', '0'),
('65053', '0', '81407', '0', '0', '0', '1', NULL, '0', '0', '0'),
('65053', '0', '81414', '0', '0', '0', '1', NULL, '0', '0', '0'),
('65053', '0', '81415', '0', '0', '0', '1', NULL, '0', '0', '0'),
('65053', '2', '90659', '0', '0', '0', '1', NULL, '0', '0', '63906'),
('65053', '3', '90660', '0', '0', '0', '1', NULL, '0', '0', '63906'),
('65050', '1', '117', '0', '0', '0', '1', NULL, '0', '0', '63906'),
('65050', '2', '787', '0', '0', '0', '1', NULL, '0', '0', '63906'),
('65050', '3', '2287', '0', '0', '0', '1', NULL, '0', '0', '63906'),
('65050', '4', '3770', '0', '0', '0', '1', NULL, '0', '0', '63906'),
('65050', '5', '4536', '0', '0', '0', '1', NULL, '0', '0', '63906'),
('65050', '6', '4538', '0', '0', '0', '1', NULL, '0', '0', '63906'),
('65050', '7', '4540', '0', '0', '0', '1', NULL, '0', '0', '63906'),
('65050', '8', '4541', '0', '0', '0', '1', NULL, '0', '0', '63906'),
('65050', '9', '4542', '0', '0', '0', '1', NULL, '0', '0', '63906'),
('65050', '10', '4592', '0', '0', '0', '1', NULL, '0', '0', '63906'),
('65050', '11', '4593', '0', '0', '0', '1', NULL, '0', '0', '63906'),
('65050', '12', '4604', '0', '0', '0', '1', NULL, '0', '0', '63906'),
('65050', '13', '4605', '0', '0', '0', '1', NULL, '0', '0', '63906'),
('65050', '14', '4606', '0', '0', '0', '1', NULL, '0', '0', '63906'),
('65049', '1', '159', '0', '0', '0', '1', NULL, '0', '0', '63906'),
('65049', '2', '90659', '0', '0', '0', '1', NULL, '0', '0', '63906'),
('65049', '3', '90660', '0', '0', '0', '1', NULL, '0', '0', '63906'),
('65047', '1', '117', '0', '0', '0', '1', NULL, '0', '0', '63906'),
('65047', '2', '787', '0', '0', '0', '1', NULL, '0', '0', '63906'),
('65047', '3', '2287', '0', '0', '0', '1', NULL, '0', '0', '63906'),
('65047', '4', '3770', '0', '0', '0', '1', NULL, '0', '0', '63906'),
('65047', '5', '4536', '0', '0', '0', '1', NULL, '0', '0', '63906'),
('65047', '6', '4538', '0', '0', '0', '1', NULL, '0', '0', '63906'),
('65047', '7', '4540', '0', '0', '0', '1', NULL, '0', '0', '63906'),
('65047', '8', '4541', '0', '0', '0', '1', NULL, '0', '0', '63906'),
('65047', '9', '4542', '0', '0', '0', '1', NULL, '0', '0', '63906'),
('65047', '10', '4592', '0', '0', '0', '1', NULL, '0', '0', '63906'),
('65047', '11', '4593', '0', '0', '0', '1', NULL, '0', '0', '63906'),
('65047', '12', '4604', '0', '0', '0', '1', NULL, '0', '0', '63906'),
('65047', '13', '4605', '0', '0', '0', '1', NULL, '0', '0', '63906'),
('65047', '14', '4606', '0', '0', '0', '1', NULL, '0', '0', '63906'),
('57622', '1', '2320', '0', '0', '0', '1', NULL, '0', '0', '63906'),
('57622', '2', '2324', '0', '0', '0', '1', NULL, '0', '0', '63906'),
('57622', '3', '2604', '0', '0', '0', '1', NULL, '0', '0', '63906'),
('57622', '4', '2678', '0', '0', '0', '1', NULL, '0', '0', '63906'),
('57622', '5', '2880', '0', '0', '0', '1', NULL, '0', '0', '63906'),
('57622', '6', '2901', '0', '0', '0', '1', NULL, '0', '0', '63906'),
('57622', '7', '3371', '0', '0', '0', '1', NULL, '0', '0', '63906'),
('57622', '8', '3466', '0', '0', '0', '1', NULL, '0', '0', '63906'),
('57622', '9', '3857', '0', '0', '0', '1', NULL, '0', '0', '63906'),
('57622', '10', '4289', '0', '0', '0', '1', NULL, '0', '0', '63906'),
('57622', '11', '5956', '0', '0', '0', '1', NULL, '0', '0', '63906'),
('57622', '12', '6217', '0', '0', '0', '1', NULL, '0', '0', '63906'),
('57622', '13', '6256', '0', '0', '0', '1', NULL, '0', '0', '63906'),
('57622', '14', '6260', '0', '0', '0', '1', NULL, '0', '0', '63906'),
('57622', '15', '6529', '0', '0', '0', '1', NULL, '0', '0', '63906'),
('57622', '16', '7005', '0', '0', '0', '1', NULL, '0', '0', '63906'),
('57622', '17', '18567', '0', '0', '0', '1', NULL, '0', '0', '63906'),
('57622', '18', '20815', '0', '0', '0', '1', NULL, '0', '0', '63906'),
('57622', '19', '30817', '0', '0', '0', '1', NULL, '0', '0', '63906'),
('57622', '20', '39354', '0', '0', '0', '1', NULL, '0', '0', '63906'),
('57622', '21', '39505', '0', '0', '0', '1', NULL, '0', '0', '63906'),
('57622', '22', '85663', '0', '0', '0', '1', NULL, '0', '0', '63906'),
('57622', '23', '160298', '0', '0', '0', '1', NULL, '0', '0', '63906'),
('57622', '24', '180733', '0', '0', '0', '1', NULL, '0', '0', '63906'),
('65087', '1', '159', '0', '0', '0', '1', NULL, '0', '0', '63906'),
('65087', '2', '4470', '0', '0', '0', '1', NULL, '0', '0', '63906'),
('65087', '3', '4496', '0', '0', '0', '1', NULL, '0', '0', '63906'),
('65087', '4', '4498', '0', '0', '0', '1', NULL, '0', '0', '63906'),
('65087', '5', '4540', '0', '0', '0', '1', NULL, '0', '0', '63906'),
('65087', '6', '5042', '0', '0', '0', '1', NULL, '0', '0', '63906');

DELETE FROM `gameobject_template_addon` WHERE `entry` IN (210964, 210965, 211282,211283,211294);
INSERT INTO `gameobject_template_addon` (entry, faction, flags, mingold, maxgold, artkit0, artkit1, artkit2, artkit3, artkit4, WorldEffectID, AIAnimKitID) VALUES
('210964', '114', '32', '0', '0', '0', '0', '0', '0', '0', '0', '0'),
('211283', '114', '32', '0', '0', '0', '0', '0', '0', '0', '0', '0'),
('210965', '114', '32', '0', '0', '0', '0', '0', '0', '0', '0', '0'),
('211282', '114', '32', '0', '0', '0', '0', '0', '0', '0', '0', '0'),
(211294, 0, 32, 0, 0, 0, 0, 0, 0, 0, 0, 0);

DELETE FROM `gameobject_addon` WHERE `guid` IN (300383, 300683, 300374, 300690);
INSERT INTO `gameobject_addon` (guid, parent_rotation0, parent_rotation1, parent_rotation2, parent_rotation3, invisibilityType, invisibilityValue, WorldEffectID, AIAnimKitID) VALUES
('300383', '0', '0', '0', '1', '37', '100', '0', '0'),
('300683', '0', '0', '0', '1', '36', '100', '0', '0'),
('300374', '0', '0', '0', '1', '35', '100', '0', '0'),
('300690', '0', '0', '0', '1', '34', '100', '0', '0');

UPDATE `creature_template` SET `AIName` = 'SmartAI' WHERE `entry` IN (65044, 65045,65085,65086);
DELETE FROM `smart_scripts` WHERE `entryOrGuid` IN (65044, 65045,65085,65086) AND `source_type` IN (0);
INSERT INTO `smart_scripts` VALUES
(65044, 0, 0, 0, '', 1, 0, 100, 0, 0, 0, 3000, 10000, 0, '', 10, 5, 273, 396, 0, 0, 0, 0, '', 1, 0, 0, 0, 0, '', 0, 0, 0, 0, 'Gan Darkcask - Update OOC - Play Random Emote'),
(65045, 0, 0, 0, '', 1, 0, 100, 0, 3000, 5000, 3000, 10000, 0, '', 10, 5, 273, 396, 0, 0, 0, 0, '', 1, 0, 0, 0, 0, '', 0, 0, 0, 0, 'Gao Longwagon - Update OOC - Play Random Emote'),
(65085, 0, 0, 0, '', 1, 0, 100, 0, 0, 0, 3000, 10000, 0, '', 10, 5, 273, 396, 0, 0, 0, 0, '', 1, 0, 0, 0, 0, '', 0, 0, 0, 0, 'Jin - Update OOC - Play Random Emote'),
(65086, 0, 0, 0, '', 1, 0, 100, 0, 3000, 5000, 3000, 10000, 0, '', 10, 5, 273, 396, 0, 0, 0, 0, '', 1, 0, 0, 0, 0, '', 0, 0, 0, 0, 'Da Na - Update OOC - Play Random Emote');

DELETE FROM `conditions` WHERE `SourceTypeOrReferenceId`=22 AND `SourceEntry` IN (7709, 7710,7714);
DELETE FROM `conditions` WHERE `SourceTypeOrReferenceId`=17 AND `SourceEntry` IN (115446,115447,115334,115336,115338,115435,115493,115494,115495);
DELETE FROM `conditions` WHERE `SourceTypeOrReferenceId`=13 AND `SourceEntry` IN (115332,115335,115337,115345,115346,115420,117973,117497,131505);
INSERT INTO `conditions` (`SourceTypeOrReferenceId`, `SourceGroup`, `SourceEntry`, `SourceId`, `ElseGroup`, `ConditionTypeOrReference`, `ConditionTarget`, `ConditionValue1`, `ConditionValue2`, `ConditionValue3`, `NegativeCondition`, `ErrorType`, `ErrorTextId`, `ScriptName`, `Comment`) VALUES
(22, 1, 7710, 2, 0, 9, 0, 29792, 0, 0, 0, 0, 0, '', 'SAI only when quest taken'),
(22, 1, 7710, 2, 0, 48, 0, 263982, 0, 1, 1, 0, 0, '', 'SAI only when player has not completed quest objective'),
(22, 1, 7709, 2, 0, 48, 0, 263982, 0, 1, 0, 0, 0, '', 'SAI only when player has completed quest objective'),
(22, 1, 7709, 2, 0, 48, 0, 263983, 0, 1, 1, 0, 0, '', 'SAI only when player has not completed quest objective'),
(22, 1, 7714, 2, 0, 47, 0, 29792, 2, 0, 0, 0, 0, '', 'SAI only when quest complete'),
(22, 1, 7714, 2, 0, 1, 0, 115644, 0, 0, 1, 0, 0, '', 'SAI only when player has not aura'),

(17, 0, 115446, 0, 0, 48, 0, 263982, 0, 1, 1, 0, 0, '', 'See Quest Invis 29 only when quest objective not complete'),
(17, 0, 115447, 0, 0, 48, 0, 263982, 0, 1, 0, 0, 0, '', 'See Quest Invis 28 only when quest objective complete'),
(17, 0, 115447, 0, 1, 28, 0, 29792, 0, 0, 0, 0, 0, '', 'See Quest Invis 28 only when quest complete'),
(17, 0, 115447, 0, 2, 8, 0, 29792, 0, 0, 0, 0, 0, '', 'See Quest Invis 28 only when quest rewarded'),
(17, 0, 115334, 0, 0, 29, 0, 59986, 50, 0, 1, 0, 0, '', 'Summon Aysa when Aysa not within 50y'),
(17, 0, 115336, 0, 0, 29, 0, 59988, 50, 0, 1, 0, 0, '', 'Summon Ji when Ji not within 50y'),
(17, 0, 115338, 0, 0, 29, 0, 59989, 50, 0, 1, 0, 0, '', 'Summon Jojo when Jojo not within 50y'),
(17, 0, 115435, 0, 0, 30, 0, 211298, 50, 0, 1, 0, 0, '', 'Summon Pei-Wu Door when Pei-Wu Door not within 50y'),
(17, 0, 115493, 0, 0, 29, 0, 59986, 50, 0, 1, 0, 0, '', 'Summon Aysa when Aysa not within 50y'),
(17, 0, 115494, 0, 0, 29, 0, 59988, 50, 0, 1, 0, 0, '', 'Summon Ji when Ji not within 50y'),
(17, 0, 115495, 0, 0, 29, 0, 59989, 50, 0, 1, 0, 0, '', 'Summon Jojo when Jojo not within 50y'),

(13, 1, 115332, 0, 0, 51, 0, 5, 59962, 0, 0, 0, 0, '', 'Summon Aysa target Aysa Cloudsinger'),
(13, 1, 115335, 0, 0, 51, 0, 5, 59960, 0, 0, 0, 0, '', 'Summon Ji target Ji Firepaw'),
(13, 1, 115337, 0, 0, 51, 0, 5, 59963, 0, 0, 0, 0, '', 'Summon Jojo target Jojo Ironbrow'),
(13, 1, 115345, 0, 0, 51, 0, 5, 59986, 0, 0, 0, 0, '', 'Trigger Mandori Gate NPCs target Aysa Cloudsinger'),
(13, 1, 115345, 0, 1, 51, 0, 5, 59988, 0, 0, 0, 0, '', 'Trigger Mandori Gate NPCs target Ji Firepaw'),
(13, 1, 115345, 0, 2, 51, 0, 5, 59989, 0, 0, 0, 0, '', 'Trigger Mandori Gate NPCs target Jojo Ironbrow'),
(13, 1, 115346, 0, 0, 51, 0, 5, 59986, 0, 0, 0, 0, '', 'Trigger Pei-Wu Gate NPCs target Aysa Cloudsinger'),
(13, 1, 115346, 0, 1, 51, 0, 5, 59988, 0, 0, 0, 0, '', 'Trigger Pei-Wu Gate NPCs target Ji Firepaw'),
(13, 1, 115346, 0, 2, 51, 0, 5, 59989, 0, 0, 0, 0, '', 'Trigger Pei-Wu Gate NPCs target Jojo Ironbrow'),
(13, 1, 115420, 0, 0, 51, 0, 5, 59986, 0, 0, 0, 0, '', 'Trigger Hermit Hut NPCs target Aysa Cloudsinger'),
(13, 1, 115420, 0, 1, 51, 0, 5, 59988, 0, 0, 0, 0, '', 'Trigger Hermit Hut NPCs target Ji Firepaw'),
(13, 1, 115420, 0, 2, 51, 0, 5, 59989, 0, 0, 0, 0, '', 'Trigger Hermit Hut NPCs target Jojo Ironbrow'),
(13, 1, 117973, 0, 0, 51, 0, 5, 55942, 0, 0, 0, 0, '', 'Summon Ji Yuan target Ji Firepaw'),
(13, 1, 117497, 0, 0, 51, 0, 5, 56416, 0, 0, 0, 0, '', 'Summon Aysa Yuan target Aysa Cloudsinger'),
(13, 1, 131505, 0, 0, 51, 0, 6, 0, 0, 0, 0, 0, '', 'Turtle Rumble target player');

DELETE FROM `spell_linked_spell` WHERE `spell_trigger` IN (105151, -105151, 108936, 106494, -128589, 115343, 115351, 115491, -118202);
INSERT INTO `spell_linked_spell` (`spell_trigger`, `spell_effect`, `type`, `comment`) VALUES
(105151, 93425, 0, 'Update Zone Auras'),
(-105151, -108694, 0, 'Remove See Quest Invis 19'),
(108936, 108943, 0, 'Flying Shadow Kick'),
(106494, -106493, 1, 'Remove See Quest Invis 15'),
(-128589, 128588, 0, 'Cast Aysa Congrats Trigger Aura'),
(115343, 115332, 0, 'Summon Aysa'),
(115343, 115335, 0, 'Summon Ji'),
(115343, 115337, 0, 'Summon Jojo'),
(115343, 115426, 0, 'Summon Mandori Door'),
(115351, 115334, 0, 'Summon Aysa'),
(115351, 115336, 0, 'Summon Ji'),
(115351, 115338, 0, 'Summon Jojo'),
(115351, 115435, 0, 'Summon Pei-Wu Door'),
(115491, 115493, 0, 'Summon Aysa'),
(115491, 115494, 0, 'Summon Ji'),
(115491, 115495, 0, 'Summon Jojo'),
(-118202, 117790, 0, 'Start Turtle Healed Scene');

DELETE FROM `areatrigger_scripts` WHERE `entry` IN (7709,7710,7714);
INSERT INTO `areatrigger_scripts` (`entry`, `ScriptName`) VALUES
(7709, 'SmartTrigger'),
(7710, 'SmartTrigger'),
(7714, 'SmartTrigger');

UPDATE `creature_template` SET `ScriptName` = '', `AIName` = 'SmartAI' WHERE `Entry` IN (59986,59988,59989,55943,60042);
DELETE FROM `smart_scripts` WHERE `entryorguid` IN (7710,7709,7714) AND `source_type` IN (2);
DELETE FROM `smart_scripts` WHERE `entryorguid` IN (59986, 5998600, 5998601,5998602,5998603,59988,5998800,5998801,59989,5998900,5998901,55943,60042,6004200) AND `source_type` IN (0,9);
INSERT INTO `smart_scripts` (`entryorguid`, `source_type`, `id`, `link`, `event_type`, `event_phase_mask`, `event_chance`, `event_flags`, `event_param1`, `event_param2`, `event_param3`, `event_param4`, `event_param5`, `action_type`, `action_param1`, `action_param2`, `action_param3`, `action_param4`, `action_param5`, `action_param6`, `target_type`, `target_param1`, `target_param2`, `target_param3`, `target_x`, `target_y`, `target_z`, `target_o`, `comment`) VALUES
-- Trigger 7710 Mandori Village
(7710, 2, 0, 0, 46, 0, 100, 0, 0, 0, 0, 0, 0, 85, 115343, 2, 0, 0, 0, 0, 7, 0, 0, 0, 0, 0, 0, 0, 'On Trigger - Invoker Cast Summon Mandori Gate NPCs'),
-- Aysa Cloudsinger
(59986, 0, 0, 1, 54, 0, 100, 0, 0, 0, 0, 0, 0, 64, 1, 0, 0, 0, 0, 0, 7, 0, 0, 0, 0, 0, 0, 0, 'Aysa Cloudsinger - Just Spawned - Store Target'),
(59986, 0, 1, 0, 61, 0, 100, 0, 0, 0, 0, 0, 0, 22, 1, 0, 0, 0, 0, 0, 1, 0, 0, 0, 0, 0, 0, 0, 'Aysa Cloudsinger - Just Spawned - Set Event Phase 1'),
(59986, 0, 2, 3, 8, 0, 100, 1, 115345, 0, 0, 0, 0, 11, 115442, 2, 0, 0, 0, 0, 23, 0, 0, 0, 0, 0, 0, 0, 'Aysa Cloudsinger - On Spellhit - Cast Mandori Gate Entrance Credit'),
(59986, 0, 3, 4, 61, 0, 100, 1, 0, 0, 0, 0, 0, 1, 0, 1000, 0, 0, 0, 0, 7, 0, 0, 0, 0, 0, 0, 0, 'Aysa Cloudsinger - On Spellhit - Talk'),
(59986, 0, 4, 0, 61, 0, 100, 0, 0, 0, 0, 0, 0, 22, 2, 0, 0, 0, 0, 0, 1, 0, 0, 0, 0, 0, 0, 0, 'Aysa Cloudsinger - On Spellhit - Set Event Phase 2'),
(59986, 0, 5, 6, 52, 0, 100, 0, 0, 59986, 0, 0, 0, 11, 84034, 2, 0, 0, 0, 0, 23, 0, 0, 0, 0, 0, 0, 0, 'Aysa Cloudsinger - On Text Over - Update Zone Auras and Phase Shift (Demon Creator)'),
(59986, 0, 6, 7, 61, 0, 100, 0, 0, 0, 0, 0, 0, 17, 69, 0, 0, 0, 0, 0, 1, 0, 0, 0, 0, 0, 0, 0, 'Aysa Cloudsinger - On Text Over - Set Emote State'),
(59986, 0, 7, 0, 61, 0, 100, 0, 0, 0, 0, 0, 0, 80, 5998600, 2, 0, 0, 0, 0, 1, 0, 0, 0, 0, 0, 0, 0, 'Aysa Cloudsinger - On Text Over - Run Script'),
(5998600, 9, 0, 0, 0, 0, 100, 0, 1500, 1500, 0, 0, 0, 9, 0, 0, 0, 0, 0, 0, 20, 211294, 3, 0, 0, 0, 0, 0, 'Aysa Cloudsinger - Activate Gameobject'),
(5998600, 9, 1, 0, 0, 0, 100, 0, 1000, 1000, 0, 0, 0, 17, 30, 0, 0, 0, 0, 0, 1, 0, 0, 0, 0, 0, 0, 0, 'Aysa Cloudsinger - Set Emote State'),
(5998600, 9, 2, 0, 0, 0, 100, 0, 0, 0, 0, 0, 0, 11, 56913, 2, 0, 0, 0, 0, 1, 0, 0, 0, 0, 0, 0, 0, 'Aysa Cloudsinger - Cast CSA Dummy Effect Self'),
(5998600, 9, 3, 0, 0, 0, 100, 0, 500, 500, 0, 0, 0, 45, 1, 1, 0, 0, 0, 0, 11, 0, 5, 0, 0, 0, 0, 0, 'Aysa Cloudsinger - Set Data'),
(5998600, 9, 4, 0, 0, 0, 100, 0, 0, 0, 0, 0, 0, 53, 1, 5998600, 0, 0, 0, 0, 1, 0, 0, 0, 0, 0, 0, 0, 'Aysa Cloudsinger - Start WP'),
(5998600, 9, 5, 0, 0, 0, 100, 0, 500, 500, 0, 0, 0, 41, 0, 0, 0, 0, 0, 0, 20, 211294, 3, 0, 0, 0, 0, 0, 'Aysa Cloudsinger - Despawn Door'),
(59986, 0, 8, 0, 8, 2, 100, 1, 115346, 0, 0, 0, 0, 22, 3, 0, 0, 0, 0, 0, 1, 0, 0, 0, 0, 0, 0, 0, 'Aysa Cloudsinger - On Spellhit - Set Event Phase 3'),
(59986, 0, 9, 0, 58, 4, 100, 0, 10, 5998600, 0, 0, 0, 80, 5998601, 2, 0, 0, 0, 0, 1, 0, 0, 0, 0, 0, 0, 0, 'Aysa Cloudsinger - On WP Ended - Run Script'),
(59986, 0, 10, 11, 58, 2, 100, 0, 10, 5998600, 0, 0, 0, 66, 0, 0, 0, 0, 0, 0, 8, 0, 0, 0, 0, 0, 0, 3.312493, 'Aysa Cloudsinger - On WP Ended - Set Orientation'),
(59986, 0, 11, 0, 61, 2, 100, 0, 0, 0, 0, 0, 0, 22, 4, 0, 0, 0, 0, 0, 1, 0, 0, 0, 0, 0, 0, 0, 'Aysa Cloudsinger - On WP Ended - Set Event Phase 4'),
(59986, 0, 12, 0, 8, 9, 100, 1, 115346, 0, 0, 0, 0, 80, 5998601, 2, 0, 0, 0, 0, 1, 0, 0, 0, 0, 0, 0, 0, 'Aysa Cloudsinger - On Spellhit - Run Script'),
(5998601, 9, 0, 0, 0, 0, 100, 0, 0, 0, 0, 0, 0, 22, 5, 0, 0, 0, 0, 0, 1, 0, 0, 0, 0, 0, 0, 0, 'Aysa Cloudsinger - Set Event Phase 5'),
(5998601, 9, 1, 0, 0, 0, 100, 0, 0, 0, 0, 0, 0, 66, 0, 0, 0, 0, 0, 0, 8, 0, 0, 0, 0, 0, 0, 3.312493, 'Aysa Cloudsinger - Set Orientation'),
(5998601, 9, 2, 0, 0, 0, 100, 0, 2000, 2000, 0, 0, 0, 59, 0, 0, 0, 0, 0, 0, 1, 0, 0, 0, 0, 0, 0, 0, 'Aysa Cloudsinger - Set Walk'),
(5998601, 9, 3, 0, 0, 0, 100, 0, 0, 0, 0, 0, 0, 69, 20, 0, 0, 0, 0, 0, 8, 0, 0, 0, 568.724, 3584.41, 94.76944, 0, 'Aysa Cloudsinger - Move to Pos'),
(59986, 0, 13, 14, 34, 0, 100, 0, 8, 20, 0, 0, 0, 5, 432, 0, 0, 0, 0, 0, 1, 0, 0, 0, 0, 0, 0, 0, 'Aysa Cloudsinger - On Movement Inform - Play Emote'),
(59986, 0, 14, 0, 61, 0, 100, 0, 0, 0, 0, 0, 0, 80, 5998602, 2, 0, 0, 0, 0, 1, 0, 0, 0, 0, 0, 0, 0, 'Aysa Cloudsinger - On Movement Inform - Run Script'),
(5998602, 9, 0, 0, 0, 0, 100, 0, 2000, 2000, 0, 0, 0, 1, 1, 0, 0, 0, 0, 0, 23, 0, 0, 0, 0, 0, 0, 0, 'Aysa Cloudsinger - Talk'),
(5998602, 9, 1, 0, 0, 0, 100, 0, 2500, 2500, 0, 0, 0, 1, 2, 0, 0, 0, 0, 0, 23, 0, 0, 0, 0, 0, 0, 0, 'Aysa Cloudsinger - Talk'),
(5998602, 9, 2, 0, 0, 0, 100, 0, 2000, 2000, 0, 0, 0, 45, 2, 2, 0, 0, 0, 0, 11, 59988, 10, 0, 0, 0, 0, 0, 'Aysa Cloudsinger - Set Data'),
(59986, 0, 15, 16, 38, 0, 100, 0, 4, 4, 0, 0, 0, 59, 1, 0, 0, 0, 0, 0, 1, 0, 0, 0, 0, 0, 0, 0, 'Aysa Cloudsinger - On Data Set - Set Run'),
(59986, 0, 16, 0, 61, 0, 100, 0, 0, 0, 0, 0, 0, 69, 21, 0, 0, 0, 0, 0, 8, 0, 0, 0, 571.8, 3586.57, 94.82584, 0, 'Aysa Cloudsinger - On Data Set - Move to Pos'),
(59986, 0, 17, 0, 38, 0, 100, 0, 5, 5, 0, 0, 0, 53, 1, 5998601, 0, 0, 0, 0, 1, 0, 0, 0, 0, 0, 0, 0, 'Aysa Cloudsinger - On Data Set - Start WP'),
(59986, 0, 18, 19, 40, 0, 100, 0, 5, 5998601, 0, 0, 0, 54, 1500, 0, 0, 0, 0, 0, 1, 0, 0, 0, 0, 0, 0, 0, 'Aysa Cloudsinger - On WP Reached - Pause WP'),
(59986, 0, 19, 0, 61, 0, 100, 0, 0, 0, 0, 0, 0, 97, 15, 10, 0, 0, 0, 0, 8, 0, 0, 0, 499.3385, 3611.266, 85.44111, 0, 'Aysa Cloudsinger - On WP Reached - Jump to Pos'),
(59986, 0, 20, 0, 8, 16, 100, 1, 115420, 0, 0, 0, 0, 22, 6, 0, 0, 0, 0, 0, 1, 0, 0, 0, 0, 0, 0, 0, 'Aysa Cloudsinger - On Spellhit - Set Event Phase 6'),
(59986, 0, 21, 0, 58, 32, 100, 0, 11, 5998601, 0, 0, 0, 80, 5998603, 2, 0, 0, 0, 0, 1, 0, 0, 0, 0, 0, 0, 0, 'Aysa Cloudsinger - On WP Ended - Run Script'),
(59986, 0, 23, 24, 58, 16, 100, 0, 11, 5998601, 0, 0, 0, 66, 0, 0, 0, 0, 0, 0, 8, 0, 0, 0, 0, 0, 0, 1.751958, 'Aysa Cloudsinger - On WP Ended - Set Orientation'),
(59986, 0, 24, 0, 61, 16, 100, 0, 0, 0, 0, 0, 0, 22, 7, 0, 0, 0, 0, 0, 1, 0, 0, 0, 0, 0, 0, 0, 'Aysa Cloudsinger - On WP Ended - Set Event Phase 7'),
(59986, 0, 25, 0, 8, 65, 100, 1, 115420, 0, 0, 0, 0, 80, 5998603, 2, 0, 0, 0, 0, 1, 0, 0, 0, 0, 0, 0, 0, 'Aysa Cloudsinger - On Spellhit - Run Script'),
(5998603, 9, 0, 0, 0, 0, 100, 0, 0, 0, 0, 0, 0, 66, 0, 0, 0, 0, 0, 0, 8, 0, 0, 0, 0, 0, 0, 1.751958, 'Aysa Cloudsinger - Set Orientation'),
(5998603, 9, 1, 0, 0, 0, 100, 0, 0, 0, 0, 0, 0, 100, 1, 0, 0, 0, 0, 0, 11, 0, 10, 0, 0, 0, 0, 0, 'Aysa Cloudsinger - Send Target'),
(5998603, 9, 2, 0, 0, 0, 100, 0, 0, 0, 0, 0, 0, 45, 6, 1, 0, 0, 0, 0, 11, 60042, 5, 0, 0, 0, 0, 0, 'Aysa Cloudsinger - Set Data'),
(5998603, 9, 3, 0, 0, 0, 100, 0, 26000, 26000, 0, 0, 0, 1, 3, 0, 0, 0, 0, 0, 1, 0, 0, 0, 0, 0, 0, 0, 'Aysa Cloudsinger - Talk'),
(5998603, 9, 4, 0, 0, 0, 100, 0, 8000, 8000, 0, 0, 0, 53, 1, 5998602, 0, 0, 0, 0, 1, 0, 0, 0, 0, 0, 0, 0, 'Aysa Cloudsinger - Start WP'),
(5998603, 9, 5, 0, 0, 0, 100, 0, 1000, 1000, 0, 0, 0, 45, 6, 3, 0, 0, 0, 0, 11, 0, 15, 0, 0, 0, 0, 0, 'Aysa Cloudsinger - Set Data'),
(59986, 0, 26, 27, 40, 0, 100, 0, 2, 5998602, 0, 0, 0, 54, 3000, 0, 0, 0, 0, 0, 1, 0, 0, 0, 0, 0, 0, 0, 'Aysa Cloudsinger - On WP Reached - Pause WP'),
(59986, 0, 27, 0, 61, 0, 100, 0, 0, 0, 0, 0, 0, 97, 15, 15, 0, 0, 0, 0, 8, 0, 0, 0, 424.3941, 3676.559, 78.70142, 0, 'Aysa Cloudsinger - On WP Reached - Jump to Pos'),
(59986, 0, 28, 0, 58, 0, 100, 0, 6, 5998602, 0, 0, 0, 41, 0, 0, 0, 0, 0, 0, 1, 0, 0, 0, 0, 0, 0, 0, 'Aysa Cloudsinger - On WP Ended - Despawn'),
-- Ji Firepaw
(59988, 0, 0, 0, 38, 0, 100, 0, 1, 1, 0, 0, 0, 53, 1, 5998800, 0, 0, 0, 0, 1, 0, 0, 0, 0, 0, 0, 0, 'Ji Firepaw - On Data Set - Start WP'),
(59988, 0, 1, 0, 58, 0, 100, 0, 12, 5998800, 0, 0, 0, 66, 0, 0, 0, 0, 0, 0, 8, 0, 0, 0, 0, 0, 0, 2.556946, 'Ji Firepaw - On WP Ended - Set Orientation'),
(59988, 0, 2, 0, 8, 0, 100, 1, 115346, 0, 0, 0, 0, 66, 0, 0, 0, 0, 0, 0, 8, 0, 0, 0, 0, 0, 0, 2.556946, 'Ji Firepaw - On Spellhit - Set Orientation'),
(59988, 0, 3, 4, 38, 0, 100, 0, 2, 2, 0, 0, 0, 59, 0, 0, 0, 0, 0, 0, 1, 0, 0, 0, 0, 0, 0, 0, 'Ji Firepaw - On Data Set - Set Walk'),
(59988, 0, 4, 5, 61, 0, 100, 0, 0, 0, 0, 0, 0, 1, 0, 0, 0, 0, 0, 0, 23, 0, 0, 0, 0, 0, 0, 0, 'Ji Firepaw - On Data Set - Talk'),
(59988, 0, 5, 0, 61, 0, 100, 0, 0, 0, 0, 0, 0, 69, 20, 0, 0, 0, 0, 0, 8, 0, 0, 0, 569.153, 3582.24, 94.95621, 0, 'Ji Firepaw - On Data Set - Move to Pos'),
(59988, 0, 6, 0, 34, 0, 100, 0, 8, 20, 0, 0, 0, 80, 5998800, 2, 0, 0, 0, 0, 1, 0, 0, 0, 0, 0, 0, 0, 'Ji Firepaw - On Movement Inform - Run Script'),
(5998800, 9, 0, 0, 0, 0, 100, 0, 0, 0, 0, 0, 0, 66, 0, 0, 0, 0, 0, 0, 8, 0, 0, 0, 0, 0, 0, 3.054326, 'Ji Firepaw - Set Orientation'),
(5998800, 9, 1, 0, 0, 0, 100, 0, 0, 0, 0, 0, 0, 17, 433, 0, 0, 0, 0, 0, 1, 0, 0, 0, 0, 0, 0, 0, 'Ji Firepaw - Set Emote State'),
(5998800, 9, 2, 0, 0, 0, 100, 0, 2000, 2000, 0, 0, 0, 1, 1, 0, 0, 0, 0, 0, 23, 0, 0, 0, 0, 0, 0, 0, 'Ji Firepaw - Talk'),
(5998800, 9, 3, 0, 0, 0, 100, 0, 4000, 4000, 0, 0, 0, 137, 15801, 0, 0, 0, 0, 0, 1, 0, 0, 0, 0, 0, 0, 0, 'Ji Firepaw - Play Spell Visual Kit'),
(5998800, 9, 4, 0, 0, 0, 100, 0, 8000, 8000, 0, 0, 0, 45, 3, 3, 0, 0, 0, 0, 11, 59989, 20, 0, 0, 0, 0, 0, 'Ji Firepaw - Set Data'),
(5998800, 9, 5, 0, 0, 0, 100, 0, 0, 0, 0, 0, 0, 59, 1, 0, 0, 0, 0, 0, 1, 0, 0, 0, 0, 0, 0, 0, 'Ji Firepaw - Set Run'),
(59988, 0, 7, 8, 38, 0, 100, 0, 4, 4, 0, 0, 0, 69, 21, 0, 0, 0, 0, 0, 8, 0, 0, 0, 571.661, 3578.93, 94.99271, 0, 'Ji Firepaw - On Data Set - Move to Pos'),
(59988, 0, 8, 0, 61, 0, 100, 0, 0, 0, 0, 0, 0, 17, 30, 0, 0, 0, 0, 0, 1, 0, 0, 0, 0, 0, 0, 0, 'Ji Firepaw - On Data Set - Set Emote State'),
(59988, 0, 9, 10, 38, 0, 100, 0, 5, 5, 0, 0, 0, 1, 2, 0, 0, 0, 0, 0, 1, 0, 0, 0, 0, 0, 0, 0, 'Ji Firepaw - On Data Set - Talk'),
(59988, 0, 10, 0, 61, 0, 100, 0, 0, 0, 0, 0, 0, 53, 1, 5998801, 0, 0, 0, 0, 1, 0, 0, 0, 0, 0, 0, 0, 'Ji Firepaw - On Data Set - Start WP'),
(59988, 0, 11, 0, 58, 0, 100, 0, 9, 5998801, 0, 0, 0, 66, 0, 0, 0, 0, 0, 0, 8, 0, 0, 0, 0, 0, 0, 2.49739, 'Ji Firepaw - On WP Ended - Set Orientation'),
(59988, 0, 12, 0, 8, 0, 100, 1, 115420, 0, 0, 0, 0, 66, 0, 0, 0, 0, 0, 0, 8, 0, 0, 0, 0, 0, 0, 2.513274, 'Ji Firepaw - On Spellhit - Set Orientation'),
(59988, 0, 13, 0, 38, 0, 100, 0, 6, 3, 0, 0, 0, 1, 3, 6000, 0, 0, 0, 0, 23, 0, 0, 0, 0, 0, 0, 0, 'Ji Firepaw - On Data Set - Talk'),
(59988, 0, 14, 15, 52, 0, 100, 0, 3, 59988, 0, 0, 0, 45, 6, 4, 0, 0, 0, 0, 11, 60042, 20, 0, 0, 0, 0, 0, 'Ji Firepaw - On Text Over - Set Data'),
(59988, 0, 15, 0, 61, 0, 100, 0, 0, 0, 0, 0, 0, 80, 5998801, 2, 0, 0, 0, 0, 1, 0, 0, 0, 0, 0, 0, 0, 'Ji Firepaw - On Text Over - Run Script'),
(5998801, 9, 0, 0, 0, 0, 100, 0, 10000, 10000, 0, 0, 0, 1, 4, 0, 0, 0, 0, 0, 23, 0, 0, 0, 0, 0, 0, 0, 'Ji Firepaw - Talk'),
(5998801, 9, 1, 0, 0, 0, 100, 0, 0, 0, 0, 0, 0, 41, 60000, 0, 0, 0, 0, 0, 1, 0, 0, 0, 0, 0, 0, 0, 'Ji Firepaw - Despawn'),
-- Jojo Ironbrow
(59989, 0, 0, 0, 38, 0, 100, 0, 1, 1, 0, 0, 0, 53, 1, 5998900, 0, 0, 0, 0, 1, 0, 0, 0, 0, 0, 0, 0, 'Jojo Ironbrow - On Data Set - Start WP'),
(59989, 0, 1, 2, 58, 0, 100, 0, 12, 5998900, 0, 0, 0, 66, 0, 0, 0, 0, 0, 0, 8, 0, 0, 0, 0, 0, 0, 2.986894, 'Jojo Ironbrow - On WP Ended - Set Orientation'),
(59989, 0, 2, 0, 61, 0, 100, 0, 0, 0, 0, 0, 0, 17, 376, 0, 0, 0, 0, 0, 1, 0, 0, 0, 0, 0, 0, 0, 'Jojo Ironbrow - On WP Ended - Set Emote State'),
(59989, 0, 3, 4, 8, 0, 100, 1, 115346, 0, 0, 0, 0, 66, 0, 0, 0, 0, 0, 0, 8, 0, 0, 0, 0, 0, 0, 2.986894, 'Jojo Ironbrow - On Spellhit - Set Orientation'),
(59989, 0, 4, 0, 61, 0, 100, 1, 0, 0, 0, 0, 0, 17, 376, 0, 0, 0, 0, 0, 1, 0, 0, 0, 0, 0, 0, 0, 'Jojo Ironbrow - On Spellhit - Set Emote State'),
(59989, 0, 5, 6, 38, 0, 100, 0, 3, 3, 0, 0, 0, 5, 15, 0, 0, 0, 0, 0, 1, 0, 0, 0, 0, 0, 0, 0, 'Jojo Ironbrow - On Data Set - Play Emote'),
(59989, 0, 6, 7, 61, 0, 100, 0, 0, 0, 0, 0, 0, 4, 32037, 0, 0, 0, 0, 0, 1, 0, 0, 0, 0, 0, 0, 0, 'Jojo Ironbrow - On Data Set - Play Sound'),
(59989, 0, 7, 0, 61, 0, 100, 0, 0, 0, 0, 0, 0, 80, 5998900, 2, 0, 0, 0, 0, 1, 0, 0, 0, 0, 0, 0, 0, 'Jojo Ironbrow - On Data Set - Run Script'),
(5998900, 9, 0, 0, 0, 0, 100, 0, 1000, 1000, 0, 0, 0, 45, 4, 4, 0, 0, 0, 0, 11, 0, 20, 0, 0, 0, 0, 0, 'Jojo Ironbrow - Set Data'),
(5998900, 9, 1, 0, 0, 0, 100, 0, 0, 0, 0, 0, 0, 59, 1, 0, 0, 0, 0, 0, 1, 0, 0, 0, 0, 0, 0, 0, 'Jojo Ironbrow - Set Run'),
(5998900, 9, 2, 0, 0, 0, 100, 0, 1500, 1500, 0, 0, 0, 11, 115443, 2, 0, 0, 0, 0, 23, 0, 0, 0, 0, 0, 0, 0, 'Jojo Ironbrow - Cast Pei-Wu Gate Entrance Credit'),
(5998900, 9, 3, 0, 0, 0, 100, 0, 0, 0, 0, 0, 0, 11, 84034, 2, 0, 0, 0, 0, 23, 0, 0, 0, 0, 0, 0, 0, 'Jojo Ironbrow - Cast Update Zone Auras and Phase Shift (Demon Creator)'),
(5998900, 9, 4, 0, 0, 0, 100, 0, 0, 0, 0, 0, 0, 69, 20, 0, 0, 0, 0, 0, 8, 0, 0, 0, 569.9028, 3582.063, 95.02676, 0, 'Jojo Ironbrow - Move to Pos'),
(59989, 0, 8, 9, 34, 0, 100, 0, 8, 20, 0, 0, 0, 137, 28180, 0, 0, 0, 0, 0, 1, 0, 0, 0, 0, 0, 0, 0, 'Jojo Ironbrow - On Movement Inform - Play Spell Visual Kit'),
(59989, 0, 9, 0, 61, 0, 100, 0, 0, 0, 0, 0, 0, 80, 5998901, 2, 0, 0, 0, 0, 1, 0, 0, 0, 0, 0, 0, 0, 'Jojo Ironbrow - On Movement Inform - Run Script'),
(5998901, 9, 0, 0, 0, 0, 100, 0, 2500, 2500, 0, 0, 0, 9, 0, 0, 0, 0, 0, 0, 20, 211298, 3, 0, 0, 0, 0, 0, 'Jojo Ironbrow - Activate Gameobject'),
(5998901, 9, 1, 0, 0, 0, 100, 0, 500, 500, 0, 0, 0, 11, 56913, 2, 0, 0, 0, 0, 1, 0, 0, 0, 0, 0, 0, 0, 'Jojo Ironbrow - Cast CSA Dummy Effect Self'),
(5998901, 9, 2, 0, 0, 0, 100, 0, 0, 0, 0, 0, 0, 45, 5, 5, 0, 0, 0, 0, 11, 0, 10, 0, 0, 0, 0, 0, 'Jojo Ironbrow - Set Data'),
(5998901, 9, 3, 0, 0, 0, 100, 0, 0, 0, 0, 0, 0, 53, 1, 5998901, 0, 0, 0, 0, 1, 0, 0, 0, 0, 0, 0, 0, 'Jojo Ironbrow - Start WP'),
(59989, 0, 10, 11, 40, 0, 100, 0, 5, 5998901, 0, 0, 0, 54, 1500, 0, 0, 0, 0, 0, 1, 0, 0, 0, 0, 0, 0, 0, 'Jojo Ironbrow - On WP Reached - Pause WP'),
(59989, 0, 11, 0, 61, 0, 100, 0, 0, 0, 0, 0, 0, 97, 15, 10, 0, 0, 0, 0, 8, 0, 0, 0, 499.5573, 3608.757, 85.59282, 0, 'Jojo Ironbrow - On WP Reached - Jump to Pos'),
(59989, 0, 12, 0, 58, 0, 100, 0, 11, 5998901, 0, 0, 0, 66, 0, 0, 0, 0, 0, 0, 8, 0, 0, 0, 0, 0, 0, 1.091392, 'Jojo Ironbrow - On WP Ended - Set Orientation'),
(59989, 0, 13, 0, 8, 0, 100, 1, 115420, 0, 0, 0, 0, 66, 0, 0, 0, 0, 0, 0, 8, 0, 0, 0, 0, 0, 0, 1.101252, 'Jojo Ironbrow - On Spellhit - Set Orientation'),
(59989, 0, 14, 0, 38, 0, 100, 0, 6, 3, 0, 0, 0, 53, 1, 5998902, 0, 0, 0, 0, 1, 0, 0, 0, 0, 0, 0, 0, 'Jojo Ironbrow - On Data Set - Start WP'),
(59989, 0, 15, 16, 40, 0, 100, 0, 2, 5998902, 0, 0, 0, 54, 3000, 0, 0, 0, 0, 0, 1, 0, 0, 0, 0, 0, 0, 0, 'Jojo Ironbrow - On WP Reached - Pause WP'),
(59989, 0, 16, 0, 61, 0, 100, 0, 0, 0, 0, 0, 0, 97, 15, 15, 0, 0, 0, 0, 8, 0, 0, 0, 418.0573, 3675.714, 80.21563, 0, 'Jojo Ironbrow - On WP Reached - Jump to Pos'),
(59989, 0, 17, 0, 58, 0, 100, 0, 7, 5998902, 0, 0, 0, 41, 0, 0, 0, 0, 0, 0, 1, 0, 0, 0, 0, 0, 0, 0, 'Jojo Ironbrow - On WP Ended - Despawn'),
-- Trigger 7709 Pei-Wu Forest before gate
(7709, 2, 0, 0, 46, 0, 100, 0, 0, 0, 0, 0, 0, 85, 115351, 2, 0, 0, 0, 0, 7, 0, 0, 0, 0, 0, 0, 0, 'On Trigger - Invoker Cast Summon Pei-Wu Gate NPCs'),
-- Trigger 7714 Hermit Hut
(7714, 2, 0, 1, 46, 0, 100, 0, 0, 0, 0, 0, 0, 85, 115491, 2, 0, 0, 0, 0, 7, 0, 0, 0, 0, 0, 0, 0, 'On Trigger - Invoker Cast Summon Hermit Hut NPCs'),
(7714, 2, 1, 0, 61, 0, 100, 0, 0, 0, 0, 0, 0, 85, 115644, 2, 0, 0, 0, 0, 7, 0, 0, 0, 0, 0, 0, 0, 'On Trigger - Invoker Cast CSA Area Trigger Dummy Timer Aura, Self'),
-- Korga Strongmane
(60042, 0, 0, 0, 38, 0, 100, 0, 6, 1, 0, 0, 0, 80, 6004200, 2, 0, 0, 0, 0, 1, 0, 0, 0, 0, 0, 0, 0, 'Korga Strongmane - On Data Set - Run Script'),
(6004200, 9, 0, 0, 0, 0, 100, 0, 0, 0, 0, 0, 0, 1, 0, 0, 0, 0, 0, 0, 12, 1, 0, 0, 0, 0, 0, 0, 'Korga Strongmane - Talk'),
(6004200, 9, 1, 0, 0, 0, 100, 0, 4000, 4000, 0, 0, 0, 45, 6, 2, 0, 0, 0, 0, 11, 55943, 5, 0, 0, 0, 0, 0, 'Korga Strongmane - Set Data'),
(6004200, 9, 2, 0, 0, 0, 100, 0, 10000, 10000, 0, 0, 0, 1, 1, 0, 0, 0, 0, 0, 12, 1, 0, 0, 0, 0, 0, 0, 'Korga Strongmane - Talk'),
(60042, 0, 1, 0, 38, 0, 100, 0, 6, 4, 0, 0, 0, 1, 2, 10000, 0, 0, 0, 0, 12, 1, 0, 0, 0, 0, 0, 0, 'Korga Strongmane - On Data Set - Talk'),
(60042, 0, 2, 3, 19, 0, 100, 0, 30589, 0, 0, 0, 0, 85, 117973, 2, 0, 0, 0, 0, 7, 0, 0, 0, 0, 0, 0, 0, 'Korga Strongmane - On Accepted Quest - Invoker Cast Summon Ji Yuan'),
(60042, 0, 3, 0, 61, 0, 100, 0, 0, 0, 0, 0, 0, 44, 903, 0, 0, 0, 0, 0, 7, 0, 0, 0, 0, 0, 0, 0, 'Korga Strongmane - On Accepted Quest - Remove Phase'),
-- Wei Palerage
(55943, 0, 0, 0, 38, 0, 100, 0, 6, 2, 0, 0, 0, 1, 0, 0, 0, 0, 0, 0, 12, 1, 0, 0, 0, 0, 0, 0, 'Wei Palerage - On Data Set - Talk');

UPDATE `creature_template` SET `ScriptName` = '', `AIName` = 'SmartAI' WHERE `Entry` IN (66689,66691,66692,66690);
DELETE FROM `smart_scripts` WHERE `entryorguid` IN (66689,6668900,6668901,66691,6669100,6669101,66692,6669200,6669201,66690) AND `source_type` IN (0,9);
INSERT INTO `smart_scripts` (`entryorguid`, `source_type`, `id`, `link`, `event_type`, `event_phase_mask`, `event_chance`, `event_flags`, `event_param1`, `event_param2`, `event_param3`, `event_param4`, `event_param5`, `action_type`, `action_param1`, `action_param2`, `action_param3`, `action_param4`, `action_param5`, `action_param6`, `target_type`, `target_param1`, `target_param2`, `target_param3`, `target_x`, `target_y`, `target_z`, `target_o`, `comment`) VALUES
-- Lamplighter Mu
(66690, 0, 0, 0, 40, 0, 100, 0, 62, 6669000, 0, 0, 0, 45, 1, 1, 0, 0, 0, 0, 11, 66689, 20, 0, 0, 0, 0, 0, 'Lamplighter Mu - WP Reached - Set Data'),
-- Mei Chele
(66689, 0, 0, 1, 38, 0, 100, 0, 1, 1, 0, 0, 0, 17, 26, 0, 0, 0, 0, 0, 1, 0, 0, 0, 0, 0, 0, 0, 'Mei Chele - On Data Set - Set Emote State'),
(66689, 0, 1, 0, 61, 0, 100, 0, 0, 0, 0, 0, 0, 53, 0, 6668900, 0, 0, 0, 0, 1, 0, 0, 0, 0, 0, 0, 0, 'Mei Chele - On Data Set - Start WP'),
(66689, 0, 2, 3, 40, 0, 100, 0, 4, 6668900, 0, 0, 0, 54, 3500, 0, 0, 0, 0, 0, 1, 0, 0, 0, 0, 0, 0, 0, 'Mei Chele - WP Reached - Pause WP'),
(66689, 0, 3, 0, 61, 0, 100, 0, 0, 0, 0, 0, 0, 5, 4, 0, 0, 0, 0, 0, 1, 0, 0, 0, 0, 0, 0, 0, 'Mei Chele - WP Reached - Play Emote'),
(66689, 0, 4, 5, 40, 0, 100, 0, 5, 6668900, 0, 0, 0, 54, 19000, 0, 0, 0, 0, 0, 1, 0, 0, 0, 0, 0, 0, 0, 'Mei Chele - WP Reached - Pause WP'),
(66689, 0, 5, 6, 61, 0, 100, 0, 0, 0, 0, 0, 0, 5, 17, 0, 0, 0, 0, 0, 1, 0, 0, 0, 0, 0, 0, 0, 'Mei Chele - WP Reached - Play Emote'),
(66689, 0, 6, 0, 61, 0, 100, 0, 0, 0, 0, 0, 0, 80, 6668900, 0, 0, 0, 0, 0, 1, 0, 0, 0, 0, 0, 0, 0, 'Mei Chele - WP Reached - Run Script'),
(6668900, 9, 0, 0, 0, 0, 100, 0, 3000, 3000, 0, 0, 0, 11, 52148, 0, 0, 0, 0, 0, 1, 0, 0, 0, 0, 0, 0, 0, 'Mei Chele - Cast Cosmetic - Love'),
(6668900, 9, 1, 0, 0, 0, 100, 0, 0, 0, 0, 0, 0, 5, 24, 0, 0, 0, 0, 0, 1, 0, 0, 0, 0, 0, 0, 0, 'Mei Chele - Play Emote'),
(66689, 0, 7, 0, 58, 0, 100, 0, 11, 6668900, 0, 0, 0, 80, 6668901, 0, 0, 0, 0, 0, 1, 0, 0, 0, 0, 0, 0, 0, 'Mei Chele - WP Ended - Run Script'),
(66689, 0, 8, 0, 11, 0, 100, 0, 0, 0, 0, 0, 0, 17, 415, 0, 0, 0, 0, 0, 1, 0, 0, 0, 0, 0, 0, 0, 'Mei Chele - On Respawn - Set Emote State'),
(6668901, 9, 0, 0, 0, 0, 100, 0, 1000, 1000, 0, 0, 0, 66, 0, 0, 0, 0, 0, 0, 8, 0, 0, 0, 0, 0, 0, 5.253441, 'Mei Chele - Set Orientation'),
(6668901, 9, 1, 0, 0, 0, 100, 0, 1000, 1000, 0, 0, 0, 62, 860, 0, 0, 0, 0, 0, 1, 0, 0, 0, 675.2795, 3514.17, 119.6324, 5.694905, 'Mei Chele - Teleport'),
(6668901, 9, 2, 0, 0, 0, 100, 0, 0, 0, 0, 0, 0, 17, 415, 0, 0, 0, 0, 0, 1, 0, 0, 0, 0, 0, 0, 0, 'Mei Chele - Set Emote State'),
-- Azrael
(66691, 0, 0, 0, 11, 0, 100, 0, 0, 0, 0, 0, 0, 53, 0, 6669100, 1, 0, 0, 0, 1, 0, 0, 0, 0, 0, 0, 0, 'Azrael - On Respawn - Start WP'),
(66691, 0, 1, 2, 40, 0, 100, 0, 11, 6669100, 0, 0, 0, 54, 100000, 0, 0, 0, 0, 0, 1, 0, 0, 0, 0, 0, 0, 0, 'Azrael - WP Reached - Pause WP'),
(66691, 0, 2, 0, 61, 0, 100, 0, 0, 0, 0, 0, 0, 80, 6669100, 0, 0, 0, 0, 0, 1, 0, 0, 0, 0, 0, 0, 0, 'Azrael - WP Reached - Run Script'),
(6669100, 9, 0, 0, 0, 0, 100, 0, 0, 0, 0, 0, 0, 66, 0, 0, 0, 0, 0, 0, 8, 0, 0, 0, 0, 0, 0, 0.8028514, 'Azrael - Set Orientation'),
(6669100, 9, 1, 0, 0, 0, 100, 0, 3000, 3000, 0, 0, 0, 97, 10, 5, 0, 0, 0, 0, 8, 0, 0, 0, 673.705, 3510.5, 120.99, 0, 'Azrael - Jump to Pos'),
(6669100, 9, 2, 0, 0, 0, 100, 0, 2000, 2000, 0, 0, 0, 66, 0, 0, 0, 0, 0, 0, 8, 0, 0, 0, 0, 0, 0, 4.380776, 'Azrael - Set Orientation'),
(6669100, 9, 3, 0, 0, 0, 100, 0, 0, 0, 0, 0, 0, 90, 1, 0, 0, 0, 0, 0, 1, 0, 0, 0, 0, 0, 0, 0, 'Azrael - Set Bytes1'),
(6669100, 9, 4, 0, 0, 0, 100, 0, 91000, 91000, 0, 0, 0, 91, 1, 0, 0, 0, 0, 0, 1, 0, 0, 0, 0, 0, 0, 0, 'Azrael - Remove Bytes1'),
(6669100, 9, 5, 0, 0, 0, 100, 0, 2000, 2000, 0, 0, 0, 97, 10, 5, 0, 0, 0, 0, 8, 0, 0, 0, 672.771, 3509.4, 119.632, 0, 'Azrael - Jump to Pos'),
(66691, 0, 3, 4, 40, 0, 100, 0, 12, 6669100, 0, 0, 0, 54, 23000, 0, 0, 0, 0, 0, 1, 0, 0, 0, 0, 0, 0, 0, 'Azrael - WP Reached - Pause WP'),
(66691, 0, 4, 0, 61, 0, 100, 0, 0, 0, 0, 0, 0, 80, 6669101, 0, 0, 0, 0, 0, 1, 0, 0, 0, 0, 0, 0, 0, 'Azrael - WP Reached - Run Script'),
(6669101, 9, 0, 0, 0, 0, 100, 0, 0, 0, 0, 0, 0, 66, 0, 0, 0, 0, 0, 0, 8, 0, 0, 0, 0, 0, 0, 5.707227, 'Azrael - Set Orientation'),
(6669101, 9, 1, 0, 0, 0, 100, 0, 5000, 5000, 0, 0, 0, 90, 1, 0, 0, 0, 0, 0, 1, 0, 0, 0, 0, 0, 0, 0, 'Azrael - Set Bytes1'),
(6669101, 9, 2, 0, 0, 0, 100, 0, 16000, 16000, 0, 0, 0, 91, 1, 0, 0, 0, 0, 0, 1, 0, 0, 0, 0, 0, 0, 0, 'Azrael - Remove Bytes1'),
(6669101, 9, 3, 0, 0, 0, 100, 0, 0, 0, 0, 0, 0, 59, 1, 0, 0, 0, 0, 0, 1, 0, 0, 0, 0, 0, 0, 0, 'Azrael - Set Run'),
(66691, 0, 5, 6, 40, 0, 100, 0, 34, 6669100, 0, 0, 0, 54, 2000, 0, 0, 0, 0, 0, 1, 0, 0, 0, 0, 0, 0, 0, 'Azrael - WP Reached - Pause WP'),
(66691, 0, 6, 0, 61, 0, 100, 0, 0, 0, 0, 0, 0, 59, 0, 0, 0, 0, 0, 0, 1, 0, 0, 0, 0, 0, 0, 0, 'Azrael - WP Reached - Set Run'),
-- Samus
(66692, 0, 0, 0, 11, 0, 100, 0, 0, 0, 0, 0, 0, 53, 0, 6669200, 1, 0, 0, 0, 1, 0, 0, 0, 0, 0, 0, 0, 'Samus - On Respawn - Start WP'),
(66692, 0, 1, 0, 40, 0, 100, 0, 5, 6669200, 0, 0, 0, 54, 4000, 0, 0, 0, 0, 0, 1, 0, 0, 0, 0, 0, 0, 0, 'Samus - WP Reached - Pause WP'),
(66692, 0, 2, 3, 40, 0, 100, 0, 16, 6669200, 0, 0, 0, 54, 72000, 0, 0, 0, 0, 0, 1, 0, 0, 0, 0, 0, 0, 0, 'Samus - WP Reached - Pause WP'),
(66692, 0, 3, 0, 61, 0, 100, 0, 0, 0, 0, 0, 0, 80, 6669200, 0, 0, 0, 0, 0, 1, 0, 0, 0, 0, 0, 0, 0, 'Samus - WP Reached - Run Script'),
(6669200, 9, 0, 0, 0, 0, 100, 0, 0, 0, 0, 0, 0, 97, 10, 5, 0, 0, 0, 0, 8, 0, 0, 0, 689.229, 3506.4, 120.349, 0, 'Samus - Jump to Pos'),
(6669200, 9, 1, 0, 0, 0, 100, 0, 1500, 1500, 0, 0, 0, 97, 10, 5, 0, 0, 0, 0, 8, 0, 0, 0, 688.398, 3505.23, 120.639, 0, 'Samus - Jump to Pos'),
(6669200, 9, 2, 0, 0, 0, 100, 0, 2000, 2000, 0, 0, 0, 90, 1, 0, 0, 0, 0, 0, 1, 0, 0, 0, 0, 0, 0, 0, 'Samus - Set Bytes1'),
(6669200, 9, 3, 0, 0, 0, 100, 0, 2500, 2500, 0, 0, 0, 11, 125567, 0, 0, 0, 0, 0, 1, 0, 0, 0, 0, 0, 0, 0, 'Samus - Cast Cosmetic - Sleep Zzz - Small Zs'),
(6669200, 9, 4, 0, 0, 0, 100, 0, 0, 0, 0, 0, 0, 90, 3, 0, 0, 0, 0, 0, 1, 0, 0, 0, 0, 0, 0, 0, 'Samus - Set Bytes1'),
(6669200, 9, 5, 0, 0, 0, 100, 0, 60000, 60000, 0, 0, 0, 91, 3, 0, 0, 0, 0, 0, 1, 0, 0, 0, 0, 0, 0, 0, 'Samus - Remove Bytes1'),
(6669200, 9, 6, 0, 0, 0, 100, 0, 2500, 2500, 0, 0, 0, 66, 0, 0, 0, 0, 0, 0, 8, 0, 0, 0, 0, 0, 0, 1.064651, 'Samus - Set Orientation'),
(6669200, 9, 7, 0, 0, 0, 100, 0, 1000, 1000, 0, 0, 0, 97, 10, 5, 0, 0, 0, 0, 8, 0, 0, 0, 688.66, 3507.96, 119.347, 0, 'Samus - Jump to Pos'),
(66692, 0, 4, 5, 40, 0, 100, 0, 34, 6669200, 0, 0, 0, 54, 54000, 0, 0, 0, 0, 0, 1, 0, 0, 0, 0, 0, 0, 0, 'Samus - WP Reached - Pause WP'),
(66692, 0, 5, 0, 61, 0, 100, 0, 0, 0, 0, 0, 0, 80, 6669201, 0, 0, 0, 0, 0, 1, 0, 0, 0, 0, 0, 0, 0, 'Samus - WP Reached - Run Script'),
(6669201, 9, 0, 0, 0, 0, 100, 0, 0, 0, 0, 0, 0, 66, 0, 0, 0, 0, 0, 0, 8, 0, 0, 0, 0, 0, 0, 0.3490658, 'Samus - Set Orientation'),
(6669201, 9, 1, 0, 0, 0, 100, 0, 2000, 2000, 0, 0, 0, 97, 10, 5, 0, 0, 0, 0, 8, 0, 0, 0, 681.036, 3513.87, 120.556, 0, 'Samus - Jump to Pos'),
(6669201, 9, 2, 0, 0, 0, 100, 0, 5000, 5000, 0, 0, 0, 28, 125567, 0, 0, 0, 0, 0, 1, 0, 0, 0, 0, 0, 0, 0, 'Samus - Set Orientation'),
(6669201, 9, 3, 0, 0, 0, 100, 0, 5000, 5000, 0, 0, 0, 66, 0, 0, 0, 0, 0, 0, 8, 0, 0, 0, 0, 0, 0, 3.508112, 'Samus - Set Orientation'),
(6669201, 9, 4, 0, 0, 0, 100, 0, 1000, 1000, 0, 0, 0, 90, 1, 0, 0, 0, 0, 0, 1, 0, 0, 0, 0, 0, 0, 0, 'Samus - Set Bytes1'),
(6669201, 9, 5, 0, 0, 0, 100, 0, 38000, 38000, 0, 0, 0, 91, 1, 0, 0, 0, 0, 0, 1, 0, 0, 0, 0, 0, 0, 0, 'Samus - Remove Bytes1'),
(6669201, 9, 6, 0, 0, 0, 100, 0, 1000, 1000, 0, 0, 0, 97, 10, 5, 0, 0, 0, 0, 8, 0, 0, 0, 678.356, 3512.9, 119.632, 0, 'Samus - Jump to Pos');

DELETE FROM `waypoint_path` WHERE `PathId` IN (6669000,6508400,6507700,6503500,6026000,6508800,6503700,6668900,6669200,6669100);
INSERT INTO `waypoint_path` (`PathId`, `MoveType`, `Flags`, `Comment`) VALUES
(6669200,0,0,'The Wandering Isle - Samus'),
(6669100,0,0,'The Wandering Isle - Azrael'),
(6668900,0,0,'The Wandering Isle - Mei Chele'),
(6503700,0,0,'The Wandering Isle - Treeshaper Shu'),
(6669000,0,0,'The Wandering Isle - Lamplighter Mu'),
(6503500,0,0,'The Wandering Isle - Summer Lily'),
(6026000,1,0,'The Wandering Isle - Jie'),
(6507700,0,0,'The Wandering Isle - Groundskeeper Amalia'),
(6508800,0,0,'The Wandering Isle - Groundskeeper Shen'),
(6508400,0,0,'The Wandering Isle - Crimson Butterfly');

DELETE FROM `waypoint_path_node` WHERE `PathId` IN (6669000,6508400,6507700,6503500,6026000,6508800,6503700,6668900,6669200,6669100);
INSERT INTO `waypoint_path_node` (PathId,NodeId,PositionX, PositionY,PositionZ,Orientation,Delay) values
(6669100, 1, 684.247, 3495.97, 119.399, 0, 0),
(6669100, 2, 682.247, 3493.22, 119.149, 0, 0),
(6669100, 3, 678.497, 3491.97, 119.149, 0, 0),
(6669100, 4, 675.997, 3493.47, 119.149, 0, 0),
(6669100, 5, 675.247, 3496.47, 119.149, 0, 0),
(6669100, 6, 676.247, 3499.72, 119.149, 0, 0),
(6669100, 7, 676.747, 3502.97, 119.149, 0, 0),
(6669100, 8, 676.247, 3504.97, 119.399, 0, 0),
(6669100, 9, 675.247, 3507.22, 119.899, 0, 0),
(6669100, 10, 673.747, 3508.22, 119.899, 0, 0),
(6669100, 11, 671.856, 3509.82, 119.632, 0, 0),
(6669100, 12, 669.592, 3511.49, 119.632, 0, 0),
(6669100, 13, 671.365, 3512.05, 119.899, 0, 0),
(6669100, 14, 672.865, 3512.8, 119.899, 0, 0),
(6669100, 15, 674.865, 3513.3, 119.899, 0, 0),
(6669100, 16, 676.865, 3512.55, 119.899, 0, 0),
(6669100, 17, 677.365, 3511.05, 119.899, 0, 0),
(6669100, 18, 676.365, 3508.8, 119.899, 0, 0),
(6669100, 19, 675.865, 3507.3, 119.899, 0, 0),
(6669100, 20, 676.365, 3505.8, 119.899, 0, 0),
(6669100, 21, 677.115, 3503.55, 119.149, 0, 0),
(6669100, 22, 678.115, 3500.3, 119.149, 0, 0),
(6669100, 23, 680.115, 3499.3, 119.149, 0, 0),
(6669100, 24, 682.865, 3499.55, 119.149, 0, 0),
(6669100, 25, 684.615, 3500.05, 119.399, 0, 0),
(6669100, 26, 686.865, 3499.8, 119.899, 0, 0),
(6669100, 27, 688.865, 3499.05, 120.149, 0, 0),
(6669100, 28, 689.615, 3496.8, 120.399, 0, 0),
(6669100, 29, 689.115, 3494.55, 120.399, 0, 0),
(6669100, 30, 688.115, 3492.8, 119.899, 0, 0),
(6669100, 31, 686.115, 3492.05, 119.399, 0, 0),
(6669100, 32, 684.365, 3493.05, 119.399, 0, 0),
(6669100, 33, 684.115, 3495.3, 119.399, 0, 0),
(6669100, 34, 685.137, 3497.61, 119.166, 0, 0),

(6669200, 1, 677.727, 3495.11, 119.174, 0, 0),
(6669200, 2, 672.477, 3494.36, 119.174, 0, 0),
(6669200, 3, 667.727, 3495.11, 119.674, 0, 0),
(6669200, 4, 665.477, 3500.11, 119.424, 0, 0),
(6669200, 5, 664.599, 3507.32, 118.716, 0, 0),
(6669200, 6, 663.179, 3504.82, 119.033, 0, 0),
(6669200, 7, 663.179, 3498.57, 119.783, 0, 0),
(6669200, 8, 666.429, 3493.82, 120.033, 0, 0),
(6669200, 9, 670.429, 3492.82, 119.533, 0, 0),
(6669200, 10, 678.179, 3496.32, 119.033, 0, 0),
(6669200, 11, 683.929, 3502.07, 119.283, 0, 0),
(6669200, 12, 685.429, 3504.57, 119.783, 0, 0),
(6669200, 13, 686.179, 3507.82, 119.283, 0, 0),
(6669200, 14, 687.429, 3509.07, 119.283, 0, 0),
(6669200, 15, 688.679, 3509.07, 119.283, 0, 0),
(6669200, 16, 689.759, 3507.82, 119.349, 0, 0),
(6669200, 17, 686.937, 3512.14, 119.24, 0, 0),
(6669200, 18, 685.687, 3517.14, 119.24, 0, 0),
(6669200, 19, 683.437, 3521.14, 119.24, 0, 0),
(6669200, 20, 680.187, 3522.39, 119.24, 0, 0),
(6669200, 21, 673.687, 3520.89, 119.24, 0, 0),
(6669200, 22, 665.937, 3519.64, 119.74, 0, 0),
(6669200, 23, 661.437, 3517.39, 120.24, 0, 0),
(6669200, 24, 658.437, 3511.14, 119.24, 0, 0),
(6669200, 25, 659.937, 3506.64, 119.24, 0, 0),
(6669200, 26, 664.437, 3497.89, 119.74, 0, 0),
(6669200, 27, 669.937, 3495.39, 119.49, 0, 0),
(6669200, 28, 672.937, 3496.39, 119.24, 0, 0),
(6669200, 29, 675.687, 3499.39, 119.24, 0, 0),
(6669200, 30, 676.687, 3502.64, 119.24, 0, 0),
(6669200, 31, 676.437, 3505.39, 119.49, 0, 0),
(6669200, 32, 676.187, 3508.14, 119.74, 0, 0),
(6669200, 33, 677.187, 3510.64, 119.74, 0, 0),
(6669200, 34, 678.214, 3512.82, 119.632, 0, 0),
(6669200, 35, 677.227, 3512.11, 119.924, 0, 0),
(6669200, 36, 676.977, 3510.36, 119.924, 0, 0),
(6669200, 37, 675.977, 3508.61, 119.924, 0, 0),
(6669200, 38, 675.727, 3506.86, 119.924, 0, 0),
(6669200, 39, 676.977, 3504.11, 119.174, 0, 0),
(6669200, 40, 678.477, 3502.36, 119.174, 0, 0),
(6669200, 41, 680.227, 3501.36, 119.174, 0, 0),
(6669200, 42, 680.977, 3497.36, 119.174, 0, 0),

(6668900, 1, 676.392, 3511.83, 119.891, 0, 0),
(6668900, 2, 676.142, 3509.58, 119.891, 0, 0),
(6668900, 3, 675.642, 3508.08, 119.891, 0, 0),
(6668900, 4, 676.005, 3505.99, 119.648, 0, 0),
(6668900, 5, 677.014, 3502.88, 118.705, 0, 0),
(6668900, 6, 676.183, 3506.31, 119.919, 0, 0),
(6668900, 7, 675.683, 3508.31, 119.919, 0, 0),
(6668900, 8, 676.683, 3509.81, 119.919, 0, 0),
(6668900, 9, 676.933, 3511.31, 119.919, 0, 0),
(6668900, 10, 676.433, 3512.56, 119.919, 0, 0),
(6668900, 11, 675.852, 3513.73, 119.632, 0, 0),


(6503700, 1, 686.575, 3504.63, 119.752, 0.506145, 37000),
(6503700, 2, 689.236, 3503.39, 119.952, 1.53589, 21000),

(6508800, 1, 793.477, 3634.16, 160.511, 0, 0),
(6508800, 2, 790.526, 3638.89, 160.511, 0, 0),
(6508800, 3, 790.696, 3643.55, 160.511, 0, 0),
(6508800, 4, 792.623, 3647.6, 160.511, 5.58505, 20000),
(6508800, 5, 801.7, 3650.89, 160.511, 0, 0),
(6508800, 6, 805.715, 3648.39, 160.517, 3.83972, 17000),
(6508800, 7, 800.203, 3650.99, 160.511, 0, 0),
(6508800, 8, 794.257, 3649.21, 160.511, 0, 0),
(6508800, 9, 791.486, 3645.85, 160.511, 0, 0),
(6508800, 10, 790.759, 3641.23, 160.511, 6.21337, 12000),
(6508800, 11, 793.658, 3634.67, 160.511, 0, 0),
(6508800, 12, 796.741, 3632.88, 160.511, 0, 0),
(6508800, 13, 801.003, 3632.61, 160.511, 1.79769, 16000),

(6026000, 1, 719.37, 3551.98, 141.839, 0, 0),
(6026000, 2, 714.771, 3540.35, 141.816, 0, 0),
(6026000, 3, 717.113, 3526.41, 140.966, 0, 0),
(6026000, 4, 725.613, 3517.18, 140.601, 0, 0),
(6026000, 5, 739.962, 3513.66, 139.624, 0, 0),
(6026000, 6, 744.528, 3501.9, 136.536, 0, 0),
(6026000, 7, 735.445, 3493.2, 131.568, 0, 0),
(6026000, 8, 717.057, 3485.47, 123.09, 0, 0),
(6026000, 9, 703.352, 3480.11, 118.984, 0, 0),
(6026000, 10, 694.351, 3481.93, 118.768, 0, 0),
(6026000, 11, 683.146, 3490.44, 118.768, 0, 0),
(6026000, 12, 669.554, 3495.06, 119.295, 0, 0),
(6026000, 13, 660.323, 3497.81, 119.626, 0, 0),
(6026000, 14, 652.642, 3492.68, 118.962, 0, 0),
(6026000, 15, 652.505, 3481.91, 119.991, 0, 0),
(6026000, 16, 661.092, 3476.62, 119.124, 0, 0),
(6026000, 17, 676.16, 3481.17, 119.412, 0, 0),
(6026000, 18, 688.535, 3483.04, 118.768, 0, 0),
(6026000, 19, 700.802, 3477.89, 118.588, 0, 0),
(6026000, 20, 712.891, 3476.14, 120.222, 0, 0),
(6026000, 21, 727.344, 3483, 126.554, 0, 0),
(6026000, 22, 741.96, 3488.96, 133.405, 0, 0),
(6026000, 23, 750.382, 3496.02, 136.676, 0, 0),
(6026000, 24, 759.634, 3507.68, 139.22, 0, 0),
(6026000, 25, 772.137, 3518.11, 140.298, 0, 0),
(6026000, 26, 775.797, 3532.23, 141.204, 0, 0),
(6026000, 27, 773.238, 3542.18, 140.698, 0, 0),
(6026000, 28, 768.066, 3545.69, 141.073, 0, 0),
(6026000, 29, 760.276, 3547.44, 141.489, 0, 0),
(6026000, 30, 756.108, 3555.06, 141.607, 0, 0),
(6026000, 31, 756.055, 3562.88, 141.33, 0, 0),
(6026000, 32, 758.158, 3587.76, 140.885, 0, 0),
(6026000, 33, 757.634, 3605.65, 140.63, 0, 0),
(6026000, 34, 758.391, 3617.57, 140.981, 0, 0),
(6026000, 35, 750.773, 3621.22, 141.521, 0, 0),
(6026000, 36, 739.042, 3627.22, 142.631, 0, 0),
(6026000, 37, 733.111, 3628.65, 142.631, 0, 0),
(6026000, 38, 718.851, 3634.05, 141.571, 0, 0),
(6026000, 39, 711.957, 3632.93, 140.979, 0, 0),
(6026000, 40, 708.219, 3620.64, 142.121, 0, 0),
(6026000, 41, 711.733, 3613.66, 142.073, 0, 0),
(6026000, 42, 716.599, 3611.52, 141.58, 0, 0),
(6026000, 43, 724.521, 3612.87, 140.741, 0, 0),
(6026000, 44, 731.75, 3604.13, 140.746, 0, 0),
(6026000, 45, 731.273, 3592.07, 140.742, 0, 0),
(6026000, 46, 728.811, 3580.43, 141.347, 0, 0),
(6026000, 47, 725.632, 3564.17, 140.776, 0, 0),

(6503500, 1, 728.887, 3571.72, 141.271, 0, 0),
(6503500, 2, 733.887, 3570.47, 141.021, 0, 0),
(6503500, 3, 741.637, 3566.97, 141.021, 0, 0),
(6503500, 4, 743.137, 3562.97, 141.021, 0, 0),
(6503500, 5, 744.387, 3557.47, 140.771, 0, 0),
(6503500, 6, 745.887, 3552.97, 140.771, 0, 0),
(6503500, 7, 749.387, 3550.97, 140.521, 0, 0),
(6503500, 8, 753.137, 3551.97, 141.271, 0, 0),
(6503500, 9, 759.424, 3551.03, 141.56, 0.977384, 74000),
(6503500, 10, 757.387, 3550.22, 141.521, 0, 0),
(6503500, 11, 752.137, 3551.72, 141.021, 0, 0),
(6503500, 12, 747.887, 3552.47, 140.771, 0, 0),
(6503500, 13, 745.637, 3554.97, 140.771, 0, 0),
(6503500, 14, 743.887, 3560.97, 141.021, 0, 0),
(6503500, 15, 742.137, 3565.97, 141.021, 0, 0),
(6503500, 16, 736.387, 3569.72, 141.021, 0, 0),
(6503500, 17, 732.137, 3571.72, 141.021, 0, 0),
(6503500, 18, 728.137, 3574.22, 141.521, 0, 0),
(6503500, 19, 724.851, 3576.91, 141.482, 5.55015, 20000),

(6507700, 1, 720.363, 3517.31, 141.226, 0, 2000),
(6507700, 2, 735.276, 3517.65, 140.25, 0, 0),
(6507700, 3, 739.391, 3522.05, 140.455, 0, 0),
(6507700, 4, 739.847, 3527.5, 140.611, 0, 0),
(6507700, 5, 736.481, 3530.39, 140.705, 0, 2000),
(6507700, 6, 736.627, 3537.72, 140.688, 0, 0),
(6507700, 7, 730.29, 3540.16, 140.901, 0, 3000),
(6507700, 8, 722.061, 3544.67, 141.283, 0, 0),
(6507700, 9, 719.068, 3543.64, 141.474, 0, 2000),
(6507700, 10, 716.351, 3532.82, 141.601, 0, 0),
(6507700, 11, 713.068, 3527.76, 141.119, 0, 2000),

(6508400, 1, 768.134, 3527.29, 140.404, 0, 0),
(6508400, 2, 773.528, 3519.41, 140.617, 0, 0),
(6508400, 3, 768.134, 3527.29, 140.404, 0, 0),
(6508400, 4, 764.361, 3533.59, 140.348, 0, 0),
(6508400, 5, 758.411, 3543.91, 140.663, 0, 0),
(6508400, 6, 754.285, 3552.17, 141.212, 0, 0),
(6508400, 7, 752.951, 3560.1, 141.455, 0, 0),
(6508400, 8, 753.946, 3567.89, 140.957, 0, 0),
(6508400, 9, 752.592, 3576.13, 141.383, 0, 0),
(6508400, 10, 753.502, 3585.69, 140.868, 0, 0),
(6508400, 11, 756.094, 3592.79, 140.606, 0, 0),
(6508400, 12, 753.502, 3585.69, 140.868, 0, 0),
(6508400, 13, 752.592, 3576.13, 141.383, 0, 0),
(6508400, 14, 753.946, 3567.89, 140.957, 0, 0),
(6508400, 15, 752.951, 3560.1, 141.455, 0, 0),
(6508400, 16, 754.285, 3552.17, 141.212, 0, 0),
(6508400, 17, 758.411, 3543.91, 140.663, 0, 0),
(6508400, 18, 764.361, 3533.59, 140.348, 0, 0),

(6669000, 1, 682.37, 3497.4, 119.2, 0, 0),
(6669000, 2, 682.87, 3490.4, 119.2, 0, 0),
(6669000, 3, 687.37, 3486.4, 119.2, 0, 0),
(6669000, 4, 692.62, 3483.4, 119.2, 0, 0),
(6669000, 5, 695.37, 3481.15, 118.95, 0, 0),
(6669000, 6, 699.37, 3480.9, 118.95, 0, 0),
(6669000, 7, 705.222, 3483.66, 119.393, 1.51844, 7000),
(6669000, 8, 709.625, 3483.52, 120.6, 0, 0),
(6669000, 9, 715.625, 3485.52, 122.85, 0, 0),
(6669000, 10, 719.875, 3488.02, 125.35, 0, 0),
(6669000, 11, 727.125, 3490.52, 128.6, 0, 0),
(6669000, 12, 732.125, 3492.52, 130.85, 0, 0),
(6669000, 13, 738.125, 3494.52, 133.1, 0, 0),
(6669000, 14, 744.125, 3493.27, 134.85, 0, 0),
(6669000, 15, 751.028, 3493.38, 136.807, 0.750492, 7000),
(6669000, 16, 751.361, 3497.58, 137.281, 0, 0),
(6669000, 17, 752.861, 3502.33, 138.031, 0, 0),
(6669000, 18, 758.361, 3505.83, 139.031, 0, 0),
(6669000, 19, 761.361, 3509.83, 140.031, 0, 0),
(6669000, 20, 762.195, 3515.28, 139.756, 2.07694, 7000),
(6669000, 21, 766.924, 3514.11, 140.497, 0, 0),
(6669000, 22, 768.174, 3519.36, 140.497, 0, 0),
(6669000, 23, 761.674, 3525.61, 139.997, 0, 0),
(6669000, 24, 755.674, 3533.36, 139.747, 0, 0),
(6669000, 25, 747.674, 3548.36, 140.247, 0, 0),
(6669000, 26, 743.674, 3552.11, 140.497, 0, 0),
(6669000, 27, 737.674, 3555.86, 141.247, 0, 0),
(6669000, 28, 734.924, 3557.36, 141.747, 0, 0),
(6669000, 29, 732.654, 3560.94, 141.238, 0, 7000),
(6669000, 30, 734.347, 3558.06, 141.69, 0, 0),
(6669000, 31, 737.597, 3557.06, 140.94, 0, 0),
(6669000, 32, 743.597, 3554.06, 140.44, 0, 0),
(6669000, 33, 746.347, 3551.06, 140.19, 0, 0),
(6669000, 34, 749.847, 3544.31, 139.69, 0, 0),
(6669000, 35, 752.597, 3539.56, 139.69, 0, 0),
(6669000, 36, 756.847, 3532.31, 139.69, 0, 0),
(6669000, 37, 758.097, 3524.56, 139.44, 0, 0),
(6669000, 38, 757.597, 3515.31, 138.94, 0, 0),
(6669000, 39, 756.347, 3507.81, 138.44, 0, 0),
(6669000, 40, 752.347, 3498.56, 137.44, 0, 0),
(6669000, 41, 746.347, 3492.06, 135.44, 0, 0),
(6669000, 42, 738.347, 3488.31, 131.94, 0, 0),
(6669000, 43, 729.347, 3484.31, 127.69, 0, 0),
(6669000, 44, 720.097, 3480.31, 123.44, 0, 0),
(6669000, 45, 709.597, 3474.81, 120.19, 0, 0),
(6669000, 46, 700.597, 3468.31, 118.69, 0, 0),
(6669000, 47, 695.847, 3464.56, 117.94, 0, 0),
(6669000, 48, 692.347, 3459.31, 116.69, 0, 0),
(6669000, 49, 690.097, 3453.06, 114.94, 0, 0),
(6669000, 50, 688.847, 3446.31, 113.44, 0, 0),
(6669000, 51, 686.597, 3440.81, 111.69, 0, 0),
(6669000, 52, 685.04, 3437.17, 110.143, 0, 7000),
(6669000, 53, 686.393, 3441.04, 111.676, 0, 0),
(6669000, 54, 689.393, 3448.29, 113.926, 0, 0),
(6669000, 55, 691.643, 3455.29, 115.676, 0, 0),
(6669000, 56, 694.393, 3462.04, 117.426, 0, 0),
(6669000, 57, 697.643, 3470.29, 118.176, 0, 0),
(6669000, 58, 696.143, 3477.04, 118.676, 0, 0),
(6669000, 59, 691.893, 3482.79, 118.926, 0, 0),
(6669000, 60, 685.247, 3484.91, 118.71, 0, 0),
(6669000, 61, 679.151, 3493.21, 118.768, 0, 0),
(6669000, 62, 677.526, 3498.07, 118.768, 0, 15000),
(6669000, 63, 681.272, 3500.11, 118.887, 0, 0),
(6669000, 64, 682.522, 3501.86, 118.887, 0, 0),
(6669000, 65, 683.017, 3504.15, 119.006, 4.67748, 82000);