-- NPC: 56012 Elder Shaopai at temple
-- NPC: 57622 Lien-Hua
-- NPC: 65047 Yi
-- NPC: 65049 Er
-- NPC: 65050 San
-- NPC: 65052 Shi
-- NPC: 65053 Bai Hua
-- NPC: 65073 Naira Watergarden
-- NPC: 65087 Trader Feng
-- NPC: 59960 Ji at the Gate
-- NPC: 59962 Aysa at the Gate
-- NPC: 59963 Jojo at the Gate

DELETE FROM `phase_area` WHERE `PhaseId` IN (878);
INSERT INTO `phase_area` VALUES
(5736, 878, 'The Wandering Isle - The Wandering Isle'); -- Mandori Village

DELETE FROM `conditions` WHERE `SourceTypeOrReferenceId` = 26 AND `SourceGroup` = 878;
INSERT INTO `conditions` VALUES
('26', '878', '0', '0', '0', '47', '0', '29792', '10', '0', '', '0', '0', '0', '', 'The Wandering Isle Mandori Village - Add phase 878 if 29792 IS in progress'),
('26', '878', '0', '0', '0', '47', '0', '29792', '64', '0', '', '1', '0', '0', '', 'The Wandering Isle Mandori Village - Add phase 878 if 29792 IS NOT rewarded');

UPDATE `creature_template` SET `ScriptName` = 'npc_aysa_mandori_village' WHERE `entry` = 59962;

DELETE FROM `creature_template_addon` WHERE `entry` IN (57622, 65052, 56012, 55943, 65053, 65050, 65049, 65047,65073, 65087, 59960, 59963, 59962);
INSERT INTO `creature_template_addon` (`entry`, `PathId`, `mount`, `MountCreatureId`, `StandState`, `AnimTier`, `VisFlags`, `SheathState`, `PvPFlags`, `emote`, `aiAnimKit`, `movementAnimKit`, `meleeAnimKit`, `visibilityDistanceType`, `auras`) VALUES 
('55943', '0', '0', '0', '0', '0', '0', '1', '0', '0', '0', '0', '0', '0', '110846'),
('56012', '0', '0', '0', '0', '0', '1', '1', '0', '0', '0', '0', '0', '0', '60921'),
('65050', '0', '0', '0', '0', '0', '0', '1', '0', '0', '0', '0', '0', '0', ''),
('65052', '0', '0', '0', '0', '0', '0', '1', '0', '0', '0', '0', '0', '0', ''),
('65053', '6505300', '0', '0', '0', '0', '0', '1', '0', '0', '0', '0', '0', '0', ''),
('65049', '6504900', '0', '0', '0', '0', '0', '1', '0', '0', '0', '0', '0', '0', ''),
('65047', '6504700', '0', '0', '0', '0', '0', '1', '0', '0', '0', '0', '0', '0', ''),
('65073', '0', '0', '0', '1', '0', '0', '1', '0', '0', '0', '0', '0', '0', ''),
('57622', '0', '0', '0', '0', '0', '0', '1', '0', '0', '0', '0', '0', '0', ''),
('65087', '6508700', '0', '0', '0', '0', '0', '1', '0', '0', '0', '0', '0', '0', ''),
('59960', '0', '0', '0', '0', '0', '0', '1', '0', '0', '0', '0', '0', '0', ''),
('59962', '0', '0', '0', '0', '0', '0', '1', '0', '0', '0', '0', '0', '0', ''),
('59963', '0', '0', '0', '0', '0', '0', '1', '0', '0', '0', '0', '0', '0', '115672');

UPDATE `creature` SET `MovementType` = 2 WHERE `id` IN (65053,65047,65049,65087);
UPDATE `creature` SET `PhaseId` = 878 WHERE `id` IN (59960, 59963, 59962);


DELETE FROM `npc_vendor` WHERE `entry` IN (57622, 65047, 65049, 65050, 65052, 65053, 65087);
INSERT INTO `npc_vendor` (entry, slot, item, maxcount, incrtime, ExtendedCost, `type`, BonusListIDs, PlayerConditionID, IgnoreFiltering, VerifiedBuild) VALUES
('65052', '1', '74636', '0', '0', '0', '1', NULL, '0', '0', '63906'),
('65052', '2', '81406', '0', '0', '0', '1', NULL, '0', '0', '63906'),
('65052', '3', '81414', '0', '0', '0', '1', NULL, '0', '0', '63906'),
('65053', '1', '159', '0', '0', '0', '1', NULL, '0', '0', '63906'),
('65053', '0', '74636', '0', '0', '0', '1', NULL, '0', '0', '0'),
('65053', '0', '81406', '0', '0', '0', '1', NULL, '0', '0', '0'),
('65053', '0', '81407', '0', '0', '0', '1', NULL, '0', '0', '0'),
('65053', '0', '81414', '0', '0', '0', '1', NULL, '0', '0', '0'),
('65053', '0', '81415', '0', '0', '0', '1', NULL, '0', '0', '0'),
('65053', '2', '90659', '0', '0', '0', '1', NULL, '0', '0', '63906'),
('65053', '3', '90660', '0', '0', '0', '1', NULL, '0', '0', '63906'),
('65050', '1', '117', '0', '0', '0', '1', NULL, '0', '0', '63906'),
('65050', '2', '787', '0', '0', '0', '1', NULL, '0', '0', '63906'),
('65050', '3', '2287', '0', '0', '0', '1', NULL, '0', '0', '63906'),
('65050', '4', '3770', '0', '0', '0', '1', NULL, '0', '0', '63906'),
('65050', '5', '4536', '0', '0', '0', '1', NULL, '0', '0', '63906'),
('65050', '6', '4538', '0', '0', '0', '1', NULL, '0', '0', '63906'),
('65050', '7', '4540', '0', '0', '0', '1', NULL, '0', '0', '63906'),
('65050', '8', '4541', '0', '0', '0', '1', NULL, '0', '0', '63906'),
('65050', '9', '4542', '0', '0', '0', '1', NULL, '0', '0', '63906'),
('65050', '10', '4592', '0', '0', '0', '1', NULL, '0', '0', '63906'),
('65050', '11', '4593', '0', '0', '0', '1', NULL, '0', '0', '63906'),
('65050', '12', '4604', '0', '0', '0', '1', NULL, '0', '0', '63906'),
('65050', '13', '4605', '0', '0', '0', '1', NULL, '0', '0', '63906'),
('65050', '14', '4606', '0', '0', '0', '1', NULL, '0', '0', '63906'),
('65049', '1', '159', '0', '0', '0', '1', NULL, '0', '0', '63906'),
('65049', '2', '90659', '0', '0', '0', '1', NULL, '0', '0', '63906'),
('65049', '3', '90660', '0', '0', '0', '1', NULL, '0', '0', '63906'),
('65047', '1', '117', '0', '0', '0', '1', NULL, '0', '0', '63906'),
('65047', '2', '787', '0', '0', '0', '1', NULL, '0', '0', '63906'),
('65047', '3', '2287', '0', '0', '0', '1', NULL, '0', '0', '63906'),
('65047', '4', '3770', '0', '0', '0', '1', NULL, '0', '0', '63906'),
('65047', '5', '4536', '0', '0', '0', '1', NULL, '0', '0', '63906'),
('65047', '6', '4538', '0', '0', '0', '1', NULL, '0', '0', '63906'),
('65047', '7', '4540', '0', '0', '0', '1', NULL, '0', '0', '63906'),
('65047', '8', '4541', '0', '0', '0', '1', NULL, '0', '0', '63906'),
('65047', '9', '4542', '0', '0', '0', '1', NULL, '0', '0', '63906'),
('65047', '10', '4592', '0', '0', '0', '1', NULL, '0', '0', '63906'),
('65047', '11', '4593', '0', '0', '0', '1', NULL, '0', '0', '63906'),
('65047', '12', '4604', '0', '0', '0', '1', NULL, '0', '0', '63906'),
('65047', '13', '4605', '0', '0', '0', '1', NULL, '0', '0', '63906'),
('65047', '14', '4606', '0', '0', '0', '1', NULL, '0', '0', '63906'),
('57622', '1', '2320', '0', '0', '0', '1', NULL, '0', '0', '63906'),
('57622', '2', '2324', '0', '0', '0', '1', NULL, '0', '0', '63906'),
('57622', '3', '2604', '0', '0', '0', '1', NULL, '0', '0', '63906'),
('57622', '4', '2678', '0', '0', '0', '1', NULL, '0', '0', '63906'),
('57622', '5', '2880', '0', '0', '0', '1', NULL, '0', '0', '63906'),
('57622', '6', '2901', '0', '0', '0', '1', NULL, '0', '0', '63906'),
('57622', '7', '3371', '0', '0', '0', '1', NULL, '0', '0', '63906'),
('57622', '8', '3466', '0', '0', '0', '1', NULL, '0', '0', '63906'),
('57622', '9', '3857', '0', '0', '0', '1', NULL, '0', '0', '63906'),
('57622', '10', '4289', '0', '0', '0', '1', NULL, '0', '0', '63906'),
('57622', '11', '5956', '0', '0', '0', '1', NULL, '0', '0', '63906'),
('57622', '12', '6217', '0', '0', '0', '1', NULL, '0', '0', '63906'),
('57622', '13', '6256', '0', '0', '0', '1', NULL, '0', '0', '63906'),
('57622', '14', '6260', '0', '0', '0', '1', NULL, '0', '0', '63906'),
('57622', '15', '6529', '0', '0', '0', '1', NULL, '0', '0', '63906'),
('57622', '16', '7005', '0', '0', '0', '1', NULL, '0', '0', '63906'),
('57622', '17', '18567', '0', '0', '0', '1', NULL, '0', '0', '63906'),
('57622', '18', '20815', '0', '0', '0', '1', NULL, '0', '0', '63906'),
('57622', '19', '30817', '0', '0', '0', '1', NULL, '0', '0', '63906'),
('57622', '20', '39354', '0', '0', '0', '1', NULL, '0', '0', '63906'),
('57622', '21', '39505', '0', '0', '0', '1', NULL, '0', '0', '63906'),
('57622', '22', '85663', '0', '0', '0', '1', NULL, '0', '0', '63906'),
('57622', '23', '160298', '0', '0', '0', '1', NULL, '0', '0', '63906'),
('57622', '24', '180733', '0', '0', '0', '1', NULL, '0', '0', '63906'),
('65087', '1', '159', '0', '0', '0', '1', NULL, '0', '0', '63906'),
('65087', '2', '4470', '0', '0', '0', '1', NULL, '0', '0', '63906'),
('65087', '3', '4496', '0', '0', '0', '1', NULL, '0', '0', '63906'),
('65087', '4', '4498', '0', '0', '0', '1', NULL, '0', '0', '63906'),
('65087', '5', '4540', '0', '0', '0', '1', NULL, '0', '0', '63906'),
('65087', '6', '5042', '0', '0', '0', '1', NULL, '0', '0', '63906');

-- Gameobject templates
UPDATE `gameobject_template` SET `Data2` = '30000', `ScriptName` = 'go_210965_forest_door' WHERE `entry` = 210965;


DELETE FROM `gameobject_template_addon` WHERE `entry` IN (210964, 210965, 211282,211283);
INSERT INTO `gameobject_template_addon` (entry, faction, flags, mingold, maxgold, artkit0, artkit1, artkit2, artkit3, artkit4, WorldEffectID, AIAnimKitID) VALUES
('210964', '114', '32', '0', '0', '0', '0', '0', '0', '0', '0', '0'),
('211283', '114', '32', '0', '0', '0', '0', '0', '0', '0', '0', '0'),
('210965', '114', '32', '0', '0', '0', '0', '0', '0', '0', '0', '0'),
('211282', '114', '32', '0', '0', '0', '0', '0', '0', '0', '0', '0');

DELETE FROM `gameobject_addon` WHERE `guid` IN (300383, 300683, 300374, 300690);
INSERT INTO `gameobject_addon` (guid, parent_rotation0, parent_rotation1, parent_rotation2, parent_rotation3, invisibilityType, invisibilityValue, WorldEffectID, AIAnimKitID) VALUES
('300383', '0', '0', '0', '1', '37', '100', '0', '0'),
('300683', '0', '0', '0', '1', '36', '100', '0', '0'),
('300374', '0', '0', '0', '1', '35', '100', '0', '0'),
('300690', '0', '0', '0', '1', '34', '100', '0', '0');

-- Area Trigger Scripts
DELETE FROM `areatrigger_scripts` WHERE `entry` IN (7710);
INSERT INTO `areatrigger_scripts` VALUES
(7710, 'at_mandori_village_7710');

