-- Wandering Isle fixes and changes

-- Phase: 524 Zhaoren battle
-- Phase: 536 Zhaoren dead
-- Phase: 543 Crashed Ship Boss Fight
-- Phase: 544 Crashed Ship Healing
-- Phase: 545 Crashed Ship Healed
-- Phase: 592/593/594/595/596/597/598 Cosmetic class weapon racks
-- Phase: 630 Cosmetic - Cart Driver Freed
-- Phase: 878 Cosmetic - Mandori Village Gate Spawns
-- Phase: 879 Cosmetic - Pei-Wu Forest Gate Spawns
-- Phase: 903 Cosmetic Forlorn Hut npcs
-- Phase: 993 Crashed Ship Cinematic
-- Phase: 1027 Cosmetic - Fire Spirit Rescued
-- Phase: 1028 Cosmetic - Water Spirit Rescued
-- Phase: 1029 Cosmetic - Earth Spirit Rescued
-- Phase: 1030 Cosmetic - Air Spirit Rescued
-- Phase: 1323	"Cosmetic - Central Statue, Pre-Fire"
-- Phase: 1324	"Cosmetic - Central Statue, Post-Fire"
-- Phase: 1325	"Cosmetic - Central Statue, Post-Water"
-- Phase: 1326	"Cosmetic - Central Statue, Post-Earth"
-- Phase: 1327	"Cosmetic - Central Statue, Post-Air"
-- Phase: 1429 Zhaoren flyby
-- Phase: 1430 Zhaoren plateau
-- Phase: 1510 Cosmetic Mallet Object/Quest
-- Phase: 1518 "Cosmetic - Master Shang Xi, Air Village"
-- Phase: 1519 "Cosmetic - Elder Shaopai, Air Village"
-- Phase: 1526 Master Shang zhaoren battle completed
-- Phase: 1527 Master Shang graveyard
-- Phase: 1714 Cosmetic Jade Tiger Pillar
-- Phase: 1835 Cosmetic Forest Horde Camp
-- Phase: 1836 Cosmetic Chamber of winds
-- Phase: 1885 Cosmetic Balloon ride npcs

-- NPC: 54130 Amberleaf Scamp
-- NPC: 54131 Fe-Feng Hozen
-- NPC: 57164 Fe-Feng Leaper
-- NPC: 60411 Water Pincer
-- NPC: 55506 Raggis
-- NPC: 55015 Whitefeather Crane
-- NPC: 55292 Fang-she
-- NPC: 54976 Barbed Ray
-- NPC: 55483 Plump Virmen
-- NPC: 55504 Plump Carrotcruncher
-- NPC: 56730 Fe-Feng Brewthief
-- NPC: 57205 Fe-Feng Hozen
-- NPC: 53704 Corsac Fox
-- NPC: 57164 Fe-Feng Leaper
-- NPC: 53714 Training Target
-- NPC: 55601 Fe-feng Wiseman
-- NPC: 55632 Fe-Feng Ruffian
-- NPC: 57465 Fe-Feng Ruffian
-- NPC: 57466 Fe-Feng Firethief
-- NPC: 55634 Ruk-Ruk
-- NPC: 64322 Ruk-Ruk's rocket
-- NPC: 55640 Thornbranch Scamp
-- NPC: 57799 Spawned Thornbranch

-- NPC: 55479 Gao Summerdraft
-- NPC: 55021 Jojo Ironbrow at first house
-- NPC: 57638 Jojo Ironbrow (spell spawn first house)
-- NPC: 55478 Jojo Ironbrow at farmstead
-- NPC: 57669 Jojo Ironbrow (spell spawn farmstead)
-- NPC: 55585 Jojo Ironbrow at Morning Breeze
-- NPC: 64939 Lamplighter Sunny
-- NPC: 65467 Mesmerized Onlooker
-- NPC: 56394 Mesmerized Child
-- NPC: 56393 Mesmerized Onlooker
-- NPC: 57620 Whittler Dewei
-- NPC: 57779 Huo
-- NPC: 54787 Huo (spawned)
-- NPC: 54135 Master Li Fei
-- NPC: 54734 Master Li Fei (challenge npc)
-- NPC: 54958 Huo (spawned)
-- NPC: 57720 Ji Firepaw
-- NPC: 55477 Ji Firepaw at the farm
-- NPC: 55694 Ji Firepaw towards Morning Breeze
-- NPC: 57721 Aysa Cloudsinger
-- NPC: 54786 Master Shang Xi
-- NPC: 57132 Wu-song Villager
-- NPC: 55019 Tushui Monk
-- NPC: 65468 Tushui Monk
-- NPC: 54993 Balance Pole
-- NPC: 57431 Balance Pole
-- NPC: 55083 Balance Pole
-- NPC: 56869 Bunny landing impact
-- NPC: 55020 Old Man Liang
-- NPC: 54975 Aysa Cloudsinger
-- NPC: 65493 Shu
-- NPC: 55213 Shu (spawned by spell)
-- NPC: 60488 Bunny water spout summon
-- NPC: 66941 Bunny water spout summon (Farmstead)
-- NPC: 57207 Spawned Yak
-- NPC: 57208 Spawned Cart
-- NPC: 57709 Nourished Yak
-- NPC: 57710 Cart
-- NPC: 57712 Cart Tender
-- NPC: 59497 Cart at farmstead
-- NPC: 59496 Spawned Cart at farmstead
-- NPC: 59499 Nourished Yak at farmstead
-- NPC: 59498 Spawned Nourished Yak at farmstead
-- NPC: 55539 Wugou
-- NPC: 60916 Wugou spawn
-- NPC: 55556 Shu at the Farmstead
-- NPC: 55558 Shu spawn at the Farmstead
-- NPC: 56377 Shu spawn
-- NPC: 54786 Master Shang Xi at temple (451410)
-- NPC: 55685 Uplifting Draft
-- NPC: 64554 Zhao-Ren <The Onyx Serpent> - in the sky
-- NPC: 64885 Lorewalker Zan
-- NPC: 64876 Lorewalker Ruolin
-- NPC: 64875 Lorewalker Amai
-- NPC: 64879 Yin
-- NPC: 64880 Nan
-- NPC: 64881 Hao
-- NPC: 55588 Elder Shaopai at Morning Breeze
-- NPC: 55583 Ji Firepaw at Morning Breeze
-- NPC: 55585 Jojo at Morning Breeze
-- NPC: 57670 Jojo spawn at Morning Breeze
-- NPC: 57623 Shen Stonecarver
-- NPC: 65558 Ji Firepaw (with player)
-- NPC: 55595 Aysa at Morning Breeze
-- NPC: 65559 Vision of Zhao-Ren
-- NPC: 55650 Shang Xi's Hot Air Balloon
-- NPC: 55592 Dafeng Spirit of Air
-- NPC: 65560 Dafeng spawn ??
-- NPC: 64532 Dafeng spawn (quest accept)
-- NPC: 55595 Aysa with Dafeng
-- NPC: 64543 Aysa spawn  (quest accept)
-- NPC: 55786 Zhaoren
-- NPC: 64507 Firework Launcher
-- NPC: 64505 Ji at Zhaoren
-- NPC: 64506 Aysha at Zhaoren
-- NPC: 55874 Dead Zhaoren
-- NPC: 55586 Master Shang Xi - Zhaoren dead phase
-- NPC: 56159 Master Shang (spawned for quest 29787)
-- NPC: 55672 Master Shang for the forest quests
-- NPC: 56274 Guardian of the Elders
-- NPC: 56686 Another Shang in the forest (spawn)
-- NPC: 55918 Balloon - stationary
-- NPC: 55649 Balloon - spawned by 105002 Summon hot air Balloon
-- NPC: 56660 Ji on the balloon
-- NPC: 56661 Aysa - spawned by 106636
-- NPC: 56662 Aysa - stationary
-- NPC: 56663 Ji - stationary
-- NPC: 56679 Balloon arrival controller
-- NPC: 40789 Generic controller
-- NPC: 65105 Shu stationary
-- NPC: 65102 Dafeng stationary
-- NPC: 65104 Wugou stationary
-- NPC: 65107 Huo stationary
-- NPC: 56012 Elder Shaopai

-- GO: 209584 Ancient Clam
-- GO: 209626 Break Gong

-- Spell: 108786 Summon Stack of Reeds
-- Spell: 108798 Jojo Headbash Stack of reeds impact
-- Spell: 108808 Summon Jojo Ironbrow
-- Spell: 102522 Fan The Flames
-- Spell: 103071 Forcecast Rock Jump A
-- Spell: 103069 Rock Jump A -- this gets the scriptname
-- Spell: 103070 Rock Jump B -- this gets the scriptname
-- Spell: 103072 Forcecast Rock Jump B
-- Spell: 103077 Rock Jump C -- this gets the scriptname
-- Spell: 103078 Forcecast Rock Jump C
-- Spell: 116810 Summon Bunny Water Spout -- I can't get this one to work so it is not used for now
-- Spell: 117033 Shu Jump to front right
-- Spell: 117034 Shu Jump to front left
-- Spell: 117035 Shu Jump to back right
-- Spell: 117036 Shu Jump to back left
-- Spell: 49415 Generic Quest Invisibility 2
-- Spell: 80797 Generic Quest Invisibility 5
-- Spell: 89521 Detect Quest Invis 5
-- Spell: 104396 Uplifting Draft cast on player by Master Shang

-- Quest: 29421 Only the Worthy Shall Pass
-- Quest: 29422 Huo, the Spirit of Fire
-- Quest: 29423 The Passion of Shen-zin Su
-- Quest: 29521 The Singing Pools
-- Quest: 29661 The Lesson of the Dry Fur
-- Quest: 29662 Stronger Than Reeds
-- Quest: 29663 The Lesson of the Balanced Rock
-- Quest: 29666 The Sting of Learning
-- Quest: 29676 Finding an Old Friend
-- Quest: 29677 The Sun Pearl 
-- Quest: 29678 Shu, the Spirit of Water
-- Quest: 29679 A new friend
-- Quest: 29680 The Source of Our Livelihood
-- Quest: 29768 Missing Mallet
-- Quest: 29769 Rascals
-- Quest: 29770 Still Good!
-- Quest: 29771 Stronger Than Wood
-- Quest: 29772 Raucous Rousing
-- Quest: 29774 Not In the Face!
-- Quest: 29775 The Spirit and Body of Shen-zin Su
-- Quest: 29776 Morning Breeze Village
-- Quest: 29777 Tools of the enemy
-- Quest: 29778 Rewritten wisdoms
-- Quest: 29783 Stronger than stone
-- Quest: 29779 The direct solution
-- Quest: 29780 Do no evil
-- Quest: 29781 Monkey Advisory warning
-- Quest: 29786 Battle for the skies
-- Quest: 29787 Worthy Of Passing
-- Quest: 29789 Small but significant
-- Quest: 29788 Unwelcome nature
-- Quest: 29790 Passing Wisdom

-- Phases
DELETE FROM `phase_area` WHERE `PhaseId` = 50007;
DELETE FROM `phase_area` WHERE `PhaseId` = 169 AND `AreaId` = 5881;
INSERT INTO `phase_area` VALUES
(5881, 169, 'The Wandering Isle - Farmstead'),
(5881, 50007, 'The Wandering Isle - Farmstead Ji');

DELETE FROM `phase_area` WHERE `PhaseId` IN (1027, 1028, 1029, 1030, 1323, 1324, 1325, 1326, 1327);
INSERT INTO `phase_area` (`AreaId`, `PhaseId`, `Comment`) VALUES
-- THE WANDERING ISLE
(5736, 1323, 'The Wandering Isle - before quest 29423 rewarded'),
(5736, 1324, 'The Wandering Isle - after quest 29423 rewarded and before quest 29679 rewarded'),
(5736, 1325, 'The Wandering Isle - after quest 29679 rewarded and before quest 29775 rewarded'),
(5736, 1326, 'The Wandering Isle - after quest 29775 rewarded and before quest 29787 taken'),
(5736, 1327, 'The Wandering Isle - quest 29787 taken, complete or rewarded'),

-- Temple of Five Dawns
(5820, 1027, 'Temple of Five Dawns - after quest 29521 completed or rewarded - see Fire spirit'),
(5820, 1028, 'Temple of Five Dawns - after quest 29775 completed or rewarded - see Water spirit'),
(5820, 1029, 'Temple of Five Dawns - after quest 29776 completed or rewarded - see Earth spirit'),
(5820, 1030, 'Temple of Five Dawns - after quest 29791 completed or rewarded - see Air spirit');

DELETE FROM `conditions` WHERE `SourceTypeOrReferenceId` = 26 AND `SourceGroup` IN (1027, 1028, 1029, 1030, 1323, 1324, 1325, 1326, 1327);
INSERT INTO `conditions` VALUES
-- Spirits Phases
(26, 1027, 5820, 0, 0, 28, 0, 29521, 0, 0, '', 0, 0, 0, '', 'Temple of Five Dawns Phase 1027 when Quest 29521 complete'),
(26, 1027, 5820, 0, 1, 8, 0, 29521, 0, 0, '', 0, 0, 0, '', 'Temple of Five Dawns Phase 1027 when Quest 29521 rewarded'),
(26, 1028, 5820, 0, 0, 28, 0, 29775, 0, 0, '', 0, 0, 0, '', 'Temple of Five Dawns Phase 1028 when Quest 29775 complete'),
(26, 1028, 5820, 0, 1, 8, 0, 29775, 0, 0, '', 0, 0, 0, '', 'Temple of Five Dawns Phase 1028 when Quest 29775 rewarded'),
(26, 1029, 5820, 0, 0, 8, 0, 29775, 0, 0, '', 0, 0, 0, '', 'Temple of Five Dawns Phase 1029 when Quest 29775 rewarded'), -- phase not updated automatically (delayed add in SAI)
(26, 1030, 5820, 0, 0, 28, 0, 29791, 0, 0, '', 0, 0, 0, '', 'Temple of Five Dawns Phase 1030 when Quest 29791 complete'),
(26, 1030, 5820, 0, 1, 8, 0, 29791, 0, 0, '', 0, 0, 0, '', 'Temple of Five Dawns Phase 1030 when Quest 29791 rewarded'),

-- Phases General
(26, 1323, 5736, 0, 0, 8, 0, 29423, 0, 0, '', 1, 0, 0, '', 'Wandering Isle Phase 1323 when Quest 29423 not rewarded'),
(26, 1324, 5736, 0, 0, 8, 0, 29423, 0, 0, '', 0, 0, 0, '', 'Wandering Isle Phase 1324 when Quest 29423 rewarded'),
(26, 1324, 5736, 0, 0, 8, 0, 29679, 0, 0, '', 1, 0, 0, '', 'Wandering Isle Phase 1324 when Quest 29679 not rewarded'),
(26, 1325, 5736, 0, 0, 8, 0, 29679, 0, 0, '', 0, 0, 0, '', 'Wandering Isle Phase 1325 when Quest 29679 rewarded'),
(26, 1325, 5736, 0, 0, 8, 0, 29775, 0, 0, '', 1, 0, 0, '', 'Wandering Isle Phase 1325 when Quest 29775 not rewarded'),
(26, 1326, 5736, 0, 0, 8, 0, 29775, 0, 0, '', 0, 0, 0, '', 'Wandering Isle Phase 1326 when Quest 29775 rewarded'),
(26, 1326, 5736, 0, 0, 9, 0, 29787, 0, 0, '', 1, 0, 0, '', 'Wandering Isle Phase 1326 when Quest 29787 not taken'),
(26, 1326, 5736, 0, 0, 28, 0, 29787, 0, 0, '', 1, 0, 0, '', 'Wandering Isle Phase 1326 when Quest 29787 not complete'),
(26, 1326, 5736, 0, 0, 8, 0, 29787, 0, 0, '', 1, 0, 0, '', 'Wandering Isle Phase 1326 when Quest 29787 not rewarded'),
(26, 1327, 5736, 0, 0, 9, 0, 29787, 0, 0, '', 0, 0, 0, '', 'Wandering Isle Phase 1327 when Quest 29787 taken'),
(26, 1327, 5736, 0, 1, 28, 0, 29787, 0, 0, '', 0, 0, 0, '', 'Wandering Isle Phase 1327 when Quest 29787 complete'),
(26, 1327, 5736, 0, 2, 8, 0, 29787, 0, 0, '', 0, 0, 0, '', 'Wandering Isle Phase 1327 when Quest 29787 rewarded');


UPDATE `creature` SET `PhaseId` = '50007' WHERE (`guid` = '451166'); -- Ji at Farmstead
UPDATE `gameobject` SET `PhaseId` = '50007' WHERE (`guid` = '300209'); -- Gong at Farmstead needs to be in the same phase as Ji otherwise quest credit via SET DATA SAI fails


DELETE FROM `conditions` WHERE `SourceTypeOrReferenceId` = 26 AND `SourceGroup` = 50007;
INSERT INTO `conditions` VALUES
('26', '50007', '5881', '0', '0', '47', '0', '29775', '64', '0', '', '1', '0', '0', '', 'The Wandering Isle Farmstead - Add phase 50007 if 29775 IS NOT rewarded');

-- Quest Templates
DELETE FROM `quest_template_addon` WHERE `ID` IN (29776, 29662, 29768, 29771, 29423, 29521, 29661, 29663, 29676, 29666, 29677, 29678, 29679,29680, 29769, 29772,29774,29775);
INSERT INTO `quest_template_addon` (`ID`, `MaxLevel`, `AllowableClasses`, `SourceSpellID`, `PrevQuestID`, `NextQuestID`, `ExclusiveGroup`, `BreadcrumbForQuestId`, `RewardMailTemplateID`, `RewardMailDelay`, `RequiredSkillID`, `RequiredSkillPoints`, `RequiredMinRepFaction`, `RequiredMaxRepFaction`, `RequiredMinRepValue`, `RequiredMaxRepValue`, `ProvidedItemCount`, `SpecialFlags`, `ScriptName`) VALUES 
('29776', '0', '0', '104396', '29775', '29778', '0', '0', '0', '0', '0', '0', '0', '0', '0', '0', '0', '0', ''), -- Quest: 29776 morning-breeze-village

('29768', '0', '0', '0', '29769', '29772', '0', '0', '0', '0', '0', '0', '0', '0', '0', '0', '0', '0', ''), -- Quest: 29768 Missing Mallet
('29771', '0', '0', '0', '29769', '29772', '-29768', '0', '0', '0', '0', '0', '0', '0', '0', '0', '0', '0', ''), -- Quest: 29771 Stronger Than Wood
(29423, 0, 0, 0, 0, 29521, 0, 0, 0, 0, 0, 0, 0, 0, 0, 0, 0, 0, 'quest_29423_the_passion_of_shen_zin_su'), 	-- Quest: 29423 The Passion of Shen-zin Su

('29769', '0', '0', '0', '29680', '29768', '0', '0', '0', '0', '0', '0', '0', '0', '0', '0', '0', '0', ''), -- Quest: 29769 Rascals
('29772', '0', '0', '0', '29768', '29774', '0', '0', '0', '0', '0', '0', '0', '0', '0', '0', '0', '0', ''), -- Quest: 29772 Raucous Rousing
('29774', '0', '0', '0', '29772', '29775', '0', '0', '0', '0', '0', '0', '0', '0', '0', '0', '0', '0', ''), -- Quest: 29774 Not In the Face!
('29775', '0', '0', '0', '29774', '0', '0', '0', '0', '0', '0', '0', '0', '0', '0', '0', '0', '0', ''); -- Quest: 29775 The Spirit and Body of Shen-zin Su

UPDATE `quest_template_addon` SET `ScriptName`= 'quest_29422_huo_the_spirit_of_fire', `NextQuestID`=29423 WHERE `ID` IN (29422);

DELETE FROM `creature_queststarter` WHERE `quest` IN (29776, 29768, 29771);
INSERT INTO `creature_queststarter` (`id`, `quest`, `VerifiedBuild`) VALUES ('54786', '29776', '0'); -- Quest: 29776 morning-breeze-village
INSERT INTO `creature_queststarter` (`id`, `quest`, `VerifiedBuild`) VALUES ('55477', '29768', '0'); -- Quest: 29768 Missing Mallet
INSERT INTO `creature_queststarter` (`id`, `quest`, `VerifiedBuild`) VALUES ('55478', '29771', '0'); -- Quest: 29771 Stronger Than Wood





-- Creature Templates

UPDATE `creature_template` SET `npcflag`=4289 WHERE `entry`=57620; -- Whittler Dewei
UPDATE `creature_template` SET `ScriptName`= 'npc_whitefeather_crane', `unit_flags3`=0x4000000 WHERE `entry`=55015; -- Whitefeather Crane
UPDATE `creature_template` SET `speed_run`=1, `BaseAttackTime`=2000, `unit_flags2`=0x4000800, `unit_flags3`=0x41000000 WHERE `entry`=57636; -- Stack of Reeds
UPDATE `creature_template` SET `ScriptName`= 'npc_jojo_ironbrow_summon', `BaseAttackTime`=2000, `unit_flags`=0x300, `unit_flags2`=0x800 WHERE `entry`=57638; -- Jojo Ironbrow

UPDATE `creature_template_difficulty` SET `StaticFlags1`=0x10000000, `VerifiedBuild`=64978 WHERE (`Entry` IN (57620, 55021, 65467, 56394, 56393, 55015, 57638) AND `DifficultyID`=0); -- CanSwim
UPDATE `creature_template_difficulty` SET `ContentTuningID`=80, `StaticFlags1`=0x20000100, `VerifiedBuild`=65299 WHERE (`Entry`=57636 AND `DifficultyID`=0); -- 57636 (Stack of Reeds) - Sessile, Floating



-- Creature Spawns


-- Creature Spawns Addons

DELETE FROM `creature_addon` WHERE `guid` IN (451158,451160,451170,451171,451173,451174,451178,451461,451457,451466,451456,451467,451463,451458);
INSERT INTO `creature_addon` (`guid`, `PathId`, `mount`, `StandState`, `AnimTier`, `VisFlags`, `SheathState`, `PvpFlags`, `emote`, `aiAnimKit`, `movementAnimKit`, `meleeAnimKit`, `visibilityDistanceType`, `auras`) VALUES

('451158', '0', '0', '0', '0', '1', '1', '0', '0', '0', '0', '0', '0', '82343'), -- farmstead jojo power quest
('451160', '0', '0', '0', '0', '1', '1', '0', '0', '0', '0', '0', '0', '82343'),
('451170', '0', '0', '0', '0', '1', '1', '0', '0', '0', '0', '0', '0', '82343'),
('451171', '0', '0', '0', '0', '1', '1', '0', '0', '0', '0', '0', '0', '82343'),
('451173', '0', '0', '0', '0', '1', '1', '0', '0', '0', '0', '0', '0', '82343'),
('451174', '0', '0', '0', '0', '1', '1', '0', '0', '0', '0', '0', '0', '82343'),
('451178', '0', '0', '0', '0', '1', '1', '0', '0', '0', '0', '0', '0', '82343'),

('451461', '0', '0', '0', '0', '1', '1', '0', '0', '0', '0', '0', '0', '80852'), -- morning breeze jojo power quest
('451457', '0', '0', '0', '0', '1', '1', '0', '0', '0', '0', '0', '0', '80852'),
('451466', '0', '0', '0', '0', '1', '1', '0', '0', '0', '0', '0', '0', '80852'),
('451456', '0', '0', '0', '0', '1', '1', '0', '0', '0', '0', '0', '0', '80852'),
('451467', '0', '0', '0', '0', '1', '1', '0', '0', '0', '0', '0', '0', '80852'),
('451463', '0', '0', '0', '0', '1', '1', '0', '0', '0', '0', '0', '0', '80852'),
('451458', '0', '0', '0', '0', '1', '1', '0', '0', '0', '0', '0', '0', '80852');


-- Fixes for Huo, the spirit of fire

UPDATE `creature_template_difficulty` SET `StaticFlags1`=0x30000100, `VerifiedBuild`=64978 WHERE (`Entry`=54787 AND `DifficultyID` IN (0, 1)) OR (`Entry`=57779 AND `DifficultyID` IN (0, 1)); -- 54787, 57779 (Huo) - Sessile, CanSwim, Floating

UPDATE `creature` SET `PhaseId`= 632 WHERE `guid` IN (450608); 
UPDATE `creature` SET `PhaseId`= 631, `StringId` = 'Huo_Pre_Ignition' WHERE `guid` IN (450607); 

DELETE FROM `phase_area` WHERE `PhaseId` IN (631, 632);
INSERT INTO `phase_area` (`AreaId`, `PhaseId`, `Comment`) VALUES
(5849, 631, 'Cosmetic - Huo, Pre-Ignition'),
(5849, 632, 'Cosmetic - Huo, Post-Ignition');

DELETE FROM `conditions` WHERE (`SourceGroup` IN (631, 632)) AND (`SourceEntry` = 5849);
INSERT INTO `conditions` (`SourceTypeOrReferenceId`, `SourceGroup`, `SourceEntry`, `SourceId`, `ElseGroup`, `ConditionTypeOrReference`, `ConditionTarget`, `ConditionValue1`, `ConditionValue2`, `ConditionValue3`, `ConditionStringValue1`, `NegativeCondition`, `ErrorType`, `ErrorTextId`, `ScriptName`, `Comment`) VALUES
(26, 631, 5849, 0, 0, 47, 0, 29422, 9, 0, '', 0, 0, 0, '', 'Allow phase 631 if quest 29422 state not taken / in progress'),

(26, 632, 5849, 0, 0, 47, 0, 29422, 66, 0, '', 0, 0, 0, '', 'Allow phase 632 if quest 29422 state completed / rewarded');

-- 29423 The Passion of Shen-zin Su
UPDATE `creature_template` SET `speed_run`=1.714285731315612792, `BaseAttackTime`=2000, `unit_flags`=0x300, `unit_flags2`=0x800, `ScriptName`= 'npc_huo_follower' WHERE `entry`=54958; -- Huo
UPDATE `creature` SET `ScriptName`= 'npc_chia_hui_autumnleaf', `StringId`= 'Chia_Hui_Talk_Event_Starter' WHERE `guid`=450386; 
UPDATE `creature` SET `StringId`= 'Brewer_Lin_Talk_Event' WHERE `guid`=450387; 
UPDATE `creature` SET `StringId`= 'Brewer_Zhen_Talk_Event' WHERE `guid`=450385; 
UPDATE `creature` SET `ScriptName`= 'npc_shanxi_quest', `StringId`= 'ShanXi_Talk' WHERE `guid`=450020; 
UPDATE `creature` SET `StringId`= 'Huo_Pre_Ignition' WHERE `guid`=450608; 

DELETE FROM `creature_template_addon` WHERE `entry` IN (54958);
INSERT INTO `creature_template_addon` (`entry`, `PathId`, `mount`, `StandState`, `AnimTier`, `VisFlags`, `SheathState`, `PvpFlags`, `emote`, `aiAnimKit`, `movementAnimKit`, `meleeAnimKit`, `visibilityDistanceType`, `auras`) VALUES
(54958, 0, 0, 0, 3, 0, 1, 0, 0, 0, 3300, 0, 0, '102630'); -- 54958 (Huo) - Благословение Хо

UPDATE `creature_template_difficulty` SET `ContentTuningID`=80, `StaticFlags1`=0x30000000, `VerifiedBuild`=64978 WHERE (`Entry`=54958 AND `DifficultyID` IN (0, 1)); -- 54958 (Huo) - CanSwim, Floating
UPDATE `creature_template_difficulty` SET `ContentTuningID`=80, `StaticFlags1`=0x10000000, `VerifiedBuild`=64978 WHERE (`Entry`=61127 AND `DifficultyID` IN (0, 1)); -- 61127 (Ji Firepaw) - CanSwim
UPDATE `creature_template_difficulty` SET `ContentTuningID`=80, `StaticFlags1`=0x10000000, `VerifiedBuild`=64978 WHERE (`Entry`=61126 AND `DifficultyID` IN (0, 1)); -- 61126 (Aysa Cloudsinger) - CanSwim
UPDATE `creature_template_difficulty` SET `StaticFlags1`=0x10000000, `VerifiedBuild`=64978 WHERE (`Entry`=57619 AND `DifficultyID`=0); -- 57619 (Cheng Dawnscrive) - CanSwim
UPDATE `creature_template_difficulty` SET `StaticFlags1`=0x10000000, `VerifiedBuild`=64978 WHERE (`Entry`=54786 AND `DifficultyID`=0); -- 54786 (Master Shang Xi) - CanSwim
UPDATE `creature_template_difficulty` SET `StaticFlags1`=0x20000100, `VerifiedBuild`=64978 WHERE (`Entry`=57769 AND `DifficultyID`=0); -- 57769 (Шэнь-Цзынь Су) - Sessile, Floating
UPDATE `creature_template_difficulty` SET `StaticFlags1`=0x10000000, `VerifiedBuild`=64978 WHERE (`Entry`=68986 AND `DifficultyID`=0); -- 68986 (Li the Tamer) - CanSwim
UPDATE `creature_template_difficulty` SET `StaticFlags1`=0x10000000, `VerifiedBuild`=64978 WHERE (`Entry`=66298 AND `DifficultyID`=0); -- 66298 (Green Dragon Turtle) - CanSwim
UPDATE `creature_template_difficulty` SET `StaticFlags1`=0x20000100, `VerifiedBuild`=64978 WHERE (`Entry`=56479 AND `DifficultyID`=0); -- 56479 (Legacy of Liu Lang) - Sessile, Floating
UPDATE `creature_template_difficulty` SET `StaticFlags1`=0x10000000, `VerifiedBuild`=64978 WHERE (`Entry`=57414 AND `DifficultyID`=0); -- 57414 (Temple Guard) - CanSwim
UPDATE `creature_template_difficulty` SET `StaticFlags1`=0x10000000, `VerifiedBuild`=64978 WHERE (`Entry`=65094 AND `DifficultyID`=0); -- 65094 (Priestess of the Dawn) - CanSwim

DELETE FROM `phase_area` WHERE `PhaseId` IN (1323, 1324);
INSERT INTO `phase_area` (`AreaId`, `PhaseId`, `Comment`) VALUES
(5736, 1323, 'Cosmetic - Central Statue, Pre-Fire'),
(5736, 1324, 'Cosmetic - Central Statue, Post-Fire');

DELETE FROM `conditions` WHERE (`SourceGroup` IN (1323, 1324)) AND (`SourceEntry` = 5736);
INSERT INTO `conditions` (`SourceTypeOrReferenceId`, `SourceGroup`, `SourceEntry`, `SourceId`, `ElseGroup`, `ConditionTypeOrReference`, `ConditionTarget`, `ConditionValue1`, `ConditionValue2`, `ConditionValue3`, `ConditionStringValue1`, `NegativeCondition`, `ErrorType`, `ErrorTextId`, `ScriptName`, `Comment`) VALUES
(26, 1323, 5736, 0, 0, 47, 0, 29423, 66, 0, '', 1, 0, 0, '', 'Allow phase 1323 if quest 29423 state not completed / not rewarded'),
(26, 1324, 5736, 0, 0, 47, 0, 29423, 66, 0, '', 0, 0, 0, '', 'Allow phase 1324 if quest 29423 state completed / rewarded');


DELETE FROM `waypoint_path` WHERE `PathId` IN (6112600);
INSERT INTO `waypoint_path` (`PathId`, `MoveType`, `Flags`, `Velocity`, `Comment`) VALUES
(6112600, 0, 1, NULL, '61126 (Aysa Cloudsinger)');

DELETE FROM `waypoint_path_node` WHERE `PathId` IN (6112600);
INSERT INTO `waypoint_path_node` (`PathId`, `NodeId`, `PositionX`, `PositionY`, `PositionZ`, `Orientation`) VALUES
(6112600, 1, 969.36, 3601.2856, 196.06541, NULL),
(6112600, 2, 966.3715, 3602.764, 196.47968, NULL);

DELETE FROM `waypoint_path` WHERE `PathId` IN (6112700);
INSERT INTO `waypoint_path` (`PathId`, `MoveType`, `Flags`, `Velocity`, `Comment`) VALUES
(6112700, 0, 1, NULL, '61127 (Ji Firepaw)');

DELETE FROM `waypoint_path_node` WHERE `PathId` IN (6112700);
INSERT INTO `waypoint_path_node` (`PathId`, `NodeId`, `PositionX`, `PositionY`, `PositionZ`, `Orientation`) VALUES
(6112700, 1, 971.5566, 3607.8015, 195.71495, NULL),
(6112700, 2, 966.1493, 3607.0894, 196.51373, NULL);

DELETE FROM `waypoint_path` WHERE `PathId` IN (6112701);
INSERT INTO `waypoint_path` (`PathId`, `MoveType`, `Flags`, `Velocity`, `Comment`) VALUES
(6112701, 0, 2, NULL, '61127 (Ji Firepaw)');

DELETE FROM `waypoint_path_node` WHERE `PathId` IN (6112701);
INSERT INTO `waypoint_path_node` (`PathId`, `NodeId`, `PositionX`, `PositionY`, `PositionZ`, `Orientation`, `Delay`) VALUES
(6112701, 1, 966.149, 3607.09, 196.514, NULL, 0),
(6112701, 2, 961.61, 3599.57, 196.419, NULL, 0),
(6112701, 3, 959.528, 3596.13, 196.313, NULL, 0),
(6112701, 4, 959.424, 3595.96, 196.351, NULL, 0),
(6112701, 5, 958.788, 3594.9, 196.421, NULL, 0),
(6112701, 6, 958.449, 3594.34, 196.443, NULL, 0),
(6112701, 7, 957.81, 3593.28, 196.62, NULL, 0),
(6112701, 8, 957.277, 3592.96, 196.604, NULL, 0),
(6112701, 9, 956.45, 3592.46, 196.599, NULL, 0),
(6112701, 10, 955.639, 3591.97, 195.728, NULL, 0),
(6112701, 11, 954.285, 3591.15, 195.732, NULL, 0),
(6112701, 12, 952.979, 3590.36, 195.712, NULL, 0),
(6112701, 13, 952.261, 3589.92, 196.578, NULL, 0),
(6112701, 14, 951.009, 3589.16, 196.59, NULL, 0),
(6112701, 15, 949.507, 3588.25, 196.58, NULL, 0),
(6112701, 16, 934.264, 3588.82, 196.584, NULL, 0),
(6112701, 17, 931.479, 3590.6, 196.603, NULL, 0),
(6112701, 18, 930.757, 3591.06, 195.712, NULL, 0),
(6112701, 19, 929.668, 3591.75, 195.726, NULL, 0),
(6112701, 20, 929.493, 3591.86, 195.731, NULL, 0),
(6112701, 21, 928.146, 3592.72, 195.745, NULL, 0),
(6112701, 22, 927.337, 3593.23, 196.657, NULL, 0),
(6112701, 23, 925.967, 3594.1, 196.594, NULL, 0),
(6112701, 24, 925.661, 3594.3, 196.569, NULL, 0),
(6112701, 25, 923.749, 3595.65, 196.407, NULL, 0),
(6112701, 26, 919.881, 3598.4, 196.619, NULL, 0),
(6112701, 27, 918.112, 3599.65, 196.525, NULL, 0),
(6112701, 28, 905.293, 3603.47, 193.129, NULL, 0),
(6112701, 29, 896.877, 3604.32, 193.098, NULL, 0),
(6112701, 30, 890.26, 3604.66, 192.259, NULL, 0),
(6112701, 31, 880.778, 3605.35, 192.204, NULL, 0),
(6112701, 32, 856.174, 3606.66, 173.901, NULL, 0);

DELETE FROM `waypoint_path` WHERE `PathId` IN (6112601);
INSERT INTO `waypoint_path` (`PathId`, `MoveType`, `Flags`, `Velocity`, `Comment`) VALUES
(6112601, 0, 2, NULL, '61126 (Aysa Cloudsinger)');

DELETE FROM `waypoint_path_node` WHERE `PathId` IN (6112601);
INSERT INTO `waypoint_path_node` (`PathId`, `NodeId`, `PositionX`, `PositionY`, `PositionZ`, `Orientation`, `Delay`) VALUES
(6112601, 1, 966.372, 3602.76, 196.48, NULL, 0),
(6112601, 2, 953.724, 3586.03, 196.605, NULL, 0),
(6112601, 3, 946.795, 3581.76, 196.423, NULL, 0),
(6112601, 4, 942.691, 3571.45, 193.022, NULL, 0),
(6112601, 5, 940.927, 3558.86, 193.421, NULL, 0),
(6112601, 6, 941.162, 3564.98, 193.024, NULL, 0),
(6112601, 7, 941.02, 3559.48, 193.035, NULL, 0),
(6112601, 8, 941.266, 3558.73, 193.41, NULL, 0),
(6112601, 9, 940.927, 3558.86, 193.421, NULL, 0),
(6112601, 10, 940.895, 3558.66, 193.421, NULL, 0),
(6112601, 11, 940.85, 3556.92, 194.077, NULL, 0),
(6112601, 12, 940.91, 3555.48, 194.04, NULL, 0),
(6112601, 13, 940.902, 3555.33, 193.579, NULL, 0),
(6112601, 14, 940.881, 3553.84, 193.611, NULL, 0),
(6112601, 15, 941.021, 3552.36, 192.716, NULL, 0),
(6112601, 16, 941.067, 3551.87, 192.735, NULL, 0),
(6112601, 17, 941.796, 3544.16, 192.725, NULL, 0),
(6112601, 18, 941.84, 3543.69, 192.839, NULL, 0),
(6112601, 19, 942.205, 3532.94, 193.716, NULL, 0),
(6112601, 20, 941.934, 3523.57, 192.076, NULL, 0),
(6112601, 21, 941.339, 3500.11, 187.679, NULL, 0),
(6112601, 22, 943.224, 3486.15, 187.695, NULL, 0);




-- Quest: 29678 Shu The Spirit of Water


-- Quest: 29679 A new Friend
-- Object required for the pool of reflection
SET @OGUID := 900000;
DELETE FROM `gameobject` WHERE `guid` = @OGUID+69;
INSERT INTO `gameobject` VALUES
(@OGUID+69, '209585', '860', '5736', '5862', '0', '0', '0', '0', '-1', '1106.2', '2860.34', '92.189', '0.918553', '-0', '-0', '-0.4433', '-0.896374', '300', '255', '1', '', NULL, '0');

UPDATE `creature_template` SET `AIName` = 'SmartAI', `unit_flags` = '33554944', `unit_flags2` = '2048' WHERE (`entry` = '60488');
UPDATE `creature_template` SET `ScriptName` = 'npc_shu_playing' WHERE (`entry` = '65493');

DELETE FROM `creature_template_addon` WHERE `entry` IN (60488);
INSERT INTO `creature_template_addon` (`entry`, `PathId`, `mount`, `MountCreatureID`, `StandState`, `AnimTier`, `VisFlags`, `SheathState`, `PvPFlags`, `emote`, `aiAnimKit`, `movementAnimKit`, `meleeAnimKit`, `visibilityDistanceType`, `auras`) VALUES 
('60488', '0', '0', '0', '0', '0', '1', '1', '0', '0', '0', '0', '0', '0', '89304 116695'); -- Water Spout Bunny at pool2 -- 85096 or 80797 ????? 
-- UPDATE `creature_template_addon` SET `auras` = '89304 116695' WHERE (`entry` = '60488');

-- these flags disable gravity for the bunny so it can stay above water
UPDATE `creature_template_difficulty` SET `StaticFlags1` = '536870912' WHERE (`Entry` = '60488') and (`DifficultyID` = '0');

DELETE FROM `creature_addon` WHERE `guid` IN (451090);
INSERT INTO `creature_addon` (`guid`, `PathId`, `mount`, `MountCreatureID`, `StandState`, `AnimTier`, `VisFlags`, `SheathState`, `PvPFlags`, `emote`, `aiAnimKit`, `movementAnimKit`, `meleeAnimKit`, `visibilityDistanceType`, `auras`) VALUES 
('451090', '0', '0', '0', '0', '0', '1', '1', '0', '0', '0', '0', '0', '0', '89304'); -- Shu at pool2 -- 85096 or 80797 ????? 
-- UPDATE `creature_addon` SET `auras` = '89304' WHERE (`guid` = '451090'); -- not sure if this is correct or one of the above



DELETE FROM `smart_scripts` WHERE `entryorguid` IN (60488,6048800); -- 15880 was the original model but not working
INSERT INTO `smart_scripts` VALUES -- we use model 21072 now taken from wowhead
('60488', '0', '0', '1', '0', '54', '0', '100', '0', '0', '0', '0', '0', '0', '', '3', '0', '21072', '0', '0', '0', '0', '0', '', '1', '0', '0', '0', '0', '', '0', '0', '0', '0', 'Water Spout - Just Spawned - Morph'),
('60488', '0', '1', '0', '0', '61', '0', '100', '0', '0', '0', '0', '0', '0', '', '80', '6048800', '2', '0', '0', '0', '0', '0', '', '1', '0', '0', '0', '0', '', '0', '0', '0', '0', 'Water Spout - Just Spawned - Run Script'),
('6048800', '9', '0', '0', '', '0', '0', '100', '0', '5000', '5000', '1000', '1000', '0', '', '11', '117057', '2', '0', '0', '0', '0', '0', NULL, '1', '0', '0', '0', '0', NULL, '0', '0', '0', '0', 'Water Spout - Cast Water Spout Geyser Aura'),
('6048800', '9', '1', '0', '', '0', '0', '100', '0', '0', '0', '1000', '1000', '0', '', '11', '116696', '2', '0', '0', '0', '0', '0', NULL, '1', '0', '0', '0', '0', NULL, '0', '0', '0', '0', 'Water Spout - Cast Water Spout Burst'),
('6048800', '9', '2', '0', '', '0', '0', '100', '0', '0', '0', '3000', '3000', '0', '', '28', '116695', '0', '0', '0', '0', '0', '0', NULL, '1', '0', '0', '0', '0', NULL, '0', '0', '0', '0', 'Water Spout - Remove Aura'),
('6048800', '9', '3', '0', '', '0', '0', '100', '0', '3000', '3000', '1000', '1000', '0', '', '41', '0', '0', '0', '0', '0', '0', '0', NULL, '1', '0', '0', '0', '0', NULL, '0', '0', '0', '0', 'Water Spout - Despawn');




-- Quest: 29680 The Source of Our Livelihood
UPDATE `creature_template` SET `ScriptName` = 'npc_shu_follower' WHERE `Entry` IN (55213);
UPDATE `creature_template` SET `movementId` = '65' WHERE (`entry` = '55213');

DELETE FROM `creature_template_addon` WHERE `entry` IN (55213,55539);
INSERT INTO `creature_template_addon` (`entry`, `PathId`, `mount`, `MountCreatureID`, `StandState`, `AnimTier`, `VisFlags`, `SheathState`, `PvPFlags`, `emote`, `aiAnimKit`, `movementAnimKit`, `meleeAnimKit`, `visibilityDistanceType`, `auras`) VALUES 
('55213', '5521300', '0', '0', '0', '0', '1', '0', '0', '0', '0', '0', '0', '0', '103245'),
('55539', '0', '0', '0', '0', '0', '1', '0', '0', '0', '0', '0', '0', '0', '80797');

DELETE FROM `creature_addon` WHERE `guid` IN (451176,451196);
INSERT INTO `creature_addon` (`guid`, `PathId`, `mount`, `MountCreatureID`, `StandState`, `AnimTier`, `VisFlags`, `SheathState`, `PvPFlags`, `emote`, `aiAnimKit`, `movementAnimKit`, `meleeAnimKit`, `visibilityDistanceType`, `auras`) VALUES 
('451176', '0', '0', '0', '3', '0', '1', '0', '0', '0', '0', '0', '0', '0', '80797 42386'), -- Wugou at Farmstead
('451196', '0', '0', '0', '0', '0', '1', '0', '0', '0', '0', '0', '0', '0', '80797'); -- Shu at Farmstead
-- ('451166', '0', '0', '0', '0', '0', '1', '0', '0', '0', '0', '0', '0', '0', '80797'); -- Ji at Farmstead


DELETE FROM `waypoint_path` WHERE `PathId` IN (5521300);
INSERT INTO `waypoint_path` (`PathId`, `MoveType`, `Flags`, `Comment`) VALUES
(5521300,1,0,'Spawned Shu quest 29680');

DELETE FROM `waypoint_path_node` WHERE `PathId` IN (5521300);
INSERT INTO `waypoint_path_node` (PathId,NodeId,PositionX, PositionY,PositionZ) values
('5521300', '0', '634.3', '3126.2', '88.7482'),
('5521300', '1', '642.205', '3124.58', '89.3339'),
('5521300', '2', '649.877', '3126.44', '89.808'),
('5521300', '3', '655.521', '3131.44', '89.3411'),
('5521300', '4', '660.047', '3135.83', '88.807'),
('5521300', '5', '665.788', '3136.77', '87.8995');

-- Quest: 29769 Rascals
-- Quest: 29770 Still Good!
DELETE FROM `creature_queststarter` WHERE `quest` IN (29769,29770);
INSERT INTO `creature_queststarter` (`id`, `quest`, `VerifiedBuild`) VALUES ('55477', '29769', '0');
INSERT INTO `creature_queststarter` (`id`, `quest`, `VerifiedBuild`) VALUES ('55479', '29770', '0');

UPDATE `creature_template` SET `AIName` = 'SmartAI' WHERE `Entry` IN (55477,55483,55504);
DELETE FROM `smart_scripts` WHERE `entryorguid` IN (55477,5547700,55483,55504);
INSERT INTO `smart_scripts` (`entryorguid`,`source_type`,`id`,`link`,`event_type`,`event_phase_mask`,`event_chance`,`event_flags`,`event_param1`,`event_param2`,`event_param3`,`event_param4`,`event_param5`,`event_param_string`,`action_type`,`action_param1`,`action_param2`,`action_param3`,`action_param4`,`action_param5`,`action_param6`,`target_type`,`target_param1`,`target_param2`,`target_param3`,`target_x`,`target_y`,`target_z`,`target_o`,`comment`) VALUES 
('55483', '0', '0', '0', '4', '0', '25', '0', '0', '0', '0', '0', '0', '', '1', '0', '0', '0', '0', '0', '0', '1', '0', '0', '0', '0', '0', '0', '0', 'Plump Virmen - On Aggro - Talk'),
('55483', '0', '1', '0', '4', '0', '100', '0', '0', '0', '0', '0', '0', '', '30', '1', '2', '0', '0', '0', '0', '1', '0', '0', '0', '0', '0', '0', '0', 'Plump Virmen - On Aggro - Set Random Phase'),
('55483', '0', '2', '0', '0', '0', '100', '0', '2000', '5000', '5000', '8000', '0', '', '11', '107936', '0', '0', '0', '0', '0', '2', '0', '0', '0', '0', '0', '0', '0', 'Plump Virmen - Update IC - Cast Back Kick'),
('55483', '0', '3', '0', '0', '1', '100', '0', '5000', '8000', '8000', '12000', '0', '', '11', '107938', '0', '0', '0', '0', '0', '2', '0', '0', '0', '0', '0', '0', '0', 'Plump Virmen - Update IC - Cast Tail Thrash'),
('55483', '0', '4', '0', '0', '2', '100', '0', '5000', '8000', '15000', '18000', '0', '', '11', '107944', '0', '0', '0', '0', '0', '1', '0', '0', '0', '0', '0', '0', '0', 'Plump Virmen - Update IC - Cast Carrot Breath'),
('55504', '0', '0', '0', '4', '0', '25', '0', '0', '0', '0', '0', '0', '', '1', '0', '0', '0', '0', '0', '0', '1', '0', '0', '0', '0', '0', '0', '0', 'Plump Carrotcruncher - On Aggro - Talk'),
('55504', '0', '1', '0', '4', '0', '100', '0', '0', '0', '0', '0', '0', '', '30', '1', '2', '0', '0', '0', '0', '1', '0', '0', '0', '0', '0', '0', '0', 'Plump Carrotcruncher - On Aggro - Set Random Phase'),
('55504', '0', '2', '0', '0', '0', '100', '0', '2000', '5000', '5000', '8000', '0', '', '11', '107936', '0', '0', '0', '0', '0', '2', '0', '0', '0', '0', '0', '0', '0', 'Plump Carrotcruncher - Update IC - Cast Back Kick'),
('55504', '0', '3', '0', '0', '1', '100', '0', '5000', '8000', '8000', '12000', '0', '', '11', '107938', '0', '0', '0', '0', '0', '2', '0', '0', '0', '0', '0', '0', '0', 'Plump Carrotcruncher - Update IC - Cast Tail Thrash'),
('55504', '0', '4', '0', '0', '2', '100', '0', '5000', '8000', '15000', '20000', '0', '', '11', '107944', '0', '0', '0', '0', '0', '1', '0', '0', '0', '0', '0', '0', '0', 'Plump Carrotcruncher - Update IC - Cast Carrot Breath'),
('55477', '0', '0', '0', '11', '0', '100', '0', '0', '0', '0', '0', '0', '', '59', '0', '0', '0', '0', '0', '0', '1', '0', '0', '0', '0', '0', '0', '0', 'Ji Firepaw - On Respawn - Set Run'),
('55477', '0', '1', '0', '1', '0', '100', '0', '1000', '1000', '116000', '116000', '0', '', '80', '5547700', '0', '0', '0', '0', '0', '1', '0', '0', '0', '0', '0', '0', '0', 'Ji Firepaw - Update OOC - Run Script'),
('5547700', '9', '0', '0', '0', '0', '100', '0', '0', '0', '1000', '1000', '0', '', '1', '0', '0', '0', '0', '0', '0', '1', '0', '0', '0', '0', '0', '0', '0', 'Ji Firepaw - Talk'),
('5547700', '9', '1', '0', '0', '0', '100', '0', '16000', '16000', '1000', '1000', '0', '', '1', '1', '0', '0', '0', '0', '0', '1', '0', '0', '0', '0', '0', '0', '0', 'Ji Firepaw - Talk'),
('5547700', '9', '2', '0', '0', '0', '100', '0', '17000', '17000', '1000', '1000', '0', '', '1', '2', '0', '0', '0', '0', '0', '1', '0', '0', '0', '0', '0', '0', '0', 'Ji Firepaw - Talk'),
('5547700', '9', '3', '0', '0', '0', '100', '0', '18000', '18000', '1000', '1000', '0', '', '69', '1', '0', '0', '0', '0', '0', '8', '0', '0', '0', '628.734', '3138.05', '87.837', '0', 'Ji Firepaw - Move to Pos'),
('5547700', '9', '4', '0', '0', '0', '100', '0', '1000', '1000', '1000', '1000', '0', '', '66', '0', '0', '0', '0', '0', '0', '8', '0', '0', '0', '0', '0', '0', '6.21337', 'Ji Firepaw - Set Orientation'),
('5547700', '9', '5', '0', '0', '0', '100', '0', '0', '0', '1000', '1000', '0', '', '1', '3', '0', '0', '0', '0', '0', '1', '0', '0', '0', '0', '0', '0', '0', 'Ji Firepaw - Talk'),
('5547700', '9', '6', '0', '0', '0', '100', '0', '4000', '4000', '1000', '1000', '0', '', '11', '118026', '0', '0', '0', '0', '0', '1', '0', '0', '0', '0', '0', '0', '0', 'Ji Firepaw - Cast SpecialUnarmed w/ Gong Song'),
('5547700', '9', '7', '0', '0', '0', '100', '0', '3500', '3500', '1000', '1000', '0', '', '1', '4', '0', '0', '0', '0', '0', '1', '0', '0', '0', '0', '0', '0', '0', 'Ji Firepaw - Talk'),
('5547700', '9', '8', '0', '0', '0', '100', '0', '0', '0', '1000', '1000', '0', '', '69', '2', '0', '0', '0', '0', '0', '8', '0', '0', '0', '629.354', '3139.15', '87.837', '0', 'Ji Firepaw - Move to Pos'),
('5547700', '9', '9', '0', '0', '0', '100', '0', '1000', '1000', '1000', '1000', '0', '', '66', '0', '0', '0', '0', '0', '0', '8', '0', '0', '0', '0', '0', '0', '0.558505', 'Ji Firepaw - Set Orientation'),
('5547700', '9', '10', '0', '0', '0', '100', '0', '4000', '4000', '1000', '1000', '0', '', '1', '5', '0', '0', '0', '0', '0', '1', '0', '0', '0', '0', '0', '0', '0', 'Ji Firepaw - Talk'),
('5547700', '9', '11', '0', '0', '0', '100', '0', '0', '0', '1000', '1000', '0', '', '17', '510', '0', '0', '0', '0', '0', '1', '0', '0', '0', '0', '0', '0', '0', 'Ji Firepaw - Set Emote State'),
('5547700', '9', '12', '0', '0', '0', '100', '0', '1000', '1000', '1000', '1000', '0', '', '1', '6', '0', '0', '0', '0', '0', '1', '0', '0', '0', '0', '0', '0', '0', 'Ji Firepaw - Talk'),
('5547700', '9', '13', '0', '0', '0', '100', '0', '1000', '1000', '1000', '1000', '0', '', '1', '7', '0', '0', '0', '0', '0', '1', '0', '0', '0', '0', '0', '0', '0', 'Ji Firepaw - Talk'),
('5547700', '9', '14', '0', '0', '0', '100', '0', '1000', '1000', '1000', '1000', '0', '', '1', '8', '0', '0', '0', '0', '0', '1', '0', '0', '0', '0', '0', '0', '0', 'Ji Firepaw - Talk'),
('5547700', '9', '15', '0', '0', '0', '100', '0', '0', '0', '1000', '1000', '0', '', '17', '30', '0', '0', '0', '0', '0', '1', '0', '0', '0', '0', '0', '0', '0', 'Ji Firepaw - Set Emote State'),
('5547700', '9', '16', '0', '0', '0', '100', '0', '1000', '1000', '1000', '1000', '0', '', '1', '9', '0', '0', '0', '0', '0', '1', '0', '0', '0', '0', '0', '0', '0', 'Ji Firepaw - Talk'),
('5547700', '9', '17', '0', '0', '0', '100', '0', '20000', '20000', '1000', '1000', '0', '', '1', '10', '0', '0', '0', '0', '0', '1', '0', '0', '0', '0', '0', '0', '0', 'Ji Firepaw - Talk'),
('5547700', '9', '18', '0', '0', '0', '100', '0', '13000', '13000', '1000', '1000', '0', '', '5', '20', '0', '0', '0', '0', '0', '1', '0', '0', '0', '0', '0', '0', '0', 'Ji Firepaw - Play Emote');

-- Condition for Ji at the farmstead SAY lines
DELETE FROM `conditions`
WHERE SourceTypeOrReferenceId = 22
  AND SourceGroup = 5
  AND SourceEntry = 55477
  AND ConditionTypeOrReference = 9
  AND ConditionValue1 = 29774;
INSERT INTO `conditions` (
    SourceTypeOrReferenceId, SourceGroup, SourceEntry, SourceId,
    ElseGroup, ConditionTypeOrReference, ConditionTarget,
    ConditionValue1, ConditionValue2, ConditionValue3,
    NegativeCondition, COMMENT
) VALUES
(
    22,                -- CONDITION_SOURCE_TYPE_SMART_EVENT
    5,                 -- SourceGroup (event id + 1)
    55477,             -- entryorguid of your creature
    0,                 -- smart_scripts.source_type
    0,                 -- ElseGroup
    9,                 -- CONDITION_QUESTTAKEN
    0,                 -- ConditionTarget (player context)
    29774,             -- Quest ID
    0, 0,              -- unused
    1,                 -- NEGATIVE: true when quest is NOT taken
    'Ji: run SAI only if quest 29774 is NOT taken'
);


UPDATE `creature_template_difficulty` SET `LootID` = '55483', `GoldMin` = '7', `GoldMax` = '7' WHERE (`Entry` = '55483') and (`DifficultyID` = '0');
UPDATE `creature_template_difficulty` SET `LootID` = '55504', `GoldMin` = '7', `GoldMax` = '7' WHERE (`Entry` = '55504') and (`DifficultyID` = '0');

-- Quest: 29774 Not In the Face!
DELETE FROM `creature_queststarter` WHERE `quest` IN (29772,29774,29775);
INSERT INTO `creature_queststarter` (`id`, `quest`, `VerifiedBuild`) VALUES ('55477', '29772', '0');
INSERT INTO `creature_queststarter` (`id`, `quest`, `VerifiedBuild`) VALUES ('55477', '29774', '0');
INSERT INTO `creature_queststarter` (`id`, `quest`, `VerifiedBuild`) VALUES ('55477', '29775', '0');

DELETE FROM `creature_template_addon` WHERE `entry` IN (55558,60916);
INSERT INTO `creature_template_addon` (`entry`, `PathId`, `mount`, `MountCreatureID`, `StandState`, `AnimTier`, `VisFlags`, `SheathState`, `PvPFlags`, `emote`, `aiAnimKit`, `movementAnimKit`, `meleeAnimKit`, `visibilityDistanceType`, `auras`) VALUES 
('55558', '0', '0', '0', '0', '0', '0', '0', '0', '0', '0', '0', '0', '0', '105890'), -- shu spawn at farmstead
('60916', '0', '0', '0', '0', '0', '0', '0', '0', '0', '0', '0', '0', '0', '105889 42386'); -- wugou spawn at farmstead

DELETE FROM `gossip_menu` WHERE `MenuID` = 13140;
INSERT INTO `gossip_menu` (`MenuID`, `TextID`, `VerifiedBuild`) VALUES ('13140', '18503', '0');

DELETE FROM `gossip_menu_option` WHERE `MenuID` = 13140 AND `GossipOptionID` = 18503;
INSERT INTO `gossip_menu_option` (`MenuID`, `GossipOptionID`, `OptionID`, `OptionNpc`, `OptionText`, `OptionBroadcastTextID`, `Language`, `Flags`, `SpellID`) VALUES 
('13140', '18503', '0', '0', 'Shu, can you wake up Wuguo for me?', '54025', '0', '1', 104017);

UPDATE `creature_template` SET `AIName` = '' WHERE `Entry` IN (55556,55558);
UPDATE `creature_template` SET `ScriptName` = 'npc_shu_at_farmstead_pool' WHERE `Entry` = 55556;
UPDATE `creature_template` SET `ScriptName` = 'npc_shu_at_farmstead_play' WHERE `Entry` = 55558;

DELETE FROM `waypoint_path` WHERE `PathId` IN (5555800, 5555801,5555802);
INSERT INTO `waypoint_path` (`PathId`, `MoveType`, `Flags`, `Comment`) VALUES
(5555802,1,0,'Spawned Shu at the Farmstead after Wugou wakes up'),
(5555800,1,0,'Spawned Shu at the Farmstead quest'),
(5555801,1,0,'Spawned Shu at the Farmstead after quest');

DELETE FROM `waypoint_path_node` WHERE `PathId` IN (5555800, 5555801, 5555802);
INSERT INTO `waypoint_path_node` (PathId,NodeId,PositionX, PositionY,PositionZ) values
('5555802', '0', '815.315', '3608.55', '173.987'),
('5555802', '1', '831.068', '3607.74', '175.247'),
('5555802', '2', '841.146', '3606.77', '175.188'),
('5555802', '3', '855.831', '3607.75', '173.619'),
('5555802', '4', '880.269', '3605.99', '192.267'),
('5555802', '5', '892.776', '3605.94', '192.93'),
('5555802', '6', '900.755', '3603.12', '193.08'),
('5555802', '7', '906.239', '3600.17', '193.1');
INSERT INTO `waypoint_path_node` (PathId,NodeId,PositionX, PositionY,PositionZ) values
('5555800', '0', '648.675', '3124.17', '90.2095'),
('5555800', '1', '639.615', '3120.11', '89.8218'),
('5555800', '2', '628.448', '3121.48', '88.5602'),
('5555800', '3', '622.969', '3125.62', '88.0585'),
('5555800', '4', '620.156', '3134.65', '87.837'),
('5555800', '5', '621.747', '3140.77', '87.837');
INSERT INTO `waypoint_path_node` (PathId,NodeId,PositionX, PositionY,PositionZ) values
('5555801', '0', '614.498', '3126.25', '87.8195'),
('5555801', '1', '624.028', '3121.75', '87.9445'),
('5555801', '2', '634.573', '3125.93', '88.6816'),
('5555801', '3', '638.785', '3133.88', '88.1648'),
('5555801', '4', '639.109', '3140.55', '88.3733'),
('5555801', '5', '636.264', '3146.2', '88.5406'),
('5555801', '6', '630.757', '3147.61', '88.2409'),
('5555801', '7', '625.675', '3143.88', '87.837');

UPDATE `waypoint_path_node` SET `Orientation` = '6.21337' WHERE (`PathId` = 5555800 AND `NodeId` = 5);

DELETE FROM `smart_scripts` WHERE `entryorguid` IN (55556,55558,5555800) AND `source_type` = 0;
-- Removed spell from object as i can't get it to work
DELETE FROM `smart_scripts` WHERE `entryorguid` IN (209626) AND `source_type` = 1;
INSERT INTO `smart_scripts` (`entryorguid`, `source_type`, `id`, `link`, `event_type`, `event_chance`, `event_param1`, `action_type`, `action_param1`, `action_param2`, `target_type`, `target_param1`, `target_param2`, `comment`) VALUES 
('209626', '1', '0', '1', '70', '100', '2', '134', '118026', 0, '7', 0,0,'On Use Break Gong - Cast Gong Song'),
('209626', '1', '1', '2', '61', '100', '0', '45', '1', 1, '11', 55539, 20, 'Break Gong - Set Data Wugou'),
('209626', '1', '2', '0', '61', '100', '0', '45', '2', 2, '11', 55477, 20, 'Break Gong - Set Data Ji');

UPDATE `creature_template` SET `AIName` = 'SmartAI' WHERE `Entry` IN (55539,55556,55558);
DELETE FROM `smart_scripts` WHERE `entryorguid` IN (55539,55556,55558,5555800);
DELETE FROM `smart_scripts` WHERE `entryorguid` IN (55477) AND `event_type` IN (38,61);
INSERT INTO `smart_scripts` (`entryorguid`,`source_type`,`id`,`link`,`event_type`,`event_phase_mask`,`event_chance`,`event_flags`,`event_param1`,`event_param2`,`event_param3`,`event_param4`,`event_param5`,`event_param_string`,`action_type`,`action_param1`,`action_param2`,`action_param3`,`action_param4`,`action_param5`,`action_param6`,`target_type`,`target_param1`,`target_param2`,`target_param3`,`target_x`,`target_y`,`target_z`,`target_o`,`comment`) VALUES 
('55539', '0', '0', '0', '38', '0', '100', '0', '1', '1', '1000', '1000', '0', '', '1', '0', '0', '0', '0', '0', '0', '1', '0', '0', '0', '0', '0', '0', '0', 'Wugou - On Data Set - Talk'),
('55477', '0', '2', '3', '38', '0', '100', '0', '2', '2', '5000', '5000', '0', '', '1', '11', '0', '0', '0', '0', '0', '1', '0', '0', '0', '0', '0', '0', '0', 'Ji Firepaw - Talk'),
('55477', '0', '3', '0', '61', '0', '100', '0', '0', '0', '0', '0', '0', '', '33', '55546', '0', '0', '0', '0', '0', '18', '20', '0', '0', '0', '0', '0', '0', 'Ji Firepaw - Quest Credit'),
('55556', '0', '0', '0', '1', '0', '100', '0', '0', '5000', '8000', '12000', '0', '', '11', '118032', '0', '0', '0', '0', '0', '1', '0', '0', '0', '0', '0', '0', '0', 'Shu - Update OOC - Cast Water Spout'),
('55556', '0', '1', '2', '62', '0', '100', '0', '13140', '0', '0', '0', '0', '', '72', '0', '0', '0', '0', '0', '0', '7', '0', '0', '0', '0', '0', '0', '0', 'Shu - On Gossip Select - Close Gossip'),
('55556', '0', '2', '0', '61', '0', '100', '0', '0', '0', '0', '0', '0', '', '85', '104017', '2', '0', '0', '0', '0', '7', '0', '0', '0', '0', '0', '0', '0', 'Shu - On Gossip Select - Invoker Cast Summon Spirit of Water'),
('55558', '0', '0', '1', '54', '0', '100', '0', '0', '0', '0', '0', '0', '', '53', '1', '8', '0', '0', '0', '0', '1', '0', '0', '0', '0', '0', '0', '0', 'Shu - Just Spawned - Start WP'),
('55558', '0', '1', '0', '61', '0', '100', '0', '0', '0', '0', '0', '0', '', '54', '2000', '0', '0', '0', '0', '0', '1', '0', '0', '0', '0', '0', '0', '0', 'Shu - Just Spawned - Pause WP'),
('55558', '0', '2', '3', '58', '0', '100', '0', '5', '8', '0', '0', '0', '', '66', '0', '0', '0', '0', '0', '0', '8', '0', '0', '0', '0', '0', '0', '6.21337', 'Shu - On WP Ended - Set Orientation'),
('55558', '0', '3', '4', '61', '0', '100', '0', '0', '0', '0', '0', '0', '', '11', '118027', '2', '0', '0', '0', '0', '1', '0', '0', '0', '0', '0', '0', '0', 'Shu - On WP Ended - Cast Shu\'s Water Splash'),
('55558', '0', '4', '0', '61', '0', '100', '0', '0', '0', '0', '0', '0', '', '11', '118034', '0', '0', '0', '0', '0', '1', '0', '0', '0', '0', '0', '0', '0', 'Shu - On WP Ended - Cast Water Splash'),
('55558', '0', '5', '6', '8', '0', '100', '0', '118034', '0', '0', '0', '0', '', '11', '104023', '0', '0', '0', '0', '0', '23', '0', '0', '0', '0', '0', '0', '0', 'Shu - On Spellhit - Cast Water Splash Credit'),
('55558', '0', '6', '0', '61', '0', '100', '0', '0', '0', '0', '0', '0', '', '80', '5555800', '0', '0', '0', '0', '0', '1', '0', '0', '0', '0', '0', '0', '0', 'Shu - On Spellhit - Run Script'),
('55558', '0', '7', '8', '31', '0', '100', '0', '118027', '0', '1000', '1000', '0', '', '28', '42386', '0', '0', '0', '0', '0', '7', '0', '0', '0', '0', '0', '0', '0', 'Shu - On Spellhit Target - Remove Aura'),
('55558', '0', '8', '0', '61', '0', '100', '0', '0', '0', '0', '0', '0', '', '64', '1', '0', '0', '0', '0', '0', '7', '0', '0', '0', '0', '0', '0', '0', 'Shu - On Spellhit Target - Store Target'),
('55558', '0', '9', '10', '58', '0', '100', '0', '7', '9', '0', '0', '0', '', '11', '118035', '0', '0', '0', '0', '0', '1', '0', '0', '0', '0', '0', '0', '0', 'Shu - On WP Ended - Cast Cast Water Spirit Laugh'),
('55558', '0', '10', '11', '61', '0', '100', '0', '0', '0', '0', '0', '0', '', '45', '1', '1', '0', '0', '0', '0', '12', '1', '0', '0', '0', '0', '0', '0', 'Shu - On WP Ended - Set Data'),
('55558', '0', '11', '0', '61', '0', '100', '0', '0', '0', '0', '0', '0', '', '29', '0', '1', '0', '0', '0', '0', '23', '0', '0', '0', '0', '0', '0', '0', 'Shu - On WP Ended - Follow Summoner'),
('55558', '0', '12', '13', '8', '0', '100', '1', '106683', '0', '0', '0', '0', '', '59', '1', '15', '1', '0', '0', '0', '1', '0', '0', '0', '0', '0', '0', '0', 'Shu - On Spellhit - Set Run'),
('55558', '0', '13', '14', '61', '0', '100', '1', '0', '0', '0', '0', '0', '', '53', '1', '9', '0', '0', '0', '0', '1', '0', '0', '0', '0', '0', '0', '0', 'Shu - On Spellhit - Start WP'),
('55558', '0', '14', '0', '61', '0', '100', '1', '0', '0', '0', '0', '0', '', '28', '104017', '0', '0', '0', '0', '0', '23', '0', '0', '0', '0', '0', '0', '0', 'Shu - On Spellhit - Remove Aura'),
('55558', '0', '15', '0', '58', '0', '100', '0', '7', '9', '0', '0', '0', '', '41', '0', '0', '0', '0', '0', '0', '1', '0', '0', '0', '0', '0', '0', '0', 'Shu - On WP Ended - Despawn'),
('5555800', '9', '0', '0', '0', '0', '100', '0', '2000', '2000', '1000', '1000', '0', '', '11', '118035', '0', '0', '0', '0', '0', '1', '0', '0', '0', '0', '0', '0', '0', 'Shu - Cast Water Spirit Laugh'),
('5555800', '9', '1', '0', '0', '0', '100', '0', '2000', '2000', '1000', '1000', '0', '', '53', '1', '9', '0', '0', '0', '0', '1', '0', '0', '0', '0', '0', '0', '0', 'Shu - Start WP');



UPDATE `gameobject_template` SET `AIName` = 'SmartGameObjectAI', `Data1` = '29772', `Data10` = '0' WHERE `Entry` = 209626; -- Data10 was 104012

DELETE FROM `spell_target_position` WHERE `ID` IN (108827,104450,108847,108858,102499,116191,116191,108786,115426,115426,115334,115336,115338,
116190,118500,126040,104571,131974,117615,117597,118499,115435,115495,115494,115493);
INSERT INTO spell_target_position VALUES
('108827', '0', '0', '860', '601.62', '3132.89', '88.0976', NULL, '0'),
('104450', '0', '0', '860', '909.137', '3610.38', '252.092', NULL, '0'),
('108847', '0', '0', '860', '1075.6', '4177.97', '204.63', NULL, '0'),
('108858', '0', '0', '860', '1075.54', '4177.9', '205.583', NULL, '0'),
('102499', '0', '0', '860', '1351.33', '3939.03', '109.324', NULL, '0'),
('116191', '0', '0', '860', '949.37', '3510', '187.715', NULL, '0'),
('108786', '0', '0', '860', '1038.55', '3286.39', '128.176', NULL, '0'),
('115426', '0', '0', '860', '695.26', '3600.99', '142.381', NULL, '20886'),
('115334', '0', '0', '860', '571.201', '3584.59', '94.8437', NULL, '0'),
('115336', '0', '0', '860', '573.84', '3577.94', '95.0413', NULL, '0'),
('115338', '0', '0', '860', '576.42', '3579.7', '94.9249', NULL, '0'),
('116190', '0', '0', '860', '933.509', '3511.01', '187.717', NULL, '0'),
('118500', '0', '0', '860', '992.108', '3604.55', '193.032', NULL, '0'),
('126040', '0', '0', '860', '756.201', '4168.14', '202.262', NULL, '0'),
('104571', '0', '0', '860', '666.514', '4218.27', '200.851', NULL, '0'),
('131974', '0', '0', '860', '248.988', '3941.08', '65.3511', NULL, '20886'),
('117615', '1', '0', '860', '250.757', '3932.67', '66.408', NULL, '20886'),
('117597', '0', '0', '860', '230.314', '4006.68', '87.2803', NULL, '0'),
('118499', '0', '0', '860', '992.003', '3600.76', '193.031', NULL, '0'),
('115435', '0', '0', '860', '566.524', '3583.47', '92.1576', NULL, '24742'),
('115495', '0', '0', '860', '418.16', '3630.88', '92.9404', NULL, '0'),
('115494', '0', '0', '860', '424.858', '3635.56', '92.6789', NULL, '0'),
('115493', '0', '0', '860', '422.292', '3633.7', '92.8522', NULL, '0');

-- Water spout bunny
UPDATE `creature_template` SET `AIName` = 'SmartAI', `unit_flags` = '33554944', `unit_flags2` = '2048' WHERE (`entry` = '66941');

DELETE FROM `creature_template_addon` WHERE `entry` IN (66941);
INSERT INTO `creature_template_addon` (`entry`, `PathId`, `mount`, `MountCreatureID`, `StandState`, `AnimTier`, `VisFlags`, `SheathState`, `PvPFlags`, `emote`, `aiAnimKit`, `movementAnimKit`, `meleeAnimKit`, `visibilityDistanceType`, `auras`) VALUES 
('66941', '0', '0', '0', '0', '0', '1', '1', '0', '0', '0', '0', '0', '0', '80797 116695'); -- Water Spout Bunny at farmstead -- not sure of the invis aura ????? 

-- these flags disable gravity for the bunny so it can stay above water
UPDATE `creature_template_difficulty` SET `StaticFlags1` = '536870912' WHERE (`Entry` = '66941') and (`DifficultyID` = '0');

DELETE FROM `smart_scripts` WHERE `entryorguid` IN (66941,6694100); -- 15880 was the original model but not working
INSERT INTO `smart_scripts` VALUES -- we use model 21072 now taken from wowhead
('66941', '0', '0', '1', '0', '54', '0', '100', '0', '0', '0', '0', '0', '0', '', '3', '0', '21072', '0', '0', '0', '0', '0', '', '1', '0', '0', '0', '0', '', '0', '0', '0', '0', 'Water Spout - Just Spawned - Morph'),
('66941', '0', '1', '0', '0', '61', '0', '100', '0', '0', '0', '0', '0', '0', '', '80', '6694100', '2', '0', '0', '0', '0', '0', '', '1', '0', '0', '0', '0', '', '0', '0', '0', '0', 'Water Spout - Just Spawned - Run Script'),
('6694100', '9', '0', '0', '', '0', '0', '100', '0', '5000', '5000', '1000', '1000', '0', '', '11', '117057', '2', '0', '0', '0', '0', '0', NULL, '1', '0', '0', '0', '0', NULL, '0', '0', '0', '0', 'Water Spout - Cast Water Spout Geyser Aura'),
('6694100', '9', '1', '0', '', '0', '0', '100', '0', '0', '0', '1000', '1000', '0', '', '11', '116696', '2', '0', '0', '0', '0', '0', NULL, '1', '0', '0', '0', '0', NULL, '0', '0', '0', '0', 'Water Spout - Cast Water Spout Burst'),
('6694100', '9', '2', '0', '', '0', '0', '100', '0', '0', '0', '3000', '3000', '0', '', '28', '116695', '0', '0', '0', '0', '0', '0', NULL, '1', '0', '0', '0', '0', NULL, '0', '0', '0', '0', 'Water Spout - Remove Aura'),
('6694100', '9', '3', '0', '', '0', '0', '100', '0', '3000', '3000', '1000', '1000', '0', '', '41', '0', '0', '0', '0', '0', '0', '0', NULL, '1', '0', '0', '0', '0', NULL, '0', '0', '0', '0', 'Water Spout - Despawn');




-- Quest: 29775 The Spirit and Body of Shen-zin Su
-- UPDATE `creature_template` SET `ScriptName` = 'npc_shu_wugou_follower' WHERE `Entry` IN (55558,60916);
UPDATE `creature_template` SET `AIName` = '' WHERE `Entry` IN (55558,60916);

DELETE FROM `smart_scripts` WHERE `entryorguid` IN (55477) AND `event_type` IN (19);
INSERT INTO `smart_scripts` (`entryorguid`,`source_type`,`id`,`link`,`event_type`,`event_phase_mask`,`event_chance`,`event_flags`,`event_param1`,`event_param2`,`event_param3`,`event_param4`,`event_param5`,`event_param_string`,`action_type`,`action_param1`,`action_param2`,`action_param3`,`action_param4`,`action_param5`,`action_param6`,`target_type`,`target_param1`,`target_param2`,`target_param3`,`target_x`,`target_y`,`target_z`,`target_o`,`comment`) VALUES 
('55477', '0', '4', '0', '19', '0', '100', '0', '29775', '0', '0', '0', '0', '', '134', '104017', '0', '0', '0', '0', '0', '7', '0', '0', '0', '0', '0', '0', '0', 'Ji Firepaw - Quest Accept - Invoker Cast Summon Spirits on player');

UPDATE `creature_template` SET `AIName` = 'SmartAI' WHERE `Entry` IN (57132);
DELETE FROM `smart_scripts` WHERE `entryorguid` IN (57132);
INSERT INTO `smart_scripts` VALUES
('57132', '0', '0', '0', '', '0', '0', '100', '0', '20000', '20000', '40000', '65000', '0', '', '1', '0', '0', '0', '0', '0', '0', '0', NULL, '1', '0', '0', '0', '0', NULL, '0', '0', '0', '0', 'Wu-song Villager - In Combat - Say Line 0');

-- Fix Visibility and state addons for Jojos
DELETE FROM `creature_template_addon` WHERE `entry` IN (55585,55021);
INSERT INTO `creature_template_addon` 
(`entry`, `PathId`, `mount`, `MountCreatureID`, `StandState`, `AnimTier`, `VisFlags`, `SheathState`, `PvPFlags`, `emote`, `aiAnimKit`, `movementAnimKit`, `meleeAnimKit`, `visibilityDistanceType`, `auras`) VALUES 
('55585', '0', '0', '0', '1', '0', '1', '0', '0', '461', '0', '0', '0', '0', '84886'),
('55021', '0', '0', '0', '1', '0', '1', '0', '0', '461', '0', '0', '0', '0', '82343');

-- Fix Visibility for Old Man Liang and Aysa during Singing Pools quests
UPDATE `creature_template_addon` SET `auras` = '0' WHERE (`entry` = '55020'); 

DELETE FROM `creature_addon` WHERE `guid` IN (451049,451022,450772,451092,451042,451091);
INSERT INTO `creature_addon` (`guid`, `PathId`, `mount`, `MountCreatureID`, `StandState`, `AnimTier`, `VisFlags`, `SheathState`, `PvPFlags`, `emote`, `aiAnimKit`, `movementAnimKit`, `meleeAnimKit`, `visibilityDistanceType`, `auras`) VALUES 

('451022', '0', '0', '0', '0', '0', '1', '1', '0', '0', '0', '0', '0', '0', '80797'), -- Old Man Liang at his house
('450772', '0', '0', '0', '1', '0', '1', '1', '0', '0', '0', '0', '0', '0', '80797'), -- Aysa at the pool

('451092', '0', '0', '0', '0', '0', '1', '1', '0', '0', '0', '0', '0', '0', '85096'), -- Old Man Liang at the pool2
('451091', '0', '0', '0', '1', '0', '1', '1', '0', '0', '0', '0', '0', '0', '85096'), -- Aysa at the pool2

('451049', '0', '0', '0', '0', '0', '1', '1', '0', '0', '0', '0', '0', '0', '82358'), -- Old Man Liang at the tower
('451042', '0', '0', '0', '0', '0', '1', '1', '0', '0', '0', '0', '0', '0', '82358'); -- Aysa at the tower

-- Fix invalid scripts
UPDATE `smart_scripts` SET `event_param3` = '120000', `event_param4` = '120000' WHERE (`entryorguid` = '-450361') and (`source_type` = '0') and (`id` = '0') and (`link` = '0');
UPDATE `smart_scripts` SET `event_param3` = '120000', `event_param4` = '120000' WHERE (`entryorguid` = '-450358') and (`source_type` = '0') and (`id` = '0') and (`link` = '0');



-- Misc mobs fixes
-- Remove SmartAI from 54130 since there is scripting in place
UPDATE `creature_template` SET `AIName` = '' WHERE `Entry` = 54130;
-- Added smart scripts missing for 54131 and 57164
DELETE FROM `smart_scripts` WHERE `entryorguid` IN (54131,57164) AND `source_type` = 0;
INSERT INTO `smart_scripts` (`entryorguid`,`source_type`,`id`,`link`,`event_type`,`event_phase_mask`,`event_chance`,`event_flags`,`event_param1`,`event_param2`,`event_param3`,`event_param4`,`event_param5`,`event_param_string`,`action_type`,`action_param1`,`action_param2`,`action_param3`,`action_param4`,`action_param5`,`action_param6`,`target_type`,`target_param1`,`target_param2`,`target_param3`,`target_x`,`target_y`,`target_z`,`target_o`,`comment`) VALUES 
('54131', '0', '0', '0', '11', '0', '100', '0', '0', '0', '0', '0', '0', '', '8', '1', '0', '0', '0', '0', '0', '1', '0', '0', '0', '0', '0', '0', '0', 'Fe-Feng Hozen - On Respawn - Set React State'),
('54131', '0', '1', '0', '4', '0', '100', '0', '0', '0', '0', '0', '0', '', '41', '0', '0', '0', '0', '0', '0', '11', '56739', '1', '0', '0', '0', '0', '0', 'Fe-Feng Hozen - On Aggro - Despawn Vehicle'),
('54131', '0', '2', '0', '7', '0', '100', '0', '0', '0', '0', '0', '0', '', '41', '2000', '0', '0', '0', '0', '0', '1', '0', '0', '0', '0', '0', '0', '0', 'Fe-Feng Hozen - On Evade - Despawn'),
('54131', '0', '3', '0', '0', '0', '100', '0', '2000', '8000', '4000', '8000', '0', '', '11', '121484', '0', '0', '0', '0', '0', '1', '0', '0', '0', '0', '0', '0', '0', 'Fe-Feng Hozen - IC - Cast Ook\'em'),
('54131', '0', '4', '0', '0', '0', '50', '0', '5000', '10000', '5000', '10000', '0', '', '11', '115006', '0', '0', '0', '0', '0', '1', '0', '0', '0', '0', '0', '0', '0', 'Fe-Feng Hozen - IC - Cast Hozen Rage'),
('57164', '0', '0', '0', '4', '0', '100', '0', '0', '0', '0', '0', '0', '', '11', '107526', '0', '0', '0', '0', '0', '2', '0', '0', '0', '0', '0', '0', '0', 'Fe-Feng Leaper - On Aggro - Cast Reckless Leap');

UPDATE `creature_template` SET `AIName` = 'SmartAI' WHERE `Entry` IN (55506);
DELETE FROM `smart_scripts` WHERE `entryorguid` IN (55506) AND `source_type` = 0;
INSERT INTO `smart_scripts` (`entryorguid`,`source_type`,`id`,`link`,`event_type`,`event_phase_mask`,`event_chance`,`event_flags`,`event_param1`,`event_param2`,`event_param3`,`event_param4`,`event_param5`,`event_param_string`,`action_type`,`action_param1`,`action_param2`,`action_param3`,`action_param4`,`action_param5`,`action_param6`,`target_type`,`target_param1`,`target_param2`,`target_param3`,`target_x`,`target_y`,`target_z`,`target_o`,`comment`) VALUES 
('55506', '0', '0', '0', '0', '0', '100', '0', '8000', '12000', '35000', '40000', '0', '', '11', '125383', '0', '0', '0', '0', '0', '1', '0', '0', '0', '0', '0', '0', '0', 'Raggis - Update IC - Cast Burrow');

UPDATE `creature_template_difficulty` SET `StaticFlags1`=0x10000000, `VerifiedBuild`=64978 WHERE (`Entry`=54131 AND `DifficultyID`=0); -- 54131 (Fe-Feng Hozen) - CanSwim

UPDATE `creature_template` SET `AIName` = 'SmartAI' WHERE `Entry` IN (57669);
DELETE FROM `smart_scripts` WHERE `entryorguid` IN (57669,5766900);
INSERT INTO `smart_scripts` (`entryorguid`,`source_type`,`id`,`link`,`event_type`,`event_phase_mask`,`event_chance`,`event_flags`,`event_param1`,`event_param2`,`event_param3`,`event_param4`,`event_param5`,`event_param_string`,`action_type`,`action_param1`,`action_param2`,`action_param3`,`action_param4`,`action_param5`,`action_param6`,`target_type`,`target_param1`,`target_param2`,`target_param3`,`target_x`,`target_y`,`target_z`,`target_o`,`comment`) VALUES 
('57669', '0', '0', '0', '54', '0', '100', '0', '0', '0', '0', '0', '0', '', '80', '5766900', '0', '0', '0', '0', '0', '1', '0', '0', '0', '0', '0', '0', '0', 'Jojo Ironbrow - Just Spawned - Run Script'),
('57669', '0', '1', '0', '58', '0', '100', '0', '50', '6', '0', '0', '0', '', '41', '0', '0', '0', '0', '0', '0', '1', '0', '0', '0', '0', '0', '0', '0', 'Jojo Ironbrow - On WP Ended - Despawn'),
('5766900', '9', '0', '0', '0', '0', '100', '0', '1000', '1000', '1000', '1000', '0', '', '1', '0', '0', '0', '0', '0', '0', '7', '0', '0', '0', '0', '0', '0', '0', 'Jojo Ironbrow - Talk'),
('5766900', '9', '1', '0', '0', '0', '100', '0', '7000', '7000', '1000', '1000', '0', '', '128', '1', '1', '0', '0', '0', '0', '1', '0', '0', '0', '0', '0', '0', '0', 'Jojo Ironbrow - Set AI AnimKit'),
('5766900', '9', '2', '0', '0', '0', '100', '0', '0', '0', '1000', '1000', '0', '', '69', '1', '0', '0', '0', '0', '0', '8', '0', '0', '0', '599.215', '3132.27', '89.0657', '0', 'Jojo Ironbrow - Move to Pos'),
('5766900', '9', '3', '0', '0', '0', '100', '0', '5000', '5000', '1000', '1000', '0', '', '11', '129293', '0', '0', '0', '0', '0', '1', '0', '0', '0', '0', '0', '0', '0', 'Jojo Ironbrow - Cast Jojo Headbash, Planks Cast'),
('5766900', '9', '4', '0', '0', '0', '100', '0', '2500', '2500', '1000', '1000', '0', '', '1', '1', '0', '0', '0', '0', '0', '7', '0', '0', '0', '0', '0', '0', '0', 'Jojo Ironbrow - Talk'),
('5766900', '9', '5', '0', '0', '0', '100', '0', '100', '100', '0', '0', '0', '', '28', '108831', '0', '0', '0', '0', '0', '1', '0', '0', '0', '0', '0', '0', '0', 'Jojo Ironbrow - Remove Auras'),
('5766900', '9', '6', '0', '0', '0', '100', '0', '100', '100', '0', '0', '0', '', '28', '108831', '0', '0', '0', '0', '0', '18', '50', '0', '0', '0', '0', '0', '0', 'Jojo Ironbrow - Remove Player Auras'),
('5766900', '9', '7', '0', '0', '0', '100', '0', '0', '0', '1000', '1000', '0', '', '45', '1', '1', '0', '0', '0', '0', '11', '0', '10', '0', '0', '0', '0', '0', 'Jojo Ironbrow - Set Data'),
('5766900', '9', '8', '0', '0', '0', '100', '0', '8000', '8000', '1000', '1000', '0', '', '53', '0', '5766900', '0', '0', '0', '0', '1', '0', '0', '0', '0', '0', '0', '0', 'Jojo Ironbrow - Start WP');

-- Lamplighter Sunny
DELETE FROM `creature_template_addon` WHERE `entry` IN (64939,55478,57669);
INSERT INTO `creature_template_addon` (`entry`, `PathId`, `mount`, `MountCreatureID`, `StandState`, `AnimTier`, `VisFlags`, `SheathState`, `PvPFlags`, `emote`, `aiAnimKit`, `movementAnimKit`, `meleeAnimKit`, `visibilityDistanceType`, `auras`) VALUES 
('64939', '6493900', '0', '0', '0', '0', '0', '1', '0', '0', '0', '0', '0', '0', '126986'),
('55478', '0', '0', '0', '1', '0', '1', '1', '0', '461', '0', '0', '0', '0', '60921'),
('57669', '5766900', '0', '0', '0', '0', '0', '1', '0', '0', '2935', '0', '0', '0', '');


-- Lamp Lighter needs waypoint movement
UPDATE `creature` SET `zoneId` = '5736', `areaId` = '5881', `wander_distance` = '0', `MovementType` = '2' WHERE (`guid` = '451131');



UPDATE `creature_template` SET `AIName` = '' WHERE `Entry` IN (53714); -- no longer having scripts



UPDATE `creature_template` SET `AIName` = 'SmartAI' WHERE `Entry` IN (56730,53704,57205,57164,54130);
DELETE FROM `smart_scripts` WHERE `entryorguid` IN (56730,53704,57205,57164,54130);
INSERT INTO `smart_scripts` (`entryorguid`,`source_type`,`id`,`link`,`event_type`,`event_phase_mask`,`event_chance`,`event_flags`,`event_param1`,`event_param2`,`event_param3`,`event_param4`,`event_param5`,`event_param_string`,`action_type`,`action_param1`,`action_param2`,`action_param3`,`action_param4`,`action_param5`,`action_param6`,`target_type`,`target_param1`,`target_param2`,`target_param3`,`target_x`,`target_y`,`target_z`,`target_o`,`comment`) VALUES 
('56730', '0', '0', '1', '38', '0', '100', '0', '1', '1', '0', '0', '0', '', '97', '15', '15', '0', '0', '0', '0', '1', '0', '0', '0', '1390.44', '3846', '91.4894', '0', 'Fe-Feng Brewthief - On Data Set - Jump to Pos'),
('56730', '0', '1', '0', '61', '0', '100', '0', '0', '0', '0', '0', '0', '', '80', '5673000', '0', '0', '0', '0', '0', '1', '0', '0', '0', '0', '0', '0', '0', 'Fe-Feng Brewthief - On Data Set - Run Script'),
('56730', '0', '2', '3', '38', '0', '100', '0', '2', '2', '0', '0', '0', '', '97', '15', '15', '0', '0', '0', '0', '1', '0', '0', '0', '1380.98', '3846.78', '93.4798', '0', 'Fe-Feng Brewthief - Just Spawned - Jump to Pos'),
('56730', '0', '3', '0', '61', '0', '100', '0', '0', '0', '0', '0', '0', '', '80', '5673001', '0', '0', '0', '0', '0', '1', '0', '0', '0', '0', '0', '0', '0', 'Fe-Feng Brewthief - On Data Set - Run Script'),
('56730', '0', '4', '5', '58', '0', '100', '0', '5', '5673006', '0', '0', '0', '', '97', '15', '10', '0', '0', '0', '0', '1', '0', '0', '0', '1402.4', '3737.49', '87.1755', '0', 'Fe-Feng Brewthief - On WP Ended - Jump to Pos'),
('56730', '0', '5', '0', '61', '0', '100', '0', '0', '0', '0', '0', '0', '', '80', '5673002', '0', '0', '0', '0', '0', '1', '0', '0', '0', '0', '0', '0', '0', 'Fe-Feng Brewthief - On WP Ended - Run Script'),
('56730', '0', '6', '7', '58', '0', '100', '0', '4', '5673004', '0', '0', '0', '', '97', '15', '10', '0', '0', '0', '0', '1', '0', '0', '0', '1401.19', '3736.55', '87.4988', '0', 'Fe-Feng Brewthief - On WP Ended - Jump to Pos'),
('56730', '0', '7', '0', '61', '0', '100', '0', '0', '0', '0', '0', '0', '', '80', '5673003', '0', '0', '0', '0', '0', '1', '0', '0', '0', '0', '0', '0', '0', 'Fe-Feng Brewthief - On WP Ended - Run Script'),
('56730', '0', '8', '9', '58', '0', '100', '0', '5', '5673007', '0', '0', '0', '', '97', '15', '15', '0', '0', '0', '0', '1', '0', '0', '0', '1399.77', '3859.49', '100.569', '0', 'Fe-Feng Brewthief - On WP Ended - Jump to Pos'),
('56730', '0', '9', '0', '61', '0', '100', '0', '0', '0', '0', '0', '0', '', '41', '2000', '0', '0', '0', '0', '0', '1', '0', '0', '0', '0', '0', '0', '0', 'Fe-Feng Brewthief - On WP Ended - Despawn'),
('56730', '0', '10', '11', '58', '0', '100', '0', '4', '5673005', '0', '0', '0', '', '97', '15', '15', '0', '0', '0', '0', '1', '0', '0', '0', '1380.9', '3863.48', '100.405', '0', 'Fe-Feng Brewthief - On WP Ended - Jump to Pos'),
('56730', '0', '11', '0', '61', '0', '100', '0', '0', '0', '0', '0', '0', '', '41', '2000', '0', '0', '0', '0', '0', '1', '0', '0', '0', '0', '0', '0', '0', 'Fe-Feng Brewthief - On WP Ended - Despawn'),
('56730', '0', '12', '0', '0', '0', '100', '0', '3000', '8000', '15000', '20000', '0', '', '11', '109084', '0', '0', '0', '0', '0', '1', '0', '0', '0', '0', '0', '0', '0', 'Fe-Feng Brewthief - Update IC - Drunken Boxing'),
('53704', '0', '0', '0', '0', '0', '100', '0', '3000', '8000', '15000', '20000', '0', '', '11', '75533', '0', '0', '0', '0', '0', '1', '0', '0', '0', '0', '0', '0', '0', 'Corsac Fox - Update IC - Cast Wily Wits'),
('57205', '0', '0', '0', '0', '0', '100', '0', '3000', '8000', '15000', '20000', '0', '', '11', '114974', '0', '0', '0', '0', '0', '2', '0', '0', '0', '0', '0', '0', '0', 'Fe-Feng Hozen - Update IC - Impale'),
('54130', '0', '0', '0', '0', '0', '100', '0', '3000', '8000', '15000', '20000', '0', '', '11', '109081', '0', '0', '0', '0', '0', '2', '0', '0', '0', '0', '0', '0', '0', 'Amberleaf Scamp - Update IC - Take This'),
('57164', '0', '0', '0', '4', '0', '100', '0', '0', '0', '0', '0', '0', '', '11', '107526', '0', '0', '0', '0', '0', '7', '0', '0', '0', '0', '0', '0', '0', 'Fe-Feng Leaper - On Aggro - Cast Reckless Leap');

-- fixing incorrect parameters
UPDATE `smart_scripts` SET `action_param6` = '0', `target_type` = '1', `target_param1` = '0' WHERE (`entryorguid` = '5673000') and (`source_type` = '9') and (`id` = '1') and (`link` = '0');
UPDATE `smart_scripts` SET `action_param6` = '0', `target_type` = '1', `target_param1` = '0' WHERE (`entryorguid` = '5673001') and (`source_type` = '9') and (`id` = '3') and (`link` = '0');
UPDATE `smart_scripts` SET `action_param6` = '0', `target_type` = '1', `target_param1` = '0' WHERE (`entryorguid` = '5673003') and (`source_type` = '9') and (`id` = '1') and (`link` = '0');
UPDATE `smart_scripts` SET `action_param6` = '0', `target_type` = '1', `target_param1` = '0' WHERE (`entryorguid` = '5673004') and (`source_type` = '9') and (`id` = '3') and (`link` = '0');
UPDATE `smart_scripts` SET `target_type` = '1', `target_param1` = '0' WHERE (`entryorguid` = '5413000') and (`source_type` = '9') and (`id` = '1') and (`link` = '0');
UPDATE `smart_scripts` SET `target_type` = '1', `target_param1` = '0' WHERE (`entryorguid` = '5413001') and (`source_type` = '9') and (`id` = '1') and (`link` = '0');
UPDATE `smart_scripts` SET `target_type` = '1', `target_param1` = '0' WHERE (`entryorguid` = '5413002') and (`source_type` = '9') and (`id` = '1') and (`link` = '0');
UPDATE `smart_scripts` SET `target_type` = '1', `target_param1` = '0' WHERE (`entryorguid` = '5413003') and (`source_type` = '9') and (`id` = '1') and (`link` = '0');
UPDATE `smart_scripts` SET `action_param6` = '0' WHERE (`entryorguid` = '-450456') and (`source_type` = '0') and (`id` = '0') and (`link` = '0');
UPDATE `smart_scripts` SET `action_param6` = '0' WHERE (`entryorguid` = '-450451') and (`source_type` = '0') and (`id` = '0') and (`link` = '0');
UPDATE `smart_scripts` SET `action_param6` = '0' WHERE (`entryorguid` = '-450448') and (`source_type` = '0') and (`id` = '0') and (`link` = '0');
UPDATE `smart_scripts` SET `action_param6` = '0' WHERE (`entryorguid` = '-450436') and (`source_type` = '0') and (`id` = '0') and (`link` = '0');
UPDATE `smart_scripts` SET `action_param6` = '0' WHERE (`entryorguid` = '-450402') and (`source_type` = '0') and (`id` = '0') and (`link` = '0');
UPDATE `smart_scripts` SET `action_param6` = '0' WHERE (`entryorguid` = '-450326') and (`source_type` = '0') and (`id` = '0') and (`link` = '0');
UPDATE `smart_scripts` SET `action_param6` = '0' WHERE (`entryorguid` = '-450305') and (`source_type` = '0') and (`id` = '0') and (`link` = '0');
UPDATE `smart_scripts` SET `action_param6` = '0' WHERE (`entryorguid` = '34033') and (`source_type` = '0') and (`id` = '0') and (`link` = '0');
UPDATE `smart_scripts` SET `action_param6` = '0' WHERE (`entryorguid` = '34103') and (`source_type` = '0') and (`id` = '0') and (`link` = '0');
UPDATE `smart_scripts` SET `action_param6` = '0' WHERE (`entryorguid` = '962300') and (`source_type` = '9') and (`id` = '4') and (`link` = '0');

-- NPC: 64554 Zhao-Ren <The Onyx Serpent>
-- Area: 8276 Temple Spire spawn Zhao-ren
DELETE FROM `creature_template_addon` WHERE `entry` IN (64554);
INSERT INTO `creature_template_addon` (`entry`, `PathId`, `mount`, `MountCreatureID`, `StandState`, `VisFlags`, `SheathState`, `PvPFlags`, `emote`, `aiAnimKit`, `movementAnimKit`, `meleeAnimKit`, `visibilityDistanceType`, `auras`) VALUES 
('64554', '6455400', '0', '0', '0', '0', '1', '0', '0', '0', '0', '0', '5', '');

-- delete duplicate Zhaoren spawns
DELETE FROM `creature` WHERE `id` = 64554;

UPDATE `creature_template` SET `movementType` = 2, `movementId` = 106, `speed_walk` = '4', `speed_run` = '6' WHERE `Entry` = 64554;

-- these flags disable gravity for Zhao so it can fly above
UPDATE `creature_template_difficulty` SET `StaticFlags1` = '536870912', `StaticFlags5` = 5 WHERE (`Entry` = '64554') and (`DifficultyID` = '0');

UPDATE `creature_template` SET `ScriptName` = 'npc_lorewalker_ruolin' WHERE `Entry` = 64876;




-- Area Trigger Scripts

DELETE FROM `areatrigger_scripts` WHERE `entry` IN (7116, 7258, 7822, 7783, 8628, 7784, 7750, 7835, 8276, 8287, 7041, 7037, 7106, 7265);
INSERT INTO `areatrigger_scripts` VALUES
(7750, 'at_talk_on_huo_follow_quest_29423'),
(7835, 'at_enter_temple_quest_29423'),
(7116, 'at_temple_stairs_from_farmstead'),
(7258, 'at_cart_locations'),
(7822, 'at_cart_locations'),
(7265, 'at_cart_locations'),
(7783, 'at_pools_of_reflection'),
(8628, 'at_singing_pools_training_bell'),
(7784, 'at_the_singing_pools_children_summon'),
(8276, 'at_temple_of_five_dawns_summon_zhaoren'),
(8287, 'at_lorewalker_zan'),
(7037, 'at_chamber_of_whispers'),
(7041, 'at_chamber_of_whispers_outside'),
(7106, 'at_balloon_intro_q29790');

-- Spell Scripts

DELETE FROM `spell_script_names` WHERE `spell_id` IN (128588,128589, 117033,117034,117035,117036, 103069,103077,103070, 116190, 116191, 128700, 109178, 
102522, 109090, 109095, 109105, 109109, 108786, 108808, 108798, 104450, 118036, 108627, 108691, 104126, 125699, 105333);
INSERT INTO `spell_script_names` (`spell_id`, `ScriptName`) VALUES 
('128588', 'spell_aysa_congrats_trigger_aura'),
('128589', 'spell_aysa_congrats_timer'),
('117033', 'spell_jump_to_front_right'),
('117034', 'spell_jump_to_front_left'),
('117035', 'spell_jump_to_back_right'),
('117036', 'spell_jump_to_back_left'),
('103069', 'spell_rock_jump_a'),
('103070', 'spell_rock_jump_b'),
('103077', 'spell_rock_jump_c'),
(116190, 'spell_summon_child_1'),
(116191, 'spell_summon_child_2'),
(128700, 'spell_summon_fire_spirit'),
(109178, 'spell_despawn_fire_spirit'),
(102522, 'spell_fan_the_flames'),
(109090, 'spell_fan_the_flames_throw_wood_and_all_blow_air'),
(109095, 'spell_fan_the_flames_throw_wood_and_all_blow_air'),
(109105, 'spell_fan_the_flames_throw_wood_and_all_blow_air'),
(109109, 'spell_fan_the_flames_throw_wood_and_all_blow_air'),
(108786, 'spell_summon_stack_of_reeds'),
(108808, 'spell_summon_jojo_ironbrow'),
(108798, 'spell_jojo_headbash_filter'),
(104450, 'spell_summon_ji_firepaw_temple'),
-- (108627, 'spell_cart_ropes'),
-- (108691, 'spell_cart_ropes'),
(118036, 'spell_summon_spirit_of_earth'),
(104126, 'spell_monkey_wisdom_text'),
(125699, 'spell_ruk_ruk_ooksplosions'),
(105333, 'spell_summon_worthy_of_passing');

DELETE FROM `npc_vendor` WHERE `entry`=57620;
INSERT INTO `npc_vendor` (`entry`, `slot`, `item`, `maxcount`, `ExtendedCost`, `type`, `PlayerConditionID`, `IgnoreFiltering`, `VerifiedBuild`) VALUES
(57620, 20, 39505, 0, 0, 1, 0, 0, 64978), -- Набор виртуозного начертателя
(57620, 19, 20815, 0, 0, 1, 0, 0, 64978), -- Инструменты ювелира
(57620, 18, 39354, 0, 0, 1, 0, 0, 64978), -- Тонкий пергамент
(57620, 17, 6260, 0, 0, 1, 0, 0, 64978), -- Синяя краска
(57620, 16, 2324, 0, 0, 1, 0, 0, 64978), -- Отбеливатель
(57620, 15, 2604, 0, 0, 1, 0, 0, 64978), -- Красная краска
(57620, 14, 6529, 0, 0, 1, 0, 0, 64978), -- Блесна
(57620, 13, 4289, 0, 0, 1, 0, 0, 64978), -- Соль
(57620, 12, 3371, 0, 0, 1, 0, 0, 64978), -- Хрустальная колба
(57620, 11, 2880, 0, 0, 1, 0, 0, 64978), -- Слабый плавень
(57620, 10, 2320, 0, 0, 1, 0, 0, 64978), -- Грубая нить
(57620, 9, 30817, 0, 0, 1, 0, 0, 64978), -- Простая мука
(57620, 8, 2678, 0, 0, 1, 0, 0, 64978), -- Пряные травы
(57620, 7, 6217, 0, 0, 1, 0, 0, 64978), -- Медный жезл
(57620, 6, 6256, 0, 0, 1, 0, 0, 64978), -- Удочка
(57620, 5, 5956, 0, 0, 1, 0, 0, 64978), -- Кузнечный молот
(57620, 4, 85663, 0, 0, 1, 0, 0, 64978), -- Лопата травника
(57620, 3, 2901, 0, 0, 1, 0, 0, 64978), -- Шахтерская кирка
(57620, 2, 7005, 0, 0, 1, 0, 0, 64978), -- Нож для снятия шкур
(57620, 1, 4470, 0, 0, 1, 0, 0, 64978); -- Простая древесина

-- Loot Fixes
UPDATE `creature_template_difficulty` SET `LootID` = '55483', `GoldMin` = '7', `GoldMax` = '7' WHERE (`Entry` = '55483') and (`DifficultyID` = '0');
UPDATE `creature_template_difficulty` SET `LootID` = '55504', `GoldMin` = '7', `GoldMax` = '7' WHERE (`Entry` = '55504') and (`DifficultyID` = '0');
UPDATE `creature_template_difficulty` SET `LootID` = '53704' WHERE (`Entry` = '53704') and (`DifficultyID` = '0');
UPDATE `creature_template_difficulty` SET `LootID` = '57164', `GoldMin` = '7', `GoldMax` = '7' WHERE (`Entry` = '57164') and (`DifficultyID` = '0');
UPDATE `creature_template_difficulty` SET `LootID` = '57205', `GoldMin` = '7', `GoldMax` = '7' WHERE (`Entry` = '57205') and (`DifficultyID` = '0');
UPDATE `creature_template_difficulty` SET `LootID` = '56730', `GoldMin` = '7', `GoldMax` = '7' WHERE (`Entry` = '56730') and (`DifficultyID` = '0');
UPDATE `creature_template_difficulty` SET `LootID` = '54130', `GoldMin` = '7', `GoldMax` = '7' WHERE (`Entry` = '54130') and (`DifficultyID` = '0');

-- The Wandering Isle Carts & Yaks fixes
-- NPC: 57207 Spawned Yak Singing Pool
-- NPC: 57208 Spawned Cart Yak Singing Pool
-- NPC: 57709 Nourished Yak Yak Singing Pool
-- NPC: 57710 Cart Yak Singing Pool
-- NPC: 59497 Cart at farmstead
-- NPC: 59496 Spawned Cart at farmstead
-- NPC: 59499 Nourished Yak at farmstead
-- NPC: 59498 Spawned Nourished Yak at farmstead
-- NPC: 57740 Spawned Cart at Forest
-- NPC: 57741 Cart at Forest
-- NPC: 57742 Spawned Yak at Forest
-- NPC: 57743 Yak at Forest


-- ========================================
-- Yak & Cart at Singing Pools
-- ========================================
UPDATE `creature_template` SET `VehicleId` = 1944 WHERE `entry` = 57208;
UPDATE `creature_template` SET `ScriptName` = 'npc_yak_cart' WHERE `Entry` IN (57208,57207);

DELETE FROM `npc_spellclick_spells` WHERE `npc_entry` IN (57710);
INSERT INTO `npc_spellclick_spells` VALUES
(57710, 107784, 3, 0),
(57710, 115904, 1, 0);

DELETE FROM `vehicle_template` WHERE `creatureId` = 57208;
INSERT INTO `vehicle_template` VALUES (57208, 12000, NULL,0);

DELETE FROM `waypoint_path` WHERE `PathId` IN (5720700,5720800);
INSERT INTO `waypoint_path` (`PathId`, `MoveType`, `Flags`, `Comment`) VALUES
(5720700,1,0,'The Wandering Isle Cart & Ox'),
(5720800,1,0,'The Wandering Isle Cart & Ox');

DELETE FROM `waypoint_path_node` WHERE `PathId` IN (5720700,5720800);
INSERT INTO `waypoint_path_node` (`PathId`, `NodeId`, `PositionX`, `PositionY`, `PositionZ`) values
(5720700, 0, '981.766', '2857.77', '88.7352'),
(5720700, 1, '978.016', '2848.52', '87.2352'),
(5720700, 2, '948.266', '2835.52', '87.2352'),
(5720700, 3, '919.016', '2825.02', '87.2352'),
(5720700, 4, '895.766', '2811.27', '86.9852'),
(5720700, 5, '880.766', '2807.02', '83.9852'),
(5720700, 6, '853.516', '2799.02', '83.7352'),
(5720700, 7, '825.516', '2790.77', '78.7352'),
(5720700, 8, '802.266', '2785.27', '76.7352'),
(5720700, 9, '790.266', '2792.77', '75.7352'),
(5720700, 10, '763.016', '2815.52', '76.2352'),
(5720700, 11, '746.766', '2834.77', '75.7352'),
(5720700, 12, '746.266', '2851.77', '75.9852'),
(5720700, 13, '755.516', '2869.77', '75.2352'),
(5720700, 14, '753.516', '2890.02', '74.9852'),
(5720700, 15, '732.766', '2915.02', '74.7352'),
(5720700, 16, '703.766', '2939.02', '74.7352'),
(5720700, 17, '683.766', '2954.77', '75.2352'),
(5720700, 18, '674.016', '2975.52', '74.9852'),
(5720700, 19, '667.266', '2983.27', '75.2352'),
(5720700, 20, '660.516', '2990.77', '79.9852'),
(5720700, 21, '652.266', '2999.52', '74.9852'),
(5720700, 22, '645.016', '3006.27', '74.7352'),
(5720700, 23, '629.016', '3016.52', '75.4852'),
(5720700, 24, '616.016', '3035.52', '76.7352'),
(5720700, 25, '612.766', '3061.27', '80.4852'),
(5720700, 26, '612.766', '3080.27', '84.4852'),
(5720700, 27, '618.01', '3107.21', '87.5104'),
(5720700, 28, '617.01', '3131.96', '87.7604'),
(5720700, 29, '607.01', '3143.96', '88.0104'),
(5720700, 30, '591.51', '3146.71', '88.0104'),
(5720700, 31, '574.51', '3148.71', '87.0104'),
(5720700, 32, '555.01', '3159.21', '78.0104'),
(5720700, 33, '547.26', '3174.96', '77.5104'),

(5720800, 0, '981.864', '2857.8', '88.8159'),
(5720800, 1, '978.114', '2848.55', '87.3159'),
(5720800, 2, '948.364', '2835.55', '87.3159'),
(5720800, 3, '919.114', '2825.05', '87.3159'),
(5720800, 4, '895.614', '2811.3', '87.0659'),
(5720800, 5, '880.614', '2807.05', '83.8159'),
(5720800, 6, '853.364', '2799.05', '83.8159'),
(5720800, 7, '825.614', '2790.8', '78.5659'),
(5720800, 8, '802.364', '2785.3', '76.8159'),
(5720800, 9, '790.364', '2792.8', '75.8159'),
(5720800, 10, '762.864', '2815.55', '76.0659'),
(5720800, 11, '746.614', '2834.8', '75.8159'),
(5720800, 12, '746.364', '2851.8', '76.0659'),
(5720800, 13, '755.614', '2869.8', '75.3159'),
(5720800, 14, '753.364', '2890.05', '75.0659'),
(5720800, 15, '732.864', '2915.05', '74.5659'),
(5720800, 16, '703.614', '2939.05', '74.5659'),
(5720800, 17, '683.864', '2954.8', '75.3159'),
(5720800, 18, '674.114', '2975.55', '75.0659'),
(5720800, 19, '667.364', '2983.3', '75.3159'),
(5720800, 20, '660.614', '2990.55', '79.8159'),
(5720800, 21, '652.364', '2999.3', '75.0659'),
(5720800, 22, '645.114', '3006.3', '74.8159'),
(5720800, 23, '629.114', '3016.55', '75.3159'),
(5720800, 24, '616.114', '3035.55', '76.5659'),
(5720800, 25, '612.864', '3061.3', '80.5659'),
(5720800, 26, '612.864', '3080.3', '84.3159'),
(5720800, 27, '618.052', '3107.17', '87.5442'),
(5720800, 28, '617.052', '3131.92', '87.7942'),
(5720800, 29, '607.052', '3143.92', '87.7942'),
(5720800, 30, '591.302', '3146.67', '88.0442'),
(5720800, 31, '574.552', '3148.67', '87.0442'),
(5720800, 32, '555.052', '3159.17', '78.0442'),
(5720800, 33, '547.302', '3174.92', '77.2942');

-- ========================================
-- Yak & Cart at Farmstead
-- ========================================
UPDATE `creature_template` SET `VehicleId` = 1944 WHERE `entry` = 59496;
UPDATE `creature_template` SET `ScriptName` = 'npc_yak_cart' WHERE `Entry` IN (59498,59496);

DELETE FROM `npc_spellclick_spells` WHERE `npc_entry` IN (59497);
INSERT INTO `npc_spellclick_spells` VALUES
(59497, 114453, 3, 0),
(59497, 115904, 1, 0);

DELETE FROM `vehicle_template` WHERE `creatureId` = 59496;
INSERT INTO `vehicle_template` VALUES (59496, 12000, NULL,0);

DELETE FROM `waypoint_path` WHERE `PathId` IN (5949600,5949800);
INSERT INTO `waypoint_path` (`PathId`, `MoveType`, `Flags`, `Comment`) VALUES
(5949600,1,0,'Spawned Cart at Farmstead'),
(5949800,1,0,'Spawned Yak at Farmstead');

DELETE FROM `waypoint_path_node` WHERE `PathId` IN (5949600,5949800);
INSERT INTO `waypoint_path_node` (`PathId`, `NodeId`, `PositionX`, `PositionY`, `PositionZ`) values
(5949600, 0, '581.87', '3153.32', '88.284'),
(5949600, 1, '573.37', '3149.82', '86.534'),
(5949600, 2, '557.87', '3157.07', '79.284'),
(5949600, 3, '548.12', '3172.57', '77.534'),
(5949600, 4, '545.12', '3197.32', '77.284'),
(5949600, 5, '538.12', '3210.82', '76.284'),
(5949600, 6, '517.87', '3225.07', '74.534'),
(5949600, 7, '508.12', '3244.82', '76.534'),
(5949600, 8, '507.87', '3265.32', '77.784'),
(5949600, 9, '512.37', '3291.07', '74.534'),
(5949600, 10, '519.87', '3315.07', '73.534'),
(5949600, 11, '524.37', '3324.07', '77.784'),
(5949600, 12, '527.37', '3328.82', '78.284'),
(5949600, 13, '532.12', '3336.57', '73.784'),
(5949600, 14, '543.37', '3355.82', '76.784'),
(5949600, 15, '555.12', '3367.07', '78.534'),
(5949600, 16, '568.12', '3375.82', '80.534'),
(5949600, 17, '608.12', '3383.57', '87.034'),
(5949600, 18, '634.87', '3392.07', '93.034'),
(5949600, 19, '653.12', '3404.82', '99.034'),
(5949600, 20, '675.62', '3427.32', '106.784'),
(5949600, 21, '685.37', '3443.57', '112.034'),
(5949600, 22, '694.12', '3467.57', '118.034'),
(5949600, 23, '715.62', '3480.57', '121.534'),
(5949600, 24, '741.87', '3492.32', '133.784'),
(5949600, 25, '751.37', '3506.32', '137.784'),
(5949600, 26, '756.12', '3525.32', '139.284'),
(5949600, 27, '743.12', '3552.57', '140.534'),
(5949600, 28, '741.62', '3572.57', '140.784'),
(5949600, 29, '744.536', '3595.51', '140.547'),
(5949600, 30, '739.739', '3604.48', '140.749'),
(5949600, 31, '722.489', '3605.23', '140.749'),
(5949600, 32, '703.989', '3600.98', '141.999'),
(5949600, 33, '683.989', '3600.73', '145.999'),
(5949600, 34, '659.739', '3602.23', '146.999'),

(5949800, 0, '582.076', '3153.46', '88.2618'),
(5949800, 1, '573.326', '3149.96', '86.7618'),
(5949800, 2, '558.076', '3156.96', '79.2618'),
(5949800, 3, '548.076', '3172.46', '77.5118'),
(5949800, 4, '545.076', '3197.46', '77.5118'),
(5949800, 5, '538.076', '3210.71', '76.5118'),
(5949800, 6, '517.826', '3224.96', '74.5118'),
(5949800, 7, '508.076', '3244.71', '76.5118'),
(5949800, 8, '508.076', '3265.46', '77.7618'),
(5949800, 9, '512.326', '3291.21', '74.5118'),
(5949800, 10, '520.076', '3315.21', '73.5118'),
(5949800, 11, '524.326', '3323.96', '77.7618'),
(5949800, 12, '527.326', '3328.71', '78.2618'),
(5949800, 13, '532.076', '3336.46', '73.7618'),
(5949800, 14, '543.576', '3355.71', '76.7618'),
(5949800, 15, '555.076', '3366.96', '78.5118'),
(5949800, 16, '568.326', '3375.71', '80.5118'),
(5949800, 17, '608.076', '3383.46', '87.0118'),
(5949800, 18, '635.076', '3392.21', '93.2618'),
(5949800, 19, '653.076', '3404.96', '99.0118'),
(5949800, 20, '675.576', '3427.21', '106.762'),
(5949800, 21, '685.326', '3443.71', '112.012'),
(5949800, 22, '694.076', '3467.46', '118.012'),
(5949800, 23, '715.576', '3480.71', '121.512'),
(5949800, 24, '741.826', '3492.21', '133.762'),
(5949800, 25, '751.326', '3506.46', '137.762'),
(5949800, 26, '756.076', '3525.21', '139.262'),
(5949800, 27, '743.076', '3552.71', '140.512'),
(5949800, 28, '741.576', '3572.46', '140.762'),
(5949800, 29, '744.536', '3595.51', '140.547'),
(5949800, 30, '739.761', '3604.38', '140.749'),
(5949800, 31, '722.511', '3605.13', '140.749'),
(5949800, 32, '704.011', '3600.88', '141.999'),
(5949800, 33, '684.011', '3600.88', '145.999'),
(5949800, 34, '659.761', '3602.38', '146.999');

-- ========================================
-- Yak & Cart at the Forbidden Forest - Wreck of the Skyseeker
-- ========================================
UPDATE `creature_template` SET `ScriptName` = 'npc_yak_cart' WHERE `entry` IN (57740, 57742);
UPDATE `creature_template` SET `VehicleId` = 1944 WHERE `entry` = 57740;

DELETE FROM `npc_spellclick_spells` WHERE `npc_entry` IN (57741);
INSERT INTO `npc_spellclick_spells` (`npc_entry`, `spell_id`, `cast_flags`, `user_type`) VALUES
(57741, 108933, 3, 0),
(57741, 115904, 1, 0);

DELETE FROM `vehicle_template` WHERE `creatureId` = 57740;
INSERT INTO `vehicle_template` VALUES (57740, 12000, NULL,0);

--  Forest Cart & Ox
DELETE FROM `waypoint_path` WHERE `PathId` IN (5774000,5774200);
INSERT INTO `waypoint_path` (`PathId`, `MoveType`, `Flags`, `Comment`) VALUES
(5774000,1,0,'The Wandering Isle Forest Cart'),
(5774200,1,0,'The Wandering Isle Forest Ox');

DELETE FROM `waypoint_path_node` WHERE `PathId` IN (5774000,5774200);
INSERT INTO `waypoint_path_node` (`PathId`, `NodeId`, `PositionX`, `PositionY`, `PositionZ`, `Orientation`, `Delay`) values
(5774000, 1, 277.95, 3881.76, 75.9185, 0, 0),
(5774000, 2, 300.7, 3886.26, 78.1685, 0, 0),
(5774000, 3, 330.95, 3887.01, 80.1685, 0, 0),
(5774000, 4, 359.7, 3886.51, 79.6685, 0, 0),
(5774000, 5, 385.2, 3883.51, 79.6685, 0, 0),
(5774000, 6, 413.2, 3888.01, 79.6685, 0, 0),
(5774000, 7, 437.95, 3884.51, 79.6685, 0, 0),
(5774000, 8, 451.45, 3871.26, 79.9185, 0, 0),
(5774000, 9, 459.45, 3859.26, 80.1685, 0, 0),
(5774000, 10, 466.45, 3839.01, 80.6685, 0, 0),
(5774000, 11, 466.95, 3821.51, 86.1685, 0, 0),
(5774000, 12, 467.45, 3800.76, 81.1685, 0, 0),
(5774000, 13, 466.2, 3780.76, 82.1685, 0, 0),
(5774000, 14, 461.2, 3752.76, 83.1685, 0, 0),
(5774000, 15, 449.45, 3728.76, 82.6685, 0, 0),
(5774000, 16, 431.45, 3707.26, 81.6685, 0, 0),
(5774000, 17, 430.2, 3690.51, 81.6685, 0, 0),
(5774000, 18, 439.95, 3671.01, 79.4185, 0, 0),
(5774000, 19, 460.2, 3642.76, 79.4185, 0, 0),
(5774000, 20, 468.7, 3616.51, 79.9185, 0, 0),
(5774000, 21, 477.45, 3585.26, 83.9185, 0, 0),
(5774000, 22, 499.7, 3582.26, 87.1685, 0, 0),
(5774000, 23, 522.45, 3587.51, 91.1685, 0, 0),
(5774000, 24, 561.45, 3584.01, 94.6685, 0, 0),
(5774000, 25, 589.45, 3585.51, 98.1685, 0, 0),
(5774000, 26, 600.45, 3607.26, 110.919, 0, 0),
(5774000, 27, 610.7, 3625.76, 123.669, 0, 0),
(5774000, 28, 630.45, 3628.26, 134.669, 0, 0),
(5774000, 29, 651.7, 3608.76, 145.169, 0, 0),
(5774000, 30, 674.45, 3601.01, 146.919, 0, 0),
(5774000, 31, 714.7, 3602.26, 140.919, 0, 0),
(5774000, 32, 730.7, 3601.51, 140.669, 0, 0),
(5774000, 33, 737.028, 3596.41, 140.606, 0, 0),
(5774000, 34, 739.551, 3587.62, 140.657, 0, 0),
(5774000, 35, 742.051, 3560.37, 140.657, 0, 0),
(5774000, 36, 753.551, 3533.87, 139.407, 0, 0),
(5774000, 37, 755.301, 3516.62, 138.657, 0, 0),
(5774000, 38, 745.801, 3496.87, 135.907, 0, 0),
(5774000, 39, 729.547, 3486.77, 128.211, 0, 0),
(5774200, 1, 277.876, 3881.79, 75.9003, 0, 0),
(5774200, 2, 300.626, 3886.29, 78.1503, 0, 0),
(5774200, 3, 331.126, 3886.79, 80.1503, 0, 0),
(5774200, 4, 359.626, 3886.54, 79.6503, 0, 0),
(5774200, 5, 385.376, 3883.54, 79.9003, 0, 0),
(5774200, 6, 413.126, 3887.79, 79.6503, 0, 0),
(5774200, 7, 437.876, 3884.54, 79.6503, 0, 0),
(5774200, 8, 451.626, 3871.29, 79.9003, 0, 0),
(5774200, 9, 459.376, 3859.04, 80.1503, 0, 0),
(5774200, 10, 466.376, 3839.04, 80.6503, 0, 0),
(5774200, 11, 466.876, 3821.54, 86.1503, 0, 0),
(5774200, 12, 467.376, 3800.79, 81.1503, 0, 0),
(5774200, 13, 466.126, 3780.79, 82.1503, 0, 0),
(5774200, 14, 461.126, 3752.79, 83.1503, 0, 0),
(5774200, 15, 449.376, 3728.79, 82.6503, 0, 0),
(5774200, 16, 431.376, 3707.29, 81.9003, 0, 0),
(5774200, 17, 430.126, 3690.54, 81.6503, 0, 0),
(5774200, 18, 440.126, 3671.04, 79.4003, 0, 0),
(5774200, 19, 460.376, 3642.79, 79.4003, 0, 0),
(5774200, 20, 468.626, 3616.54, 79.9003, 0, 0),
(5774200, 21, 477.376, 3585.04, 83.9003, 0, 0),
(5774200, 22, 499.626, 3582.29, 87.1503, 0, 0),
(5774200, 23, 522.376, 3587.54, 91.1503, 0, 0),
(5774200, 24, 561.376, 3583.79, 94.6503, 0, 0),
(5774200, 25, 589.626, 3585.54, 98.1503, 0, 0),
(5774200, 26, 600.376, 3607.29, 110.9, 0, 0),
(5774200, 27, 610.626, 3625.79, 123.65, 0, 0),
(5774200, 28, 630.376, 3628.29, 134.65, 0, 0),
(5774200, 29, 651.876, 3608.79, 145.4, 0, 0),
(5774200, 30, 674.376, 3601.04, 146.9, 0, 0),
(5774200, 31, 714.876, 3602.29, 140.9, 0, 0),
(5774200, 32, 730.876, 3601.54, 140.9, 0, 0),
(5774200, 33, 737.028, 3596.41, 140.606, 0, 0),
(5774200, 34, 739.532, 3587.64, 140.657, 0, 0),
(5774200, 35, 742.032, 3560.39, 140.657, 0, 0),
(5774200, 36, 753.532, 3533.89, 139.407, 0, 0),
(5774200, 37, 755.532, 3516.64, 138.657, 0, 0),
(5774200, 38, 745.782, 3496.89, 135.907, 0, 0),
(5774200, 39, 729.547, 3486.77, 128.211, 0, 0);

-- ========================================
-- Addons
-- ========================================
DELETE FROM `creature_template_addon` WHERE `entry` IN (57740, 57741, 57742, 57743, 59496, 59497, 59498, 59499);
INSERT INTO `creature_template_addon` (`entry`, `PathId`, `mount`, `MountCreatureId`, `StandState`, `AnimTier`, `VisFlags`, `SheathState`, `PvPFlags`, `emote`, `aiAnimKit`, 
`movementAnimKit`, `meleeAnimKit`, `visibilityDistanceType`, `auras`) VALUES 
-- Cart Yak at Dai-Lo Farmstead
(59496, 0, 0, 0, 0, 0, 0, 1, 0, 0, 0, 0, 0, 0, '108692'),
(59497, 0, 0, 0, 0, 0, 1, 1, 0, 0, 0, 0, 0, 0, '108692 94567 82358'),
(59498, 0, 0, 0, 0, 0, 0, 1, 0, 0, 0, 0, 0, 0, ''),
(59499, 0, 0, 0, 0, 0, 1, 1, 0, 0, 0, 0, 0, 0, '82358 94567'),
-- Cart Yak at Forbidden forest
(57740, 0, 0, 0, 0, 0, 0, 1, 0, 0, 0, 0, 0, 0, '108692'),
(57741, 0, 0, 0, 0, 0, 1, 1, 0, 0, 0, 0, 0, 0, '108692 49417 49415'),
(57742, 0, 0, 0, 0, 0, 0, 1, 0, 0, 0, 0, 0, 0, ''),
(57743, 0, 0, 0, 0, 0, 1, 1, 0, 0, 0, 0, 0, 0, '49415 49417');
-- Cart Yak at Singing Pools
DELETE FROM `creature_template_addon` WHERE `entry` IN (57208,57207,57710,57709);
INSERT INTO `creature_template_addon` (`entry`, `PathId`, `mount`, `MountCreatureID`, `StandState`, `AnimTier`, `VisFlags`, `SheathState`, `PvPFlags`, `emote`, `aiAnimKit`, `movementAnimKit`, `meleeAnimKit`, `visibilityDistanceType`, `auras`) VALUES 
(57207, 0, 0, 0, 0, 0, 1, 0, 0, 0, 0, 0, 0, 0, ''),
(57208, 0, 0, 0, 0, 0, 1, 0, 0, 0, 0, 0, 0, 0, '108692'),
(57709, 0, 0, 0, 0, 0, 1, 1, 0, 0, 0, 0, 0, 0, '84886 94570'),
(57710, 0, 0, 0, 0, 0, 1, 1, 0, 0, 0, 0, 0, 0, '108692 94570 84886');

-- ========================================
-- Difficulty Records
-- ========================================
DELETE FROM `creature_template_difficulty` WHERE `entry` IN (57208, 57207, 57710, 57709, 57740, 57741, 57742, 57743, 59496, 59497, 59498, 59499);
INSERT INTO `creature_template_difficulty` VALUES
-- Cart Yak at Singing Pools
(57207, 0, 0, 0, 80, 4, 1, 1, 1, 1, 26777, 0, 0, 0, 0, 0, 0, 0, 0, 268435456, 0, 0, 0, 0, 0, 0, 0, 56647),
(57208, 0, 0, 0, 80, 4, 1, 1, 1, 1, 26775, 0, 0, 0, 0, 0, 0, 0, 0, 0, 0, 256, 0, 0, 0, 0, 0, 56647),
(57709, 0, 0, 0, 80, 4, 1, 1, 1, 0.2, 26264, 0, 0, 0, 0, 0, 0, 0, 0, 268435456, 0, 0, 0, 0, 0, 0, 0, 56647),
(57710, 0, 0, 0, 80, 4, 1, 1, 1, 0.2, 26262, 0, 0, 0, 0, 0, 0, 0, 0, 0, 0, 256, 0, 0, 0, 0, 0, 56647),
-- Cart Yak at Dai-Lo Farmstead
(59496, 0, 0, 0, 80, 4, 1, 1, 1, 1, 23227, 0, 0, 0, 0, 0, 0, 0, 0, 0, 0, 256, 0, 0, 0, 0, 0, 56647),
(59497, 0, 0, 0, 80, 4, 1, 1, 1, 0.2, 23225, 0, 0, 0, 0, 0, 0, 0, 0, 0, 0, 256, 0, 0, 0, 0, 0, 56647),
(59498, 0, 0, 0, 80, 4, 1, 1, 1, 1, 23223, 0, 0, 0, 0, 0, 0, 0, 0, 268435456, 0, 0, 0, 0, 0, 0, 0, 56647),
(59499, 0, 0, 0, 80, 4, 1, 1, 1, 0.2, 23221, 0, 0, 0, 0, 0, 0, 0, 0, 268435456, 0, 0, 0, 0, 0, 0, 0, 56647),
-- Cart Yak at Forbidden forest
(57740, 0, 0, 0, 80, 4, 1, 1, 1, 1, 26236, 0, 0, 0, 0, 0, 0, 0, 0, 0, 0, 256, 0, 0, 0, 0, 0, 56647),
(57741, 0, 0, 0, 80, 4, 1, 1, 1, 0.2, 26235, 0, 0, 0, 0, 0, 0, 0, 0, 0, 0, 256, 0, 0, 0, 0, 0, 56647),
(57742, 0, 0, 0, 80, 4, 1, 1, 1, 1, 26231, 0, 0, 0, 0, 0, 0, 0, 0, 268435456, 0, 0, 0, 0, 0, 0, 0, 56647),
(57743, 0, 0, 0, 80, 4, 1, 1, 1, 0.2, 26229, 0, 0, 0, 0, 0, 0, 0, 0, 268435456, 0, 0, 0, 0, 0, 0, 0, 56647);

-- Rope spell conditions
DELETE FROM `conditions` WHERE `SourceTypeOrReferenceId`=13 AND `SourceEntry`=108627;
INSERT INTO `conditions` (`SourceTypeOrReferenceId`, `SourceGroup`, `SourceEntry`, `SourceId`, `ElseGroup`, `ConditionTypeOrReference`, `ConditionTarget`, `ConditionValue1`, `ConditionValue2`, `ConditionValue3`, `ConditionStringValue1`, `NegativeCondition`, `ErrorType`, `ErrorTextId`, `ScriptName`, `Comment`) VALUES
(13, 1, 108627, 0, 0, 51, 0, 5, 57207, 0, '', 0, 0, 0, '', 'Ox Cart Rope Left can only hit Nourished Yak'),
(13, 1, 108627, 0, 1, 51, 0, 5, 59498, 0, '', 0, 0, 0, '', 'Ox Cart Rope Left can only hit Nourished Yak'),
(13, 1, 108627, 0, 2, 51, 0, 5, 57742, 0, '', 0, 0, 0, '', 'Ox Cart Rope Left can only hit Nourished Yak');