-- NPC: 56012 Elder Shaopai at temple
-- NPC: 57622 Lien-Hua
-- NPC: 65047 Yi
-- NPC: 65049 Er
-- NPC: 65050 San
-- NPC: 65052 Shi
-- NPC: 65053 Bai Hua
-- NPC: 65073 Naira Watergarden
-- NPC: 65087 Trader Feng
-- NPC: 59960 Ji at the Gate
-- NPC: 59962 Aysa at the Gate
-- NPC: 59963 Jojo at the Gate
-- NPC: 66690 Lamplighter Mu
-- NPC: 65084 Crimson Butterfly
-- NPC: 65077 Groundskeeper Amalia
-- NPC: 65088 Groundskeeper Shen
-- NPC: 65035 Summer Lily
-- NPC: 60260 Jie
-- NPC: 65039 Eng Dirtplow
-- NPC: 60259 Kong
-- NPC: 65042 Shun the Serene
-- NPC: 65085 Jin
-- NPC: 65086 Da Na
-- NPC: 65045 Gao Longwagon
-- NPC: 65044 Gan Darkcask

UPDATE `creature_template` SET `ScriptName` = 'npc_aysa_mandori_village' WHERE `entry` = 59962;

DELETE FROM `creature_template_addon` WHERE `entry` IN (66690,57622, 65052, 56012, 65053, 65050, 65049, 65047,65073, 65087, 59960, 59963, 59962,65084,65077,65035,60260,
65039,65042,60259,65085,65086,65045,65044,65088);
INSERT INTO `creature_template_addon` (`entry`, `PathId`, `mount`, `MountCreatureId`, `StandState`, `AnimTier`, `VisFlags`, `SheathState`, `PvPFlags`, `emote`, `aiAnimKit`, `movementAnimKit`, `meleeAnimKit`, `visibilityDistanceType`, `auras`) VALUES 
('56012', '0', '0', '0', '0', '0', '1', '1', '0', '0', '0', '0', '0', '0', '60921'),
('65050', '0', '0', '0', '0', '0', '0', '1', '0', '0', '0', '0', '0', '0', ''),
('65052', '0', '0', '0', '0', '0', '0', '1', '0', '0', '0', '0', '0', '0', ''),
('65053', '6505300', '0', '0', '0', '0', '0', '1', '0', '0', '0', '0', '0', '0', ''),
('65049', '6504900', '0', '0', '0', '0', '0', '1', '0', '0', '0', '0', '0', '0', ''),
('65047', '6504700', '0', '0', '0', '0', '0', '1', '0', '0', '0', '0', '0', '0', ''),
('65073', '0', '0', '0', '1', '0', '0', '1', '0', '0', '0', '0', '0', '0', ''),
('57622', '0', '0', '0', '0', '0', '0', '1', '0', '0', '0', '0', '0', '0', ''),
('65087', '6508700', '0', '0', '0', '0', '0', '1', '0', '0', '0', '0', '0', '0', ''),
('59960', '0', '0', '0', '0', '0', '0', '1', '0', '0', '0', '0', '0', '0', ''),
('59962', '0', '0', '0', '0', '0', '0', '1', '0', '0', '0', '0', '0', '0', ''),
(65088, 6508800, 0, 0, 0, 0, 0, 1, 0, 0, 0, 0, 0, 0, ''),
(60259, 0, 0, 0, 0, 0, 0, 1, 0, 0, 0, 0, 0, 0, ''),
(65042, 0, 0, 0, 8, 0, 0, 1, 0, 0, 0, 0, 0, 0, ''),
(65044, 0, 0, 0, 0, 0, 0, 1, 0, 0, 0, 0, 0, 0, ''),
(65045, 0, 0, 0, 0, 0, 0, 1, 0, 0, 0, 0, 0, 0, ''),
(65085, 0, 0, 0, 0, 0, 0, 1, 0, 0, 0, 0, 0, 0, ''),
(65086, 0, 0, 0, 0, 0, 0, 1, 0, 0, 0, 0, 0, 0, ''),
(65039, 0, 0, 0, 0, 0, 0, 1, 0, 0, 0, 0, 0, 0, ''), -- Eng Dirtplow
(60260, 6026000, 0, 0, 0, 0, 0, 1, 0, 0, 0, 0, 0, 0, ''), -- Jie
(65035, 6503500, 0, 0, 0, 0, 0, 1, 0, 0, 0, 0, 0, 0, ''), -- Summer Lily
(65077, 6507700, 0, 0, 0, 0, 0, 1, 0, 0, 0, 0, 0, 0, ''), -- Grounds Keeper Amalia
(66690, 6669000, 0, 0, 0, 0, 0, 1, 0, 0, 0, 0, 0, 0, '126968'), -- Lamplighter Mu
(65084, 6508400, 0, 0, 0, 0, 0, 1, 0, 0, 0, 0, 0, 0, ''), -- Crimson Butterfly
('59963', '0', '0', '0', '0', '0', '0', '1', '0', '0', '0', '0', '0', '0', '115672');

DELETE FROM `creature_template_difficulty` WHERE `entry` IN (66690,57622, 65052, 56012, 65053, 65050, 65049, 65047,65073, 65087, 59960, 59963, 59962,65084,65077,65035,60260,
65039,65042,60259,65085,65086,65045,65044,65088);
INSERT INTO `creature_template_difficulty` VALUES
(65088, 0, 0, 0, 80, 4, 1, 1, 1, 0.2, 58486, 0, 0, 0, 0, 0, 0, 0, 0, 268435456, 0, 0, 0, 0, 0, 0, 0, 56647),
(60259, 0, -3, -3, 1723, 11, 1, 1, 1, 0.3, 21679, 0, 0, 0, 0, 0, 0, 0, 0, 268435456, 0, 0, 0, 0, 0, 0, 0, 56647),
(65042, 0, 0, 0, 80, 4, 1, 1, 1, 0.2, 58440, 0, 0, 0, 0, 0, 0, 0, 0, 268435456, 0, 0, 0, 0, 0, 0, 0, 56647),
(65044, 0, 0, 0, 80, 4, 1, 1, 1, 0.2, 58442, 0, 0, 0, 0, 0, 0, 0, 0, 268435456, 0, 0, 0, 0, 0, 0, 0, 56647),
(65045, 0, 0, 0, 80, 4, 1, 1, 1, 0.2, 58443, 0, 0, 0, 0, 0, 0, 0, 0, 268435456, 0, 0, 0, 0, 0, 0, 0, 56647),
(65085, 0, 0, 0, 80, 4, 1, 1, 1, 0.2, 58483, 0, 0, 0, 0, 0, 0, 0, 0, 268435456, 0, 0, 0, 0, 0, 0, 0, 56647),
(65086, 0, 0, 0, 80, 4, 1, 1, 1, 0.2, 58484, 0, 0, 0, 0, 0, 0, 0, 0, 268435456, 0, 0, 0, 0, 0, 0, 0, 56647),
(65039, 0, 0, 0, 80, 4, 1, 1, 1, 0.2, 58437, 0, 0, 0, 0, 0, 0, 0, 0, 268435456, 0, 0, 0, 0, 0, 0, 0, 56647),
(60260, 0, -3, -3, 1723, 11, 1, 1, 1, 0.3, 21677, 0, 0, 0, 0, 0, 0, 0, 0, 268435456, 0, 0, 0, 0, 0, 0, 0, 56647),
(65035, 0, 0, 0, 80, 4, 1, 1, 1, 0.2, 58433, 0, 0, 0, 0, 0, 0, 0, 0, 268435456, 0, 0, 0, 0, 0, 0, 0, 56647),
(65077, 0, 0, 0, 80, 4, 1, 1, 1, 0.2, 58475, 0, 0, 0, 0, 0, 0, 0, 0, 268435456, 0, 0, 0, 0, 0, 0, 0, 56647),
(65084, 0, 0, 0, 80, 4, 1, 1, 1, 0.2, 58482, 0, 0, 0, 0, 0, 0, 0, 0, 268435456, 0, 0, 0, 0, 0, 0, 0, 56647),
(56012, 0, 0, 0, 80, 4, 1, 1, 1, 0.2, 28812, 4, 0, 0, 0, 0, 0, 0, 0, 268435456, 0, 0, 0, 0, 0, 0, 0, 56647),
(57622, 0, 0, 0, 80, 4, 1.1, 1, 1, 0.2, 26359, 0, 0, 0, 0, 0, 0, 0, 0, 268435456, 0, 0, 0, 0, 0, 0, 0, 56647),
(59960, 0, 0, 0, 80, 4, 1, 1, 1, 1, 22247, 0, 0, 0, 0, 0, 0, 0, 0, 268435456, 0, 0, 0, 0, 0, 0, 0, 56647),
(59962, 0, 0, 0, 80, 4, 1, 1, 1, 1, 22243, 0, 0, 0, 0, 0, 0, 0, 0, 268435456, 0, 0, 0, 0, 0, 0, 0, 56647),
(59963, 0, 0, 0, 80, 4, 1, 1, 1, 1, 22241, 0, 0, 0, 0, 0, 0, 0, 0, 268435456, 0, 0, 0, 0, 0, 0, 0, 56647),
(65047, 0, 0, 0, 80, 4, 1, 1, 1, 0.2, 58445, 0, 0, 0, 0, 0, 0, 0, 0, 268435456, 0, 0, 0, 0, 0, 0, 0, 56647),
(65049, 0, 0, 0, 80, 4, 1, 1, 1, 0.2, 58447, 0, 0, 0, 0, 0, 0, 0, 0, 268435456, 0, 0, 0, 0, 0, 0, 0, 56647),
(65050, 0, 0, 0, 80, 4, 1, 1, 1, 0.2, 58448, 0, 0, 0, 0, 0, 0, 0, 0, 268435456, 0, 0, 0, 0, 0, 0, 0, 56647),
(65052, 0, 0, 0, 80, 4, 1, 1, 1, 0.2, 58450, 0, 0, 0, 0, 0, 0, 0, 0, 268435456, 0, 0, 0, 0, 0, 0, 0, 56647),
(65053, 0, 0, 0, 80, 4, 1, 1, 1, 0.2, 58451, 0, 0, 0, 0, 0, 0, 0, 0, 268435456, 0, 0, 0, 0, 0, 0, 0, 56647),
(65073, 0, 0, 0, 80, 4, 1, 1, 1, 0.2, 58471, 0, 0, 0, 0, 0, 0, 0, 0, 268435456, 0, 0, 0, 0, 0, 0, 0, 56647),
(65087, 0, 0, 0, 80, 4, 1, 1, 1, 0.2, 58485, 0, 0, 0, 0, 0, 0, 0, 0, 268435456, 0, 0, 0, 0, 0, 0, 0, 56647),
(66690, 0, 0, 0, 80, 4, 1, 1, 1, 0.2, 60662, 0, 0, 0, 0, 0, 0, 0, 0, 268435456, 0, 0, 0, 0, 0, 0, 0, 56647);

UPDATE `creature` SET `MovementType` = 2 WHERE `id` IN (65053,65047,65049,65087,66690,65084,65077,65035,60260,65088);
UPDATE `creature` SET `PhaseId` = 878 WHERE `id` IN (59960, 59963, 59962);

DELETE FROM `creature_formations` WHERE `leaderGUID` IN (451366);
INSERT INTO `creature_formations` (`leaderGUID`, `memberGUID`, `dist`, `angle`, `groupAI`, `point_1`, `point_2`) VALUES
(451366, 451366, 0, 0, 512, 0, 0),
(451366, 451382, 10, 0, 512, 0, 0);

DELETE FROM `npc_vendor` WHERE `entry` IN (57622, 65047, 65049, 65050, 65052, 65053, 65087, 65091);
INSERT INTO `npc_vendor` (entry, slot, item, maxcount, incrtime, ExtendedCost, `type`, BonusListIDs, PlayerConditionID, IgnoreFiltering, VerifiedBuild) VALUES
(65091, 1, 2880, 0, 0, 0, 1, NULL, 0, 0, 63906),
(65091, 2, 2901, 0, 0, 0, 1, NULL, 0, 0, 63906),
(65091, 3, 3466, 0, 0, 0, 1, NULL, 0, 0, 63906),
(65091, 4, 3857, 0, 0, 0, 1, NULL, 0, 0, 63906),
(65091, 5, 5956, 0, 0, 0, 1, NULL, 0, 0, 63906),
(65091, 6, 18567, 0, 0, 0, 1, NULL, 0, 0, 63906),
(65091, 7, 180733, 0, 0, 0, 1, NULL, 0, 0, 63906),
('65052', '1', '74636', '0', '0', '0', '1', NULL, '0', '0', '63906'),
('65052', '2', '81406', '0', '0', '0', '1', NULL, '0', '0', '63906'),
('65052', '3', '81414', '0', '0', '0', '1', NULL, '0', '0', '63906'),
('65053', '1', '159', '0', '0', '0', '1', NULL, '0', '0', '63906'),
('65053', '0', '74636', '0', '0', '0', '1', NULL, '0', '0', '0'),
('65053', '0', '81406', '0', '0', '0', '1', NULL, '0', '0', '0'),
('65053', '0', '81407', '0', '0', '0', '1', NULL, '0', '0', '0'),
('65053', '0', '81414', '0', '0', '0', '1', NULL, '0', '0', '0'),
('65053', '0', '81415', '0', '0', '0', '1', NULL, '0', '0', '0'),
('65053', '2', '90659', '0', '0', '0', '1', NULL, '0', '0', '63906'),
('65053', '3', '90660', '0', '0', '0', '1', NULL, '0', '0', '63906'),
('65050', '1', '117', '0', '0', '0', '1', NULL, '0', '0', '63906'),
('65050', '2', '787', '0', '0', '0', '1', NULL, '0', '0', '63906'),
('65050', '3', '2287', '0', '0', '0', '1', NULL, '0', '0', '63906'),
('65050', '4', '3770', '0', '0', '0', '1', NULL, '0', '0', '63906'),
('65050', '5', '4536', '0', '0', '0', '1', NULL, '0', '0', '63906'),
('65050', '6', '4538', '0', '0', '0', '1', NULL, '0', '0', '63906'),
('65050', '7', '4540', '0', '0', '0', '1', NULL, '0', '0', '63906'),
('65050', '8', '4541', '0', '0', '0', '1', NULL, '0', '0', '63906'),
('65050', '9', '4542', '0', '0', '0', '1', NULL, '0', '0', '63906'),
('65050', '10', '4592', '0', '0', '0', '1', NULL, '0', '0', '63906'),
('65050', '11', '4593', '0', '0', '0', '1', NULL, '0', '0', '63906'),
('65050', '12', '4604', '0', '0', '0', '1', NULL, '0', '0', '63906'),
('65050', '13', '4605', '0', '0', '0', '1', NULL, '0', '0', '63906'),
('65050', '14', '4606', '0', '0', '0', '1', NULL, '0', '0', '63906'),
('65049', '1', '159', '0', '0', '0', '1', NULL, '0', '0', '63906'),
('65049', '2', '90659', '0', '0', '0', '1', NULL, '0', '0', '63906'),
('65049', '3', '90660', '0', '0', '0', '1', NULL, '0', '0', '63906'),
('65047', '1', '117', '0', '0', '0', '1', NULL, '0', '0', '63906'),
('65047', '2', '787', '0', '0', '0', '1', NULL, '0', '0', '63906'),
('65047', '3', '2287', '0', '0', '0', '1', NULL, '0', '0', '63906'),
('65047', '4', '3770', '0', '0', '0', '1', NULL, '0', '0', '63906'),
('65047', '5', '4536', '0', '0', '0', '1', NULL, '0', '0', '63906'),
('65047', '6', '4538', '0', '0', '0', '1', NULL, '0', '0', '63906'),
('65047', '7', '4540', '0', '0', '0', '1', NULL, '0', '0', '63906'),
('65047', '8', '4541', '0', '0', '0', '1', NULL, '0', '0', '63906'),
('65047', '9', '4542', '0', '0', '0', '1', NULL, '0', '0', '63906'),
('65047', '10', '4592', '0', '0', '0', '1', NULL, '0', '0', '63906'),
('65047', '11', '4593', '0', '0', '0', '1', NULL, '0', '0', '63906'),
('65047', '12', '4604', '0', '0', '0', '1', NULL, '0', '0', '63906'),
('65047', '13', '4605', '0', '0', '0', '1', NULL, '0', '0', '63906'),
('65047', '14', '4606', '0', '0', '0', '1', NULL, '0', '0', '63906'),
('57622', '1', '2320', '0', '0', '0', '1', NULL, '0', '0', '63906'),
('57622', '2', '2324', '0', '0', '0', '1', NULL, '0', '0', '63906'),
('57622', '3', '2604', '0', '0', '0', '1', NULL, '0', '0', '63906'),
('57622', '4', '2678', '0', '0', '0', '1', NULL, '0', '0', '63906'),
('57622', '5', '2880', '0', '0', '0', '1', NULL, '0', '0', '63906'),
('57622', '6', '2901', '0', '0', '0', '1', NULL, '0', '0', '63906'),
('57622', '7', '3371', '0', '0', '0', '1', NULL, '0', '0', '63906'),
('57622', '8', '3466', '0', '0', '0', '1', NULL, '0', '0', '63906'),
('57622', '9', '3857', '0', '0', '0', '1', NULL, '0', '0', '63906'),
('57622', '10', '4289', '0', '0', '0', '1', NULL, '0', '0', '63906'),
('57622', '11', '5956', '0', '0', '0', '1', NULL, '0', '0', '63906'),
('57622', '12', '6217', '0', '0', '0', '1', NULL, '0', '0', '63906'),
('57622', '13', '6256', '0', '0', '0', '1', NULL, '0', '0', '63906'),
('57622', '14', '6260', '0', '0', '0', '1', NULL, '0', '0', '63906'),
('57622', '15', '6529', '0', '0', '0', '1', NULL, '0', '0', '63906'),
('57622', '16', '7005', '0', '0', '0', '1', NULL, '0', '0', '63906'),
('57622', '17', '18567', '0', '0', '0', '1', NULL, '0', '0', '63906'),
('57622', '18', '20815', '0', '0', '0', '1', NULL, '0', '0', '63906'),
('57622', '19', '30817', '0', '0', '0', '1', NULL, '0', '0', '63906'),
('57622', '20', '39354', '0', '0', '0', '1', NULL, '0', '0', '63906'),
('57622', '21', '39505', '0', '0', '0', '1', NULL, '0', '0', '63906'),
('57622', '22', '85663', '0', '0', '0', '1', NULL, '0', '0', '63906'),
('57622', '23', '160298', '0', '0', '0', '1', NULL, '0', '0', '63906'),
('57622', '24', '180733', '0', '0', '0', '1', NULL, '0', '0', '63906'),
('65087', '1', '159', '0', '0', '0', '1', NULL, '0', '0', '63906'),
('65087', '2', '4470', '0', '0', '0', '1', NULL, '0', '0', '63906'),
('65087', '3', '4496', '0', '0', '0', '1', NULL, '0', '0', '63906'),
('65087', '4', '4498', '0', '0', '0', '1', NULL, '0', '0', '63906'),
('65087', '5', '4540', '0', '0', '0', '1', NULL, '0', '0', '63906'),
('65087', '6', '5042', '0', '0', '0', '1', NULL, '0', '0', '63906');

-- Gameobject templates
UPDATE `gameobject_template` SET `Data2` = '30000', `ScriptName` = 'go_210965_forest_door' WHERE `entry` = 210965;


DELETE FROM `gameobject_template_addon` WHERE `entry` IN (210964, 210965, 211282,211283);
INSERT INTO `gameobject_template_addon` (entry, faction, flags, mingold, maxgold, artkit0, artkit1, artkit2, artkit3, artkit4, WorldEffectID, AIAnimKitID) VALUES
('210964', '114', '32', '0', '0', '0', '0', '0', '0', '0', '0', '0'),
('211283', '114', '32', '0', '0', '0', '0', '0', '0', '0', '0', '0'),
('210965', '114', '32', '0', '0', '0', '0', '0', '0', '0', '0', '0'),
('211282', '114', '32', '0', '0', '0', '0', '0', '0', '0', '0', '0');

DELETE FROM `gameobject_addon` WHERE `guid` IN (300383, 300683, 300374, 300690);
INSERT INTO `gameobject_addon` (guid, parent_rotation0, parent_rotation1, parent_rotation2, parent_rotation3, invisibilityType, invisibilityValue, WorldEffectID, AIAnimKitID) VALUES
('300383', '0', '0', '0', '1', '37', '100', '0', '0'),
('300683', '0', '0', '0', '1', '36', '100', '0', '0'),
('300374', '0', '0', '0', '1', '35', '100', '0', '0'),
('300690', '0', '0', '0', '1', '34', '100', '0', '0');

UPDATE `creature_template` SET `AIName` = 'SmartAI' WHERE `entry` IN (65044, 65045,65085,65086);
DELETE FROM `smart_scripts` WHERE `entryOrGuid` IN (65044, 65045,65085,65086) AND `source_type` IN (0);
INSERT INTO `smart_scripts` VALUES
(65044, 0, 0, 0, '', 1, 0, 100, 0, 0, 0, 3000, 10000, 0, '', 10, 5, 273, 396, 0, 0, 0, 0, '', 1, 0, 0, 0, 0, '', 0, 0, 0, 0, 'Gan Darkcask - Update OOC - Play Random Emote'),
(65045, 0, 0, 0, '', 1, 0, 100, 0, 3000, 5000, 3000, 10000, 0, '', 10, 5, 273, 396, 0, 0, 0, 0, '', 1, 0, 0, 0, 0, '', 0, 0, 0, 0, 'Gao Longwagon - Update OOC - Play Random Emote'),
(65085, 0, 0, 0, '', 1, 0, 100, 0, 0, 0, 3000, 10000, 0, '', 10, 5, 273, 396, 0, 0, 0, 0, '', 1, 0, 0, 0, 0, '', 0, 0, 0, 0, 'Jin - Update OOC - Play Random Emote'),
(65086, 0, 0, 0, '', 1, 0, 100, 0, 3000, 5000, 3000, 10000, 0, '', 10, 5, 273, 396, 0, 0, 0, 0, '', 1, 0, 0, 0, 0, '', 0, 0, 0, 0, 'Da Na - Update OOC - Play Random Emote');

-- Area Trigger Scripts
DELETE FROM `areatrigger_scripts` WHERE `entry` IN (7710);
INSERT INTO `areatrigger_scripts` VALUES
(7710, 'at_mandori_village_7710');

DELETE FROM `waypoint_path` WHERE `PathId` IN (6669000,6508400,6507700,6503500,6026000,6508800);
INSERT INTO `waypoint_path` (`PathId`, `MoveType`, `Flags`, `Comment`) VALUES
(6669000,0,0,'The Wandering Isle - Lamplighter Mu'),
(6503500,0,0,'The Wandering Isle - Summer Lily'),
(6026000,0,0,'The Wandering Isle - Jie'),
(6507700,0,0,'The Wandering Isle - Groundskeeper Amalia'),
(6508800,0,0,'The Wandering Isle - Groundskeeper Shen'),
(6508400,0,0,'The Wandering Isle - Crimson Butterfly');

DELETE FROM `waypoint_path_node` WHERE `PathId` IN (6669000,6508400,6507700,6503500,6026000,6508800);
INSERT INTO `waypoint_path_node` (PathId,NodeId,PositionX, PositionY,PositionZ,Orientation,Delay) values
(6508800, 1, 793.477, 3634.16, 160.511, 0, 0),
(6508800, 2, 790.526, 3638.89, 160.511, 0, 0),
(6508800, 3, 790.696, 3643.55, 160.511, 0, 0),
(6508800, 4, 792.623, 3647.6, 160.511, 5.58505, 20000),
(6508800, 5, 801.7, 3650.89, 160.511, 0, 0),
(6508800, 6, 805.715, 3648.39, 160.517, 3.83972, 17000),
(6508800, 7, 800.203, 3650.99, 160.511, 0, 0),
(6508800, 8, 794.257, 3649.21, 160.511, 0, 0),
(6508800, 9, 791.486, 3645.85, 160.511, 0, 0),
(6508800, 10, 790.759, 3641.23, 160.511, 6.21337, 12000),
(6508800, 11, 793.658, 3634.67, 160.511, 0, 0),
(6508800, 12, 796.741, 3632.88, 160.511, 0, 0),
(6508800, 13, 801.003, 3632.61, 160.511, 1.79769, 16000),
(6026000, 1, 719.37, 3551.98, 141.839, 0, 0),
(6026000, 2, 714.771, 3540.35, 141.816, 0, 0),
(6026000, 3, 717.113, 3526.41, 140.966, 0, 0),
(6026000, 4, 725.613, 3517.18, 140.601, 0, 0),
(6026000, 5, 739.962, 3513.66, 139.624, 0, 0),
(6026000, 6, 744.528, 3501.9, 136.536, 0, 0),
(6026000, 7, 735.445, 3493.2, 131.568, 0, 0),
(6026000, 8, 717.057, 3485.47, 123.09, 0, 0),
(6026000, 9, 703.352, 3480.11, 118.984, 0, 0),
(6026000, 10, 694.351, 3481.93, 118.768, 0, 0),
(6026000, 11, 683.146, 3490.44, 118.768, 0, 0),
(6026000, 12, 669.554, 3495.06, 119.295, 0, 0),
(6026000, 13, 660.323, 3497.81, 119.626, 0, 0),
(6026000, 14, 652.642, 3492.68, 118.962, 0, 0),
(6026000, 15, 652.505, 3481.91, 119.991, 0, 0),
(6026000, 16, 661.092, 3476.62, 119.124, 0, 0),
(6026000, 17, 676.16, 3481.17, 119.412, 0, 0),
(6026000, 18, 688.535, 3483.04, 118.768, 0, 0),
(6026000, 19, 700.802, 3477.89, 118.588, 0, 0),
(6026000, 20, 712.891, 3476.14, 120.222, 0, 0),
(6026000, 21, 727.344, 3483, 126.554, 0, 0),
(6026000, 22, 741.96, 3488.96, 133.405, 0, 0),
(6026000, 23, 750.382, 3496.02, 136.676, 0, 0),
(6026000, 24, 759.634, 3507.68, 139.22, 0, 0),
(6026000, 25, 772.137, 3518.11, 140.298, 0, 0),
(6026000, 26, 775.797, 3532.23, 141.204, 0, 0),
(6026000, 27, 773.238, 3542.18, 140.698, 0, 0),
(6026000, 28, 768.066, 3545.69, 141.073, 0, 0),
(6026000, 29, 760.276, 3547.44, 141.489, 0, 0),
(6026000, 30, 756.108, 3555.06, 141.607, 0, 0),
(6026000, 31, 756.055, 3562.88, 141.33, 0, 0),
(6026000, 32, 758.158, 3587.76, 140.885, 0, 0),
(6026000, 33, 757.634, 3605.65, 140.63, 0, 0),
(6026000, 34, 758.391, 3617.57, 140.981, 0, 0),
(6026000, 35, 750.773, 3621.22, 141.521, 0, 0),
(6026000, 36, 739.042, 3627.22, 142.631, 0, 0),
(6026000, 37, 733.111, 3628.65, 142.631, 0, 0),
(6026000, 38, 718.851, 3634.05, 141.571, 0, 0),
(6026000, 39, 711.957, 3632.93, 140.979, 0, 0),
(6026000, 40, 708.219, 3620.64, 142.121, 0, 0),
(6026000, 41, 711.733, 3613.66, 142.073, 0, 0),
(6026000, 42, 716.599, 3611.52, 141.58, 0, 0),
(6026000, 43, 724.521, 3612.87, 140.741, 0, 0),
(6026000, 44, 731.75, 3604.13, 140.746, 0, 0),
(6026000, 45, 731.273, 3592.07, 140.742, 0, 0),
(6026000, 46, 728.811, 3580.43, 141.347, 0, 0),
(6026000, 47, 725.632, 3564.17, 140.776, 0, 0),
(6503500, 1, 728.887, 3571.72, 141.271, 0, 0),
(6503500, 2, 733.887, 3570.47, 141.021, 0, 0),
(6503500, 3, 741.637, 3566.97, 141.021, 0, 0),
(6503500, 4, 743.137, 3562.97, 141.021, 0, 0),
(6503500, 5, 744.387, 3557.47, 140.771, 0, 0),
(6503500, 6, 745.887, 3552.97, 140.771, 0, 0),
(6503500, 7, 749.387, 3550.97, 140.521, 0, 0),
(6503500, 8, 753.137, 3551.97, 141.271, 0, 0),
(6503500, 9, 759.424, 3551.03, 141.56, 0.977384, 74000),
(6503500, 10, 757.387, 3550.22, 141.521, 0, 0),
(6503500, 11, 752.137, 3551.72, 141.021, 0, 0),
(6503500, 12, 747.887, 3552.47, 140.771, 0, 0),
(6503500, 13, 745.637, 3554.97, 140.771, 0, 0),
(6503500, 14, 743.887, 3560.97, 141.021, 0, 0),
(6503500, 15, 742.137, 3565.97, 141.021, 0, 0),
(6503500, 16, 736.387, 3569.72, 141.021, 0, 0),
(6503500, 17, 732.137, 3571.72, 141.021, 0, 0),
(6503500, 18, 728.137, 3574.22, 141.521, 0, 0),
(6503500, 19, 724.851, 3576.91, 141.482, 5.55015, 20000),
(6507700, 1, 720.363, 3517.31, 141.226, 0, 2000),
(6507700, 2, 735.276, 3517.65, 140.25, 0, 0),
(6507700, 3, 739.391, 3522.05, 140.455, 0, 0),
(6507700, 4, 739.847, 3527.5, 140.611, 0, 0),
(6507700, 5, 736.481, 3530.39, 140.705, 0, 2000),
(6507700, 6, 736.627, 3537.72, 140.688, 0, 0),
(6507700, 7, 730.29, 3540.16, 140.901, 0, 3000),
(6507700, 8, 722.061, 3544.67, 141.283, 0, 0),
(6507700, 9, 719.068, 3543.64, 141.474, 0, 2000),
(6507700, 10, 716.351, 3532.82, 141.601, 0, 0),
(6507700, 11, 713.068, 3527.76, 141.119, 0, 2000),
(6508400, 1, 768.134, 3527.29, 140.404, 0, 0),
(6508400, 2, 773.528, 3519.41, 140.617, 0, 0),
(6508400, 3, 768.134, 3527.29, 140.404, 0, 0),
(6508400, 4, 764.361, 3533.59, 140.348, 0, 0),
(6508400, 5, 758.411, 3543.91, 140.663, 0, 0),
(6508400, 6, 754.285, 3552.17, 141.212, 0, 0),
(6508400, 7, 752.951, 3560.1, 141.455, 0, 0),
(6508400, 8, 753.946, 3567.89, 140.957, 0, 0),
(6508400, 9, 752.592, 3576.13, 141.383, 0, 0),
(6508400, 10, 753.502, 3585.69, 140.868, 0, 0),
(6508400, 11, 756.094, 3592.79, 140.606, 0, 0),
(6508400, 12, 753.502, 3585.69, 140.868, 0, 0),
(6508400, 13, 752.592, 3576.13, 141.383, 0, 0),
(6508400, 14, 753.946, 3567.89, 140.957, 0, 0),
(6508400, 15, 752.951, 3560.1, 141.455, 0, 0),
(6508400, 16, 754.285, 3552.17, 141.212, 0, 0),
(6508400, 17, 758.411, 3543.91, 140.663, 0, 0),
(6508400, 18, 764.361, 3533.59, 140.348, 0, 0),
(6669000, 1, 682.37, 3497.4, 119.2, 0, 0),
(6669000, 2, 682.87, 3490.4, 119.2, 0, 0),
(6669000, 3, 687.37, 3486.4, 119.2, 0, 0),
(6669000, 4, 692.62, 3483.4, 119.2, 0, 0),
(6669000, 5, 695.37, 3481.15, 118.95, 0, 0),
(6669000, 6, 699.37, 3480.9, 118.95, 0, 0),
(6669000, 7, 705.222, 3483.66, 119.393, 1.51844, 7000),
(6669000, 8, 709.625, 3483.52, 120.6, 0, 0),
(6669000, 9, 715.625, 3485.52, 122.85, 0, 0),
(6669000, 10, 719.875, 3488.02, 125.35, 0, 0),
(6669000, 11, 727.125, 3490.52, 128.6, 0, 0),
(6669000, 12, 732.125, 3492.52, 130.85, 0, 0),
(6669000, 13, 738.125, 3494.52, 133.1, 0, 0),
(6669000, 14, 744.125, 3493.27, 134.85, 0, 0),
(6669000, 15, 751.028, 3493.38, 136.807, 0.750492, 7000),
(6669000, 16, 751.361, 3497.58, 137.281, 0, 0),
(6669000, 17, 752.861, 3502.33, 138.031, 0, 0),
(6669000, 18, 758.361, 3505.83, 139.031, 0, 0),
(6669000, 19, 761.361, 3509.83, 140.031, 0, 0),
(6669000, 20, 762.195, 3515.28, 139.756, 2.07694, 7000),
(6669000, 21, 766.924, 3514.11, 140.497, 0, 0),
(6669000, 22, 768.174, 3519.36, 140.497, 0, 0),
(6669000, 23, 761.674, 3525.61, 139.997, 0, 0),
(6669000, 24, 755.674, 3533.36, 139.747, 0, 0),
(6669000, 25, 747.674, 3548.36, 140.247, 0, 0),
(6669000, 26, 743.674, 3552.11, 140.497, 0, 0),
(6669000, 27, 737.674, 3555.86, 141.247, 0, 0),
(6669000, 28, 734.924, 3557.36, 141.747, 0, 0),
(6669000, 29, 732.654, 3560.94, 141.238, 0, 7000),
(6669000, 30, 734.347, 3558.06, 141.69, 0, 0),
(6669000, 31, 737.597, 3557.06, 140.94, 0, 0),
(6669000, 32, 743.597, 3554.06, 140.44, 0, 0),
(6669000, 33, 746.347, 3551.06, 140.19, 0, 0),
(6669000, 34, 749.847, 3544.31, 139.69, 0, 0),
(6669000, 35, 752.597, 3539.56, 139.69, 0, 0),
(6669000, 36, 756.847, 3532.31, 139.69, 0, 0),
(6669000, 37, 758.097, 3524.56, 139.44, 0, 0),
(6669000, 38, 757.597, 3515.31, 138.94, 0, 0),
(6669000, 39, 756.347, 3507.81, 138.44, 0, 0),
(6669000, 40, 752.347, 3498.56, 137.44, 0, 0),
(6669000, 41, 746.347, 3492.06, 135.44, 0, 0),
(6669000, 42, 738.347, 3488.31, 131.94, 0, 0),
(6669000, 43, 729.347, 3484.31, 127.69, 0, 0),
(6669000, 44, 720.097, 3480.31, 123.44, 0, 0),
(6669000, 45, 709.597, 3474.81, 120.19, 0, 0),
(6669000, 46, 700.597, 3468.31, 118.69, 0, 0),
(6669000, 47, 695.847, 3464.56, 117.94, 0, 0),
(6669000, 48, 692.347, 3459.31, 116.69, 0, 0),
(6669000, 49, 690.097, 3453.06, 114.94, 0, 0),
(6669000, 50, 688.847, 3446.31, 113.44, 0, 0),
(6669000, 51, 686.597, 3440.81, 111.69, 0, 0),
(6669000, 52, 685.04, 3437.17, 110.143, 0, 7000),
(6669000, 53, 686.393, 3441.04, 111.676, 0, 0),
(6669000, 54, 689.393, 3448.29, 113.926, 0, 0),
(6669000, 55, 691.643, 3455.29, 115.676, 0, 0),
(6669000, 56, 694.393, 3462.04, 117.426, 0, 0),
(6669000, 57, 697.643, 3470.29, 118.176, 0, 0),
(6669000, 58, 696.143, 3477.04, 118.676, 0, 0),
(6669000, 59, 691.893, 3482.79, 118.926, 0, 0),
(6669000, 60, 685.247, 3484.91, 118.71, 0, 0),
(6669000, 61, 679.151, 3493.21, 118.768, 0, 0),
(6669000, 62, 677.526, 3498.07, 118.768, 0, 15000),
(6669000, 63, 681.272, 3500.11, 118.887, 0, 0),
(6669000, 64, 682.522, 3501.86, 118.887, 0, 0),
(6669000, 65, 683.017, 3504.15, 119.006, 4.67748, 82000);
