-- Wandering Isle fixes and changes

-- Phase: 524 Zhaoren battle
-- Phase: 536 Zhaoren dead
-- Phase: 543 Crashed Ship Boss Fight
-- Phase: 544 Crashed Ship Healing
-- Phase: 545 Crashed Ship Healed
-- Phase: 592/593/594/595/596/597/598 Cosmetic class weapon racks
-- Phase: 630 Cosmetic - Cart Driver Freed
-- Phase: 878 Cosmetic - Mandori Village Gate Spawns
-- Phase: 879 Cosmetic - Pei-Wu Forest Gate Spawns
-- Phase: 903 Cosmetic Forlorn Hut npcs
-- Phase: 964 Aysa's vision
-- Phase: 993 Crashed Ship Cinematic
-- Phase: 1027 Cosmetic - Fire Spirit Rescued
-- Phase: 1028 Cosmetic - Water Spirit Rescued
-- Phase: 1029 Cosmetic - Earth Spirit Rescued
-- Phase: 1030 Cosmetic - Air Spirit Rescued
-- Phase: 1323	"Cosmetic - Central Statue, Pre-Fire"
-- Phase: 1324	"Cosmetic - Central Statue, Post-Fire"
-- Phase: 1325	"Cosmetic - Central Statue, Post-Water"
-- Phase: 1326	"Cosmetic - Central Statue, Post-Earth"
-- Phase: 1327	"Cosmetic - Central Statue, Post-Air"
-- Phase: 1429 Zhaoren flyby
-- Phase: 1430 Zhaoren plateau
-- Phase: 1510 Cosmetic Mallet Object/Quest
-- Phase: 1518 "Cosmetic - Master Shang Xi, Air Village"
-- Phase: 1519 "Cosmetic - Elder Shaopai, Air Village"
-- Phase: 1526 Master Shang zhaoren battle completed
-- Phase: 1527 Master Shang graveyard
-- Phase: 1714 Cosmetic Jade Tiger Pillar
-- Phase: 1835 Cosmetic Forest Horde Camp
-- Phase: 1836 Cosmetic Chamber of winds
-- Phase: 1885 Cosmetic Balloon ride npcs

-- NPC: 54130 Amberleaf Scamp
-- NPC: 54131 Fe-Feng Hozen
-- NPC: 57164 Fe-Feng Leaper
-- NPC: 60411 Water Pincer
-- NPC: 55506 Raggis
-- NPC: 55015 Whitefeather Crane
-- NPC: 55292 Fang-she
-- NPC: 54976 Barbed Ray
-- NPC: 55483 Plump Virmen
-- NPC: 55504 Plump Carrotcruncher
-- NPC: 56730 Fe-Feng Brewthief
-- NPC: 57205 Fe-Feng Hozen
-- NPC: 53704 Corsac Fox
-- NPC: 57797 Corsac Fox
-- NPC: 57164 Fe-Feng Leaper
-- NPC: 53714 Training Target
-- NPC: 55601 Fe-feng Wiseman
-- NPC: 55632 Fe-Feng Ruffian
-- NPC: 57465 Fe-Feng Ruffian
-- NPC: 57466 Fe-Feng Firethief
-- NPC: 55634 Ruk-Ruk
-- NPC: 64322 Ruk-Ruk's rocket
-- NPC: 55640 Thornbranch Scamp
-- NPC: 57799 Spawned Thornbranch

-- NPC: 55479 Gao Summerdraft
-- NPC: 55021 Jojo Ironbrow at first house
-- NPC: 57638 Jojo Ironbrow (spell spawn first house)
-- NPC: 55478 Jojo Ironbrow at farmstead
-- NPC: 57669 Jojo Ironbrow (spell spawn farmstead)
-- NPC: 55585 Jojo Ironbrow at Morning Breeze
-- NPC: 64939 Lamplighter Sunny
-- NPC: 65467 Mesmerized Onlooker
-- NPC: 56394 Mesmerized Child
-- NPC: 56393 Mesmerized Onlooker
-- NPC: 57620 Whittler Dewei
-- NPC: 57779 Huo
-- NPC: 54787 Huo (spawned)
-- NPC: 54135 Master Li Fei
-- NPC: 54734 Master Li Fei (challenge npc)
-- NPC: 54958 Huo (spawned)
-- NPC: 57720 Ji Firepaw
-- NPC: 55477 Ji Firepaw at the farm
-- NPC: 55694 Ji Firepaw towards Morning Breeze
-- NPC: 57721 Aysa Cloudsinger
-- NPC: 54786 Master Shang Xi
-- NPC: 57132 Wu-song Villager
-- NPC: 65472 Wu-song Villager
-- NPC: 55019 Tushui Monk
-- NPC: 65468 Tushui Monk
-- NPC: 54993 Balance Pole
-- NPC: 57431 Balance Pole
-- NPC: 55083 Balance Pole
-- NPC: 56869 Bunny landing impact
-- NPC: 55020 Old Man Liang
-- NPC: 54975 Aysa Cloudsinger
-- NPC: 65493 Shu
-- NPC: 55213 Shu (spawned by spell)
-- NPC: 60488 Bunny water spout summon
-- NPC: 66941 Bunny water spout summon (Farmstead)
-- NPC: 57207 Spawned Yak
-- NPC: 57208 Spawned Cart
-- NPC: 57709 Nourished Yak
-- NPC: 57710 Cart
-- NPC: 57712 Cart Tender
-- NPC: 59497 Cart at farmstead
-- NPC: 59496 Spawned Cart at farmstead
-- NPC: 59499 Nourished Yak at farmstead
-- NPC: 59498 Spawned Nourished Yak at farmstead
-- NPC: 55539 Wugou
-- NPC: 60916 Wugou spawn
-- NPC: 55556 Shu at the Farmstead
-- NPC: 55558 Shu spawn at the Farmstead
-- NPC: 56377 Shu spawn
-- NPC: 54786 Master Shang Xi at temple (451410)
-- NPC: 55685 Uplifting Draft
-- NPC: 64554 Zhao-Ren <The Onyx Serpent> - in the sky
-- NPC: 64885 Lorewalker Zan
-- NPC: 64876 Lorewalker Ruolin
-- NPC: 64875 Lorewalker Amai
-- NPC: 64879 Yin
-- NPC: 64880 Nan
-- NPC: 64881 Hao
-- NPC: 55588 Elder Shaopai at Morning Breeze
-- NPC: 55583 Ji Firepaw at Morning Breeze
-- NPC: 55585 Jojo at Morning Breeze
-- NPC: 57670 Jojo spawn at Morning Breeze
-- NPC: 57623 Shen Stonecarver
-- NPC: 65558 Ji Firepaw (with player)
-- NPC: 55595 Aysa at Morning Breeze
-- NPC: 65559 Vision of Zhao-Ren
-- NPC: 55650 Shang Xi's Hot Air Balloon
-- NPC: 55592 Dafeng Spirit of Air
-- NPC: 65560 Dafeng spawn ??
-- NPC: 64532 Dafeng spawn (quest accept)
-- NPC: 55595 Aysa with Dafeng
-- NPC: 64543 Aysa spawn  (quest accept)
-- NPC: 55786 Zhaoren
-- NPC: 64507 Firework Launcher
-- NPC: 64505 Ji at Zhaoren
-- NPC: 64506 Aysha at Zhaoren
-- NPC: 55874 Dead Zhaoren
-- NPC: 55586 Master Shang Xi - Zhaoren dead phase
-- NPC: 56159 Master Shang (spawned for quest 29787)
-- NPC: 55672 Master Shang for the forest quests
-- NPC: 56274 Guardian of the Elders
-- NPC: 56686 Another Shang in the forest (spawn)
-- NPC: 55918 Balloon - stationary
-- NPC: 55649 Balloon - spawned by 105002 Summon hot air Balloon
-- NPC: 56660 Ji on the balloon
-- NPC: 56661 Aysa - spawned by 106636
-- NPC: 56662 Aysa - stationary
-- NPC: 56663 Ji - stationary
-- NPC: 56679 Balloon arrival controller
-- NPC: 40789 Generic controller
-- NPC: 65105 Shu stationary
-- NPC: 65102 Dafeng stationary
-- NPC: 65104 Wugou stationary
-- NPC: 65107 Huo stationary
-- NPC: 56012 Elder Shaopai
-- NPC: 55022 Steam fiend
-- NPC: 57621 Teamaster Ren
-- NPC: 56241 Dai-Lo Farmer
-- NPC: 57618 Jun Steelbreath

-- GO: 209584 Ancient Clam
-- GO: 209626 Break Gong

-- Spell: 108786 Summon Stack of Reeds
-- Spell: 108798 Jojo Headbash Stack of reeds impact
-- Spell: 108808 Summon Jojo Ironbrow
-- Spell: 102522 Fan The Flames
-- Spell: 103071 Forcecast Rock Jump A
-- Spell: 103069 Rock Jump A -- this gets the scriptname
-- Spell: 103070 Rock Jump B -- this gets the scriptname
-- Spell: 103072 Forcecast Rock Jump B
-- Spell: 103077 Rock Jump C -- this gets the scriptname
-- Spell: 103078 Forcecast Rock Jump C
-- Spell: 116810 Summon Bunny Water Spout -- I can't get this one to work so it is not used for now
-- Spell: 117033 Shu Jump to front right
-- Spell: 117034 Shu Jump to front left
-- Spell: 117035 Shu Jump to back right
-- Spell: 117036 Shu Jump to back left
-- Spell: 49415 Generic Quest Invisibility 2
-- Spell: 80797 Generic Quest Invisibility 5
-- Spell: 89521 Detect Quest Invis 5
-- Spell: 104396 Uplifting Draft cast on player by Master Shang

-- Quest: 29421 Only the Worthy Shall Pass
-- Quest: 29422 Huo, the Spirit of Fire
-- Quest: 29423 The Passion of Shen-zin Su
-- Quest: 29521 The Singing Pools
-- Quest: 29661 The Lesson of the Dry Fur
-- Quest: 29662 Stronger Than Reeds
-- Quest: 29663 The Lesson of the Balanced Rock
-- Quest: 29666 The Sting of Learning
-- Quest: 29676 Finding an Old Friend
-- Quest: 29677 The Sun Pearl 
-- Quest: 29678 Shu, the Spirit of Water
-- Quest: 29679 A new friend
-- Quest: 29680 The Source of Our Livelihood
-- Quest: 29768 Missing Mallet
-- Quest: 29769 Rascals
-- Quest: 29770 Still Good!
-- Quest: 29771 Stronger Than Wood
-- Quest: 29772 Raucous Rousing
-- Quest: 29774 Not In the Face!
-- Quest: 29775 The Spirit and Body of Shen-zin Su
-- Quest: 29776 Morning Breeze Village
-- Quest: 29777 Tools of the enemy
-- Quest: 29778 Rewritten wisdoms
-- Quest: 29783 Stronger than stone
-- Quest: 29779 The direct solution
-- Quest: 29780 Do no evil
-- Quest: 29781 Monkey Advisory warning
-- Quest: 29786 Battle for the skies
-- Quest: 29787 Worthy Of Passing
-- Quest: 29789 Small but significant
-- Quest: 29788 Unwelcome nature
-- Quest: 29790 Passing Wisdom

-- Phases
DELETE FROM `phase_area` WHERE `PhaseId` = 50007;
DELETE FROM `phase_area` WHERE `PhaseId` = 169 AND `AreaId` = 5881;
INSERT INTO `phase_area` VALUES
(5881, 169, 'The Wandering Isle - Farmstead'),
(5881, 50007, 'The Wandering Isle - Farmstead Ji');

DELETE FROM `phase_area` WHERE `PhaseId` IN (631, 632, 964, 1027, 1028, 1029, 1030, 1323, 1324, 1325, 1326, 1327, 1429, 1430);
INSERT INTO `phase_area` (`AreaId`, `PhaseId`, `Comment`) VALUES
(5849, 631, 'Cosmetic - Huo, Pre-Ignition'),
(5849, 632, 'Cosmetic - Huo, Post-Ignition'),
-- The Singing Pools
(5826, 964, 'The Singing Pools - after quest 29663 complete and before quest 29676 rewarded'),
-- Liang's Retreat
(5860, 964, 'Liang''s Retreat - after quest 29663 complete and before quest 29676 rewarded'),
-- THE WANDERING ISLE
(5736, 1323, 'The Wandering Isle - before quest 29423 rewarded'),
(5736, 1324, 'The Wandering Isle - after quest 29423 rewarded and before quest 29679 rewarded'),
(5736, 1325, 'The Wandering Isle - after quest 29679 rewarded and before quest 29775 rewarded'),
(5736, 1326, 'The Wandering Isle - after quest 29775 rewarded and before quest 29787 taken'),
(5736, 1327, 'The Wandering Isle - quest 29787 taken, complete or rewarded'),

-- Temple of Five Dawns
(5820, 1027, 'Temple of Five Dawns - after quest 29521 completed or rewarded - see Fire spirit'),
(5820, 1028, 'Temple of Five Dawns - after quest 29775 completed or rewarded - see Water spirit'),
(5820, 1029, 'Temple of Five Dawns - after quest 29776 completed or rewarded - see Earth spirit'),
(5820, 1030, 'Temple of Five Dawns - after quest 29791 completed or rewarded - see Air spirit'),

-- Zhao-Ren
(5736, 1429, 'The Wandering Isle - Zhao-Ren Fly By'), -- Zhaoren fly by
(5736, 1430, 'The Wandering Isle - Zhao-Ren at Chamber of Whispers - after quest 29776 rewarded and quest 29786 not taken, complete or rewarded');

DELETE FROM `conditions` WHERE `SourceTypeOrReferenceId` = 26 AND `SourceGroup` IN (631, 632, 964, 1027, 1028, 1029, 1030, 1323, 1324, 1325, 1326, 1327, 1429, 1430);
INSERT INTO `conditions` VALUES
-- Huo quests
(26, 631, 5849, 0, 0, 47, 0, 29422, 9, 0, '', 0, 0, 0, '', 'Allow phase 631 if quest 29422 state not taken / in progress'),
(26, 632, 5849, 0, 0, 47, 0, 29422, 66, 0, '', 0, 0, 0, '', 'Allow phase 632 if quest 29422 state completed / rewarded'),
-- Singing Pools
(26, 964, 0, 0, 0, 28, 0, 29663, 0, 0, '', 0, 0, 0, '', 'The Singing Pools Phase 964 when Quest 29663 complete'), -- phase not updated automatically (added to SAI)
(26, 964, 0, 0, 1, 8, 0, 29663, 0, 0, '', 0, 0, 0, '', 'The Singing Pools Phase 964 when Quest 29663 rewarded'),
(26, 964, 0, 0, 1, 8, 0, 29676, 0, 0, '', 1, 0, 0, '', 'The Singing Pools Phase 964 when Quest 29676 not rewarded'),
-- Spirits Phases
(26, 1027, 5820, 0, 0, 28, 0, 29521, 0, 0, '', 0, 0, 0, '', 'Temple of Five Dawns Phase 1027 when Quest 29521 complete'),
(26, 1027, 5820, 0, 1, 8, 0, 29521, 0, 0, '', 0, 0, 0, '', 'Temple of Five Dawns Phase 1027 when Quest 29521 rewarded'),
(26, 1028, 5820, 0, 0, 28, 0, 29775, 0, 0, '', 0, 0, 0, '', 'Temple of Five Dawns Phase 1028 when Quest 29775 complete'),
(26, 1028, 5820, 0, 1, 8, 0, 29775, 0, 0, '', 0, 0, 0, '', 'Temple of Five Dawns Phase 1028 when Quest 29775 rewarded'),
(26, 1029, 5820, 0, 0, 8, 0, 29775, 0, 0, '', 0, 0, 0, '', 'Temple of Five Dawns Phase 1029 when Quest 29775 rewarded'), -- phase not updated automatically (delayed add in SAI)
(26, 1030, 5820, 0, 0, 28, 0, 29791, 0, 0, '', 0, 0, 0, '', 'Temple of Five Dawns Phase 1030 when Quest 29791 complete'),
(26, 1030, 5820, 0, 1, 8, 0, 29791, 0, 0, '', 0, 0, 0, '', 'Temple of Five Dawns Phase 1030 when Quest 29791 rewarded'),

-- Phases General
(26, 1323, 5736, 0, 0, 8, 0, 29423, 0, 0, '', 1, 0, 0, '', 'Wandering Isle Phase 1323 when Quest 29423 not rewarded'),
(26, 1324, 5736, 0, 0, 8, 0, 29423, 0, 0, '', 0, 0, 0, '', 'Wandering Isle Phase 1324 when Quest 29423 rewarded'),
(26, 1324, 5736, 0, 0, 8, 0, 29679, 0, 0, '', 1, 0, 0, '', 'Wandering Isle Phase 1324 when Quest 29679 not rewarded'),
(26, 1325, 5736, 0, 0, 8, 0, 29679, 0, 0, '', 0, 0, 0, '', 'Wandering Isle Phase 1325 when Quest 29679 rewarded'),
(26, 1325, 5736, 0, 0, 8, 0, 29775, 0, 0, '', 1, 0, 0, '', 'Wandering Isle Phase 1325 when Quest 29775 not rewarded'),
(26, 1326, 5736, 0, 0, 8, 0, 29775, 0, 0, '', 0, 0, 0, '', 'Wandering Isle Phase 1326 when Quest 29775 rewarded'),
(26, 1326, 5736, 0, 0, 9, 0, 29787, 0, 0, '', 1, 0, 0, '', 'Wandering Isle Phase 1326 when Quest 29787 not taken'),
(26, 1326, 5736, 0, 0, 28, 0, 29787, 0, 0, '', 1, 0, 0, '', 'Wandering Isle Phase 1326 when Quest 29787 not complete'),
(26, 1326, 5736, 0, 0, 8, 0, 29787, 0, 0, '', 1, 0, 0, '', 'Wandering Isle Phase 1326 when Quest 29787 not rewarded'),
(26, 1327, 5736, 0, 0, 9, 0, 29787, 0, 0, '', 0, 0, 0, '', 'Wandering Isle Phase 1327 when Quest 29787 taken'),
(26, 1327, 5736, 0, 1, 28, 0, 29787, 0, 0, '', 0, 0, 0, '', 'Wandering Isle Phase 1327 when Quest 29787 complete'),
(26, 1327, 5736, 0, 2, 8, 0, 29787, 0, 0, '', 0, 0, 0, '', 'Wandering Isle Phase 1327 when Quest 29787 rewarded'),

-- Zhao-Ren phases
(26, 1429, 0, 0, 0, 47, 0, 29776, 10, 0, '', 0, 0, 0, '', 'Wandering Isle Phase 1429 active if 29776 IS in progress or complete'),
(26, 1430, 0, 0, 0, 8, 0, 29776, 0, 0, '', 0, 0, 0, '', 'Ridge of Laughing Winds Phase 1430 when Quest 29776 rewarded'),
(26, 1430, 0, 0, 0, 47, 0, 29786, 74, 0, '', 1, 0, 0, '', 'Ridge of Laughing Winds Phase 1430 when Quest 29776 not taken, not complete and not rewarded'); -- should be until quest is available, not taken, not completed and not rewarded - but available doesnt work



UPDATE `creature` SET `PhaseId` = '50007' WHERE (`guid` = '451166'); -- Ji at Farmstead
UPDATE `gameobject` SET `PhaseId` = '50007' WHERE (`guid` = '300209'); -- Gong at Farmstead needs to be in the same phase as Ji otherwise quest credit via SET DATA SAI fails


DELETE FROM `conditions` WHERE `SourceTypeOrReferenceId` = 26 AND `SourceGroup` = 50007;
INSERT INTO `conditions` VALUES
('26', '50007', '5881', '0', '0', '47', '0', '29775', '64', '0', '', '1', '0', '0', '', 'The Wandering Isle Farmstead - Add phase 50007 if 29775 IS NOT rewarded');







DELETE FROM `creature_template_addon` WHERE `entry` IN (55539);
INSERT INTO `creature_template_addon` (`entry`, `PathId`, `mount`, `MountCreatureID`, `StandState`, `AnimTier`, `VisFlags`, `SheathState`, `PvPFlags`, `emote`, `aiAnimKit`, `movementAnimKit`, `meleeAnimKit`, `visibilityDistanceType`, `auras`) VALUES 
('55539', '0', '0', '0', '0', '0', '1', '0', '0', '0', '0', '0', '0', '0', '80797'); -- Wugou

DELETE FROM `creature_addon` WHERE `guid` IN (451176,451196);
INSERT INTO `creature_addon` (`guid`, `PathId`, `mount`, `MountCreatureID`, `StandState`, `AnimTier`, `VisFlags`, `SheathState`, `PvPFlags`, `emote`, `aiAnimKit`, `movementAnimKit`, `meleeAnimKit`, `visibilityDistanceType`, `auras`) VALUES 
('451176', '0', '0', '0', '3', '0', '1', '0', '0', '0', '0', '0', '0', '0', '80797 42386'), -- Wugou at Farmstead
('451196', '0', '0', '0', '0', '0', '1', '0', '0', '0', '0', '0', '0', '0', '80797'); -- Shu at Farmstead
-- ('451166', '0', '0', '0', '0', '0', '1', '0', '0', '0', '0', '0', '0', '0', '80797'); -- Ji at Farmstead






UPDATE `creature_template` SET `AIName` = '' WHERE `Entry` IN (55556,55558);
UPDATE `creature_template` SET `ScriptName` = 'npc_shu_at_farmstead_pool' WHERE `Entry` = 55556;
UPDATE `creature_template` SET `ScriptName` = 'npc_shu_at_farmstead_play' WHERE `Entry` = 55558;



DELETE FROM `smart_scripts` WHERE `entryorguid` IN (55556,55558,5555800) AND `source_type` = 0;
-- Removed spell from object as i can't get it to work
DELETE FROM `smart_scripts` WHERE `entryorguid` IN (209626) AND `source_type` = 1;
INSERT INTO `smart_scripts` (`entryorguid`, `source_type`, `id`, `link`, `event_type`, `event_chance`, `event_param1`, `action_type`, `action_param1`, `action_param2`, `target_type`, `target_param1`, `target_param2`, `comment`) VALUES 
('209626', '1', '0', '1', '70', '100', '2', '134', '118026', 0, '7', 0,0,'On Use Break Gong - Cast Gong Song'),
('209626', '1', '1', '2', '61', '100', '0', '45', '1', 1, '11', 55539, 20, 'Break Gong - Set Data Wugou'),
('209626', '1', '2', '0', '61', '100', '0', '45', '2', 2, '11', 55477, 20, 'Break Gong - Set Data Ji');




UPDATE `gameobject_template` SET `AIName` = 'SmartGameObjectAI', `Data1` = '29772', `Data10` = '0' WHERE `Entry` = 209626; -- Data10 was 104012







-- Quest: 29775 The Spirit and Body of Shen-zin Su
-- UPDATE `creature_template` SET `ScriptName` = 'npc_shu_wugou_follower' WHERE `Entry` IN (55558,60916);
UPDATE `creature_template` SET `AIName` = '' WHERE `Entry` IN (55558,60916);

-- Fix Visibility and state addons for Jojos
DELETE FROM `creature_template_addon` WHERE `entry` IN (55585,55021);
INSERT INTO `creature_template_addon` 
(`entry`, `PathId`, `mount`, `MountCreatureID`, `StandState`, `AnimTier`, `VisFlags`, `SheathState`, `PvPFlags`, `emote`, `aiAnimKit`, `movementAnimKit`, `meleeAnimKit`, `visibilityDistanceType`, `auras`) VALUES 
('55585', '0', '0', '0', '1', '0', '1', '0', '0', '461', '0', '0', '0', '0', '84886'),
('55021', '0', '0', '0', '1', '0', '1', '0', '0', '461', '0', '0', '0', '0', '82343');

-- Fix Visibility for Old Man Liang and Aysa during Singing Pools quests
UPDATE `creature_template_addon` SET `auras` = '0' WHERE (`entry` = '55020'); 

DELETE FROM `creature_addon` WHERE `guid` IN (451049,451022,450772,451092,451042,451091);
INSERT INTO `creature_addon` (`guid`, `PathId`, `mount`, `MountCreatureID`, `StandState`, `AnimTier`, `VisFlags`, `SheathState`, `PvPFlags`, `emote`, `aiAnimKit`, `movementAnimKit`, `meleeAnimKit`, `visibilityDistanceType`, `auras`) VALUES 

('451022', '0', '0', '0', '0', '0', '1', '1', '0', '0', '0', '0', '0', '0', '80797'), -- Old Man Liang at his house
('450772', '0', '0', '0', '1', '0', '1', '1', '0', '0', '0', '0', '0', '0', '80797'), -- Aysa at the pool

('451092', '0', '0', '0', '0', '0', '1', '1', '0', '0', '0', '0', '0', '0', '85096'), -- Old Man Liang at the pool2
('451091', '0', '0', '0', '1', '0', '1', '1', '0', '0', '0', '0', '0', '0', '85096'), -- Aysa at the pool2

('451049', '0', '0', '0', '0', '0', '1', '1', '0', '0', '0', '0', '0', '0', '82358'), -- Old Man Liang at the tower
('451042', '0', '0', '0', '0', '0', '1', '1', '0', '0', '0', '0', '0', '0', '82358'); -- Aysa at the tower

-- Fix invalid scripts
UPDATE `smart_scripts` SET `event_param3` = '120000', `event_param4` = '120000' WHERE (`entryorguid` = '-450361') and (`source_type` = '0') and (`id` = '0') and (`link` = '0');
UPDATE `smart_scripts` SET `event_param3` = '120000', `event_param4` = '120000' WHERE (`entryorguid` = '-450358') and (`source_type` = '0') and (`id` = '0') and (`link` = '0');
UPDATE `smart_scripts` SET `action_param6` = '0', `target_type` = '1', `target_param1` = '0' WHERE (`entryorguid` = '5673000') and (`source_type` = '9') and (`id` = '1') and (`link` = '0');
UPDATE `smart_scripts` SET `action_param6` = '0', `target_type` = '1', `target_param1` = '0' WHERE (`entryorguid` = '5673001') and (`source_type` = '9') and (`id` = '3') and (`link` = '0');
UPDATE `smart_scripts` SET `action_param6` = '0', `target_type` = '1', `target_param1` = '0' WHERE (`entryorguid` = '5673003') and (`source_type` = '9') and (`id` = '1') and (`link` = '0');
UPDATE `smart_scripts` SET `action_param6` = '0', `target_type` = '1', `target_param1` = '0' WHERE (`entryorguid` = '5673004') and (`source_type` = '9') and (`id` = '3') and (`link` = '0');
UPDATE `smart_scripts` SET `target_type` = '1', `target_param1` = '0' WHERE (`entryorguid` = '5413000') and (`source_type` = '9') and (`id` = '1') and (`link` = '0');
UPDATE `smart_scripts` SET `target_type` = '1', `target_param1` = '0' WHERE (`entryorguid` = '5413001') and (`source_type` = '9') and (`id` = '1') and (`link` = '0');
UPDATE `smart_scripts` SET `target_type` = '1', `target_param1` = '0' WHERE (`entryorguid` = '5413002') and (`source_type` = '9') and (`id` = '1') and (`link` = '0');
UPDATE `smart_scripts` SET `target_type` = '1', `target_param1` = '0' WHERE (`entryorguid` = '5413003') and (`source_type` = '9') and (`id` = '1') and (`link` = '0');
UPDATE `smart_scripts` SET `action_param6` = '0' WHERE (`entryorguid` = '-450456') and (`source_type` = '0') and (`id` = '0') and (`link` = '0');
UPDATE `smart_scripts` SET `action_param6` = '0' WHERE (`entryorguid` = '-450451') and (`source_type` = '0') and (`id` = '0') and (`link` = '0');
UPDATE `smart_scripts` SET `action_param6` = '0' WHERE (`entryorguid` = '-450448') and (`source_type` = '0') and (`id` = '0') and (`link` = '0');
UPDATE `smart_scripts` SET `action_param6` = '0' WHERE (`entryorguid` = '-450436') and (`source_type` = '0') and (`id` = '0') and (`link` = '0');
UPDATE `smart_scripts` SET `action_param6` = '0' WHERE (`entryorguid` = '-450402') and (`source_type` = '0') and (`id` = '0') and (`link` = '0');
UPDATE `smart_scripts` SET `action_param6` = '0' WHERE (`entryorguid` = '-450326') and (`source_type` = '0') and (`id` = '0') and (`link` = '0');
UPDATE `smart_scripts` SET `action_param6` = '0' WHERE (`entryorguid` = '-450305') and (`source_type` = '0') and (`id` = '0') and (`link` = '0');
UPDATE `smart_scripts` SET `action_param6` = '0' WHERE (`entryorguid` = '34033') and (`source_type` = '0') and (`id` = '0') and (`link` = '0');
UPDATE `smart_scripts` SET `action_param6` = '0' WHERE (`entryorguid` = '34103') and (`source_type` = '0') and (`id` = '0') and (`link` = '0');
UPDATE `smart_scripts` SET `action_param6` = '0' WHERE (`entryorguid` = '962300') and (`source_type` = '9') and (`id` = '4') and (`link` = '0');

-- Spell Target Positions
DELETE FROM `spell_target_position` WHERE `ID` IN (108827,104450,108847,108858,102499,116191,116191,108786,115426,115426,115334,115336,115338,
116190,118500,126040,104571,131974,117615,117597,118499,115435,115495,115494,115493);
INSERT INTO spell_target_position VALUES
('108827', '0', '0', '860', '601.62', '3132.89', '88.0976', NULL, '0'),
('104450', '0', '0', '860', '909.137', '3610.38', '252.092', NULL, '0'),
('108847', '0', '0', '860', '1075.6', '4177.97', '204.63', NULL, '0'),
('108858', '0', '0', '860', '1075.54', '4177.9', '205.583', NULL, '0'),
('102499', '0', '0', '860', '1351.33', '3939.03', '109.324', NULL, '0'),
('116191', '0', '0', '860', '949.37', '3510', '187.715', NULL, '0'),
('108786', '0', '0', '860', '1038.55', '3286.39', '128.176', NULL, '0'),
('115426', '0', '0', '860', '695.26', '3600.99', '142.381', NULL, '20886'),
('115334', '0', '0', '860', '571.201', '3584.59', '94.8437', NULL, '0'),
('115336', '0', '0', '860', '573.84', '3577.94', '95.0413', NULL, '0'),
('115338', '0', '0', '860', '576.42', '3579.7', '94.9249', NULL, '0'),
('116190', '0', '0', '860', '933.509', '3511.01', '187.717', NULL, '0'),
('118500', '0', '0', '860', '992.108', '3604.55', '193.032', NULL, '0'),
('126040', '0', '0', '860', '756.201', '4168.14', '202.262', NULL, '0'),
('104571', '0', '0', '860', '666.514', '4218.27', '200.851', NULL, '0'),
('131974', '0', '0', '860', '248.988', '3941.08', '65.3511', NULL, '20886'),
('117615', '1', '0', '860', '250.757', '3932.67', '66.408', NULL, '20886'),
('117597', '0', '0', '860', '230.314', '4006.68', '87.2803', NULL, '0'),
('118499', '0', '0', '860', '992.003', '3600.76', '193.031', NULL, '0'),
('115435', '0', '0', '860', '566.524', '3583.47', '92.1576', NULL, '24742'),
('115495', '0', '0', '860', '418.16', '3630.88', '92.9404', NULL, '0'),
('115494', '0', '0', '860', '424.858', '3635.56', '92.6789', NULL, '0'),
('115493', '0', '0', '860', '422.292', '3633.7', '92.8522', NULL, '0');

-- Area Trigger Scripts

DELETE FROM `areatrigger_scripts` WHERE `entry` IN (7116, 7258, 7822, 7783, 8628, 7784, 7750, 7835, 8276, 8287, 7041, 7037, 7106, 7265);
INSERT INTO `areatrigger_scripts` VALUES
(7750, 'at_talk_on_huo_follow_quest_29423'),
(7835, 'at_enter_temple_quest_29423'),
(7116, 'at_temple_stairs_from_farmstead'),
(7258, 'at_cart_locations'),
(7822, 'at_cart_locations'),
(7265, 'at_cart_locations'),
(7783, 'at_pools_of_reflection'),
(8628, 'at_singing_pools_training_bell'),
(7784, 'at_the_singing_pools_children_summon'),
(8276, 'at_temple_of_five_dawns_summon_zhaoren'),
(8287, 'at_lorewalker_zan'),
(7037, 'at_chamber_of_whispers'),
(7041, 'at_chamber_of_whispers_outside'),
(7106, 'at_balloon_intro_q29790');

-- Spell Scripts

DELETE FROM `spell_script_names` WHERE `spell_id` IN (128588,128589, 117033,117034,117035,117036, 103069,103077,103070, 116190, 116191, 128700, 109178, 
102522, 109090, 109095, 109105, 109109, 108786, 108808, 108798, 104450, 118036, 108627, 108691, 104126, 125699, 105333);
INSERT INTO `spell_script_names` (`spell_id`, `ScriptName`) VALUES 
('128588', 'spell_aysa_congrats_trigger_aura'),
('128589', 'spell_aysa_congrats_timer'),
('117033', 'spell_jump_to_front_right'),
('117034', 'spell_jump_to_front_left'),
('117035', 'spell_jump_to_back_right'),
('117036', 'spell_jump_to_back_left'),
('103069', 'spell_rock_jump_a'),
('103070', 'spell_rock_jump_b'),
('103077', 'spell_rock_jump_c'),
(116190, 'spell_summon_child_1'),
(116191, 'spell_summon_child_2'),
(128700, 'spell_summon_fire_spirit'),
(109178, 'spell_despawn_fire_spirit'),
(102522, 'spell_fan_the_flames'),
(109090, 'spell_fan_the_flames_throw_wood_and_all_blow_air'),
(109095, 'spell_fan_the_flames_throw_wood_and_all_blow_air'),
(109105, 'spell_fan_the_flames_throw_wood_and_all_blow_air'),
(109109, 'spell_fan_the_flames_throw_wood_and_all_blow_air'),
(108786, 'spell_summon_stack_of_reeds'),
(108808, 'spell_summon_jojo_ironbrow'),
(108798, 'spell_jojo_headbash_filter'),
(104450, 'spell_summon_ji_firepaw_temple'),
(118036, 'spell_summon_spirit_of_earth'),
(104126, 'spell_monkey_wisdom_text'),
(125699, 'spell_ruk_ruk_ooksplosions'),
(105333, 'spell_summon_worthy_of_passing');

-- The Wandering Isle Carts & Yaks fixes
-- NPC: 57207 Spawned Yak Singing Pool
-- NPC: 57208 Spawned Cart Yak Singing Pool
-- NPC: 57709 Nourished Yak Yak Singing Pool
-- NPC: 57710 Cart Yak Singing Pool
-- NPC: 59497 Cart at farmstead
-- NPC: 59496 Spawned Cart at farmstead
-- NPC: 59499 Nourished Yak at farmstead
-- NPC: 59498 Spawned Nourished Yak at farmstead
-- NPC: 57740 Spawned Cart at Forest
-- NPC: 57741 Cart at Forest
-- NPC: 57742 Spawned Yak at Forest
-- NPC: 57743 Yak at Forest


-- ========================================
-- Yak & Cart at Singing Pools
-- ========================================
UPDATE `creature_template` SET `VehicleId` = 1944 WHERE `entry` = 57208;
UPDATE `creature_template` SET `ScriptName` = 'npc_yak_cart' WHERE `Entry` IN (57208,57207);

DELETE FROM `npc_spellclick_spells` WHERE `npc_entry` IN (57710);
INSERT INTO `npc_spellclick_spells` VALUES
(57710, 107784, 3, 0),
(57710, 115904, 1, 0);

DELETE FROM `vehicle_template` WHERE `creatureId` = 57208;
INSERT INTO `vehicle_template` VALUES (57208, 12000, NULL,0);

DELETE FROM `waypoint_path` WHERE `PathId` IN (5720700,5720800);
INSERT INTO `waypoint_path` (`PathId`, `MoveType`, `Flags`, `Comment`) VALUES
(5720700,1,0,'The Wandering Isle Cart & Ox'),
(5720800,1,0,'The Wandering Isle Cart & Ox');

DELETE FROM `waypoint_path_node` WHERE `PathId` IN (5720700,5720800);
INSERT INTO `waypoint_path_node` (`PathId`, `NodeId`, `PositionX`, `PositionY`, `PositionZ`) values
(5720700, 0, '981.766', '2857.77', '88.7352'),
(5720700, 1, '978.016', '2848.52', '87.2352'),
(5720700, 2, '948.266', '2835.52', '87.2352'),
(5720700, 3, '919.016', '2825.02', '87.2352'),
(5720700, 4, '895.766', '2811.27', '86.9852'),
(5720700, 5, '880.766', '2807.02', '83.9852'),
(5720700, 6, '853.516', '2799.02', '83.7352'),
(5720700, 7, '825.516', '2790.77', '78.7352'),
(5720700, 8, '802.266', '2785.27', '76.7352'),
(5720700, 9, '790.266', '2792.77', '75.7352'),
(5720700, 10, '763.016', '2815.52', '76.2352'),
(5720700, 11, '746.766', '2834.77', '75.7352'),
(5720700, 12, '746.266', '2851.77', '75.9852'),
(5720700, 13, '755.516', '2869.77', '75.2352'),
(5720700, 14, '753.516', '2890.02', '74.9852'),
(5720700, 15, '732.766', '2915.02', '74.7352'),
(5720700, 16, '703.766', '2939.02', '74.7352'),
(5720700, 17, '683.766', '2954.77', '75.2352'),
(5720700, 18, '674.016', '2975.52', '74.9852'),
(5720700, 19, '667.266', '2983.27', '75.2352'),
(5720700, 20, '660.516', '2990.77', '79.9852'),
(5720700, 21, '652.266', '2999.52', '74.9852'),
(5720700, 22, '645.016', '3006.27', '74.7352'),
(5720700, 23, '629.016', '3016.52', '75.4852'),
(5720700, 24, '616.016', '3035.52', '76.7352'),
(5720700, 25, '612.766', '3061.27', '80.4852'),
(5720700, 26, '612.766', '3080.27', '84.4852'),
(5720700, 27, '618.01', '3107.21', '87.5104'),
(5720700, 28, '617.01', '3131.96', '87.7604'),
(5720700, 29, '607.01', '3143.96', '88.0104'),
(5720700, 30, '591.51', '3146.71', '88.0104'),
(5720700, 31, '574.51', '3148.71', '87.0104'),
(5720700, 32, '555.01', '3159.21', '78.0104'),
(5720700, 33, '547.26', '3174.96', '77.5104'),

(5720800, 0, '981.864', '2857.8', '88.8159'),
(5720800, 1, '978.114', '2848.55', '87.3159'),
(5720800, 2, '948.364', '2835.55', '87.3159'),
(5720800, 3, '919.114', '2825.05', '87.3159'),
(5720800, 4, '895.614', '2811.3', '87.0659'),
(5720800, 5, '880.614', '2807.05', '83.8159'),
(5720800, 6, '853.364', '2799.05', '83.8159'),
(5720800, 7, '825.614', '2790.8', '78.5659'),
(5720800, 8, '802.364', '2785.3', '76.8159'),
(5720800, 9, '790.364', '2792.8', '75.8159'),
(5720800, 10, '762.864', '2815.55', '76.0659'),
(5720800, 11, '746.614', '2834.8', '75.8159'),
(5720800, 12, '746.364', '2851.8', '76.0659'),
(5720800, 13, '755.614', '2869.8', '75.3159'),
(5720800, 14, '753.364', '2890.05', '75.0659'),
(5720800, 15, '732.864', '2915.05', '74.5659'),
(5720800, 16, '703.614', '2939.05', '74.5659'),
(5720800, 17, '683.864', '2954.8', '75.3159'),
(5720800, 18, '674.114', '2975.55', '75.0659'),
(5720800, 19, '667.364', '2983.3', '75.3159'),
(5720800, 20, '660.614', '2990.55', '79.8159'),
(5720800, 21, '652.364', '2999.3', '75.0659'),
(5720800, 22, '645.114', '3006.3', '74.8159'),
(5720800, 23, '629.114', '3016.55', '75.3159'),
(5720800, 24, '616.114', '3035.55', '76.5659'),
(5720800, 25, '612.864', '3061.3', '80.5659'),
(5720800, 26, '612.864', '3080.3', '84.3159'),
(5720800, 27, '618.052', '3107.17', '87.5442'),
(5720800, 28, '617.052', '3131.92', '87.7942'),
(5720800, 29, '607.052', '3143.92', '87.7942'),
(5720800, 30, '591.302', '3146.67', '88.0442'),
(5720800, 31, '574.552', '3148.67', '87.0442'),
(5720800, 32, '555.052', '3159.17', '78.0442'),
(5720800, 33, '547.302', '3174.92', '77.2942');

-- ========================================
-- Yak & Cart at Farmstead
-- ========================================
UPDATE `creature_template` SET `VehicleId` = 1944 WHERE `entry` = 59496;
UPDATE `creature_template` SET `ScriptName` = 'npc_yak_cart' WHERE `Entry` IN (59498,59496);

DELETE FROM `npc_spellclick_spells` WHERE `npc_entry` IN (59497);
INSERT INTO `npc_spellclick_spells` VALUES
(59497, 114453, 3, 0),
(59497, 115904, 1, 0);

DELETE FROM `vehicle_template` WHERE `creatureId` = 59496;
INSERT INTO `vehicle_template` VALUES (59496, 12000, NULL,0);

DELETE FROM `waypoint_path` WHERE `PathId` IN (5949600,5949800);
INSERT INTO `waypoint_path` (`PathId`, `MoveType`, `Flags`, `Comment`) VALUES
(5949600,1,0,'Spawned Cart at Farmstead'),
(5949800,1,0,'Spawned Yak at Farmstead');

DELETE FROM `waypoint_path_node` WHERE `PathId` IN (5949600,5949800);
INSERT INTO `waypoint_path_node` (`PathId`, `NodeId`, `PositionX`, `PositionY`, `PositionZ`) values
(5949600, 0, '581.87', '3153.32', '88.284'),
(5949600, 1, '573.37', '3149.82', '86.534'),
(5949600, 2, '557.87', '3157.07', '79.284'),
(5949600, 3, '548.12', '3172.57', '77.534'),
(5949600, 4, '545.12', '3197.32', '77.284'),
(5949600, 5, '538.12', '3210.82', '76.284'),
(5949600, 6, '517.87', '3225.07', '74.534'),
(5949600, 7, '508.12', '3244.82', '76.534'),
(5949600, 8, '507.87', '3265.32', '77.784'),
(5949600, 9, '512.37', '3291.07', '74.534'),
(5949600, 10, '519.87', '3315.07', '73.534'),
(5949600, 11, '524.37', '3324.07', '77.784'),
(5949600, 12, '527.37', '3328.82', '78.284'),
(5949600, 13, '532.12', '3336.57', '73.784'),
(5949600, 14, '543.37', '3355.82', '76.784'),
(5949600, 15, '555.12', '3367.07', '78.534'),
(5949600, 16, '568.12', '3375.82', '80.534'),
(5949600, 17, '608.12', '3383.57', '87.034'),
(5949600, 18, '634.87', '3392.07', '93.034'),
(5949600, 19, '653.12', '3404.82', '99.034'),
(5949600, 20, '675.62', '3427.32', '106.784'),
(5949600, 21, '685.37', '3443.57', '112.034'),
(5949600, 22, '694.12', '3467.57', '118.034'),
(5949600, 23, '715.62', '3480.57', '121.534'),
(5949600, 24, '741.87', '3492.32', '133.784'),
(5949600, 25, '751.37', '3506.32', '137.784'),
(5949600, 26, '756.12', '3525.32', '139.284'),
(5949600, 27, '743.12', '3552.57', '140.534'),
(5949600, 28, '741.62', '3572.57', '140.784'),
(5949600, 29, '744.536', '3595.51', '140.547'),
(5949600, 30, '739.739', '3604.48', '140.749'),
(5949600, 31, '722.489', '3605.23', '140.749'),
(5949600, 32, '703.989', '3600.98', '141.999'),
(5949600, 33, '683.989', '3600.73', '145.999'),
(5949600, 34, '659.739', '3602.23', '146.999'),

(5949800, 0, '582.076', '3153.46', '88.2618'),
(5949800, 1, '573.326', '3149.96', '86.7618'),
(5949800, 2, '558.076', '3156.96', '79.2618'),
(5949800, 3, '548.076', '3172.46', '77.5118'),
(5949800, 4, '545.076', '3197.46', '77.5118'),
(5949800, 5, '538.076', '3210.71', '76.5118'),
(5949800, 6, '517.826', '3224.96', '74.5118'),
(5949800, 7, '508.076', '3244.71', '76.5118'),
(5949800, 8, '508.076', '3265.46', '77.7618'),
(5949800, 9, '512.326', '3291.21', '74.5118'),
(5949800, 10, '520.076', '3315.21', '73.5118'),
(5949800, 11, '524.326', '3323.96', '77.7618'),
(5949800, 12, '527.326', '3328.71', '78.2618'),
(5949800, 13, '532.076', '3336.46', '73.7618'),
(5949800, 14, '543.576', '3355.71', '76.7618'),
(5949800, 15, '555.076', '3366.96', '78.5118'),
(5949800, 16, '568.326', '3375.71', '80.5118'),
(5949800, 17, '608.076', '3383.46', '87.0118'),
(5949800, 18, '635.076', '3392.21', '93.2618'),
(5949800, 19, '653.076', '3404.96', '99.0118'),
(5949800, 20, '675.576', '3427.21', '106.762'),
(5949800, 21, '685.326', '3443.71', '112.012'),
(5949800, 22, '694.076', '3467.46', '118.012'),
(5949800, 23, '715.576', '3480.71', '121.512'),
(5949800, 24, '741.826', '3492.21', '133.762'),
(5949800, 25, '751.326', '3506.46', '137.762'),
(5949800, 26, '756.076', '3525.21', '139.262'),
(5949800, 27, '743.076', '3552.71', '140.512'),
(5949800, 28, '741.576', '3572.46', '140.762'),
(5949800, 29, '744.536', '3595.51', '140.547'),
(5949800, 30, '739.761', '3604.38', '140.749'),
(5949800, 31, '722.511', '3605.13', '140.749'),
(5949800, 32, '704.011', '3600.88', '141.999'),
(5949800, 33, '684.011', '3600.88', '145.999'),
(5949800, 34, '659.761', '3602.38', '146.999');

-- ========================================
-- Yak & Cart at the Forbidden Forest - Wreck of the Skyseeker
-- ========================================
UPDATE `creature_template` SET `ScriptName` = 'npc_yak_cart' WHERE `entry` IN (57740, 57742);
UPDATE `creature_template` SET `VehicleId` = 1944 WHERE `entry` = 57740;

DELETE FROM `npc_spellclick_spells` WHERE `npc_entry` IN (57741);
INSERT INTO `npc_spellclick_spells` (`npc_entry`, `spell_id`, `cast_flags`, `user_type`) VALUES
(57741, 108933, 3, 0),
(57741, 115904, 1, 0);

DELETE FROM `vehicle_template` WHERE `creatureId` = 57740;
INSERT INTO `vehicle_template` VALUES (57740, 12000, NULL,0);

--  Forest Cart & Ox
DELETE FROM `waypoint_path` WHERE `PathId` IN (5774000,5774200);
INSERT INTO `waypoint_path` (`PathId`, `MoveType`, `Flags`, `Comment`) VALUES
(5774000,1,0,'The Wandering Isle Forest Cart'),
(5774200,1,0,'The Wandering Isle Forest Ox');

DELETE FROM `waypoint_path_node` WHERE `PathId` IN (5774000,5774200);
INSERT INTO `waypoint_path_node` (`PathId`, `NodeId`, `PositionX`, `PositionY`, `PositionZ`, `Orientation`, `Delay`) values
(5774000, 1, 277.95, 3881.76, 75.9185, 0, 0),
(5774000, 2, 300.7, 3886.26, 78.1685, 0, 0),
(5774000, 3, 330.95, 3887.01, 80.1685, 0, 0),
(5774000, 4, 359.7, 3886.51, 79.6685, 0, 0),
(5774000, 5, 385.2, 3883.51, 79.6685, 0, 0),
(5774000, 6, 413.2, 3888.01, 79.6685, 0, 0),
(5774000, 7, 437.95, 3884.51, 79.6685, 0, 0),
(5774000, 8, 451.45, 3871.26, 79.9185, 0, 0),
(5774000, 9, 459.45, 3859.26, 80.1685, 0, 0),
(5774000, 10, 466.45, 3839.01, 80.6685, 0, 0),
(5774000, 11, 466.95, 3821.51, 86.1685, 0, 0),
(5774000, 12, 467.45, 3800.76, 81.1685, 0, 0),
(5774000, 13, 466.2, 3780.76, 82.1685, 0, 0),
(5774000, 14, 461.2, 3752.76, 83.1685, 0, 0),
(5774000, 15, 449.45, 3728.76, 82.6685, 0, 0),
(5774000, 16, 431.45, 3707.26, 81.6685, 0, 0),
(5774000, 17, 430.2, 3690.51, 81.6685, 0, 0),
(5774000, 18, 439.95, 3671.01, 79.4185, 0, 0),
(5774000, 19, 460.2, 3642.76, 79.4185, 0, 0),
(5774000, 20, 468.7, 3616.51, 79.9185, 0, 0),
(5774000, 21, 477.45, 3585.26, 83.9185, 0, 0),
(5774000, 22, 499.7, 3582.26, 87.1685, 0, 0),
(5774000, 23, 522.45, 3587.51, 91.1685, 0, 0),
(5774000, 24, 561.45, 3584.01, 94.6685, 0, 0),
(5774000, 25, 589.45, 3585.51, 98.1685, 0, 0),
(5774000, 26, 600.45, 3607.26, 110.919, 0, 0),
(5774000, 27, 610.7, 3625.76, 123.669, 0, 0),
(5774000, 28, 630.45, 3628.26, 134.669, 0, 0),
(5774000, 29, 651.7, 3608.76, 145.169, 0, 0),
(5774000, 30, 674.45, 3601.01, 146.919, 0, 0),
(5774000, 31, 714.7, 3602.26, 140.919, 0, 0),
(5774000, 32, 730.7, 3601.51, 140.669, 0, 0),
(5774000, 33, 737.028, 3596.41, 140.606, 0, 0),
(5774000, 34, 739.551, 3587.62, 140.657, 0, 0),
(5774000, 35, 742.051, 3560.37, 140.657, 0, 0),
(5774000, 36, 753.551, 3533.87, 139.407, 0, 0),
(5774000, 37, 755.301, 3516.62, 138.657, 0, 0),
(5774000, 38, 745.801, 3496.87, 135.907, 0, 0),
(5774000, 39, 729.547, 3486.77, 128.211, 0, 0),
(5774200, 1, 277.876, 3881.79, 75.9003, 0, 0),
(5774200, 2, 300.626, 3886.29, 78.1503, 0, 0),
(5774200, 3, 331.126, 3886.79, 80.1503, 0, 0),
(5774200, 4, 359.626, 3886.54, 79.6503, 0, 0),
(5774200, 5, 385.376, 3883.54, 79.9003, 0, 0),
(5774200, 6, 413.126, 3887.79, 79.6503, 0, 0),
(5774200, 7, 437.876, 3884.54, 79.6503, 0, 0),
(5774200, 8, 451.626, 3871.29, 79.9003, 0, 0),
(5774200, 9, 459.376, 3859.04, 80.1503, 0, 0),
(5774200, 10, 466.376, 3839.04, 80.6503, 0, 0),
(5774200, 11, 466.876, 3821.54, 86.1503, 0, 0),
(5774200, 12, 467.376, 3800.79, 81.1503, 0, 0),
(5774200, 13, 466.126, 3780.79, 82.1503, 0, 0),
(5774200, 14, 461.126, 3752.79, 83.1503, 0, 0),
(5774200, 15, 449.376, 3728.79, 82.6503, 0, 0),
(5774200, 16, 431.376, 3707.29, 81.9003, 0, 0),
(5774200, 17, 430.126, 3690.54, 81.6503, 0, 0),
(5774200, 18, 440.126, 3671.04, 79.4003, 0, 0),
(5774200, 19, 460.376, 3642.79, 79.4003, 0, 0),
(5774200, 20, 468.626, 3616.54, 79.9003, 0, 0),
(5774200, 21, 477.376, 3585.04, 83.9003, 0, 0),
(5774200, 22, 499.626, 3582.29, 87.1503, 0, 0),
(5774200, 23, 522.376, 3587.54, 91.1503, 0, 0),
(5774200, 24, 561.376, 3583.79, 94.6503, 0, 0),
(5774200, 25, 589.626, 3585.54, 98.1503, 0, 0),
(5774200, 26, 600.376, 3607.29, 110.9, 0, 0),
(5774200, 27, 610.626, 3625.79, 123.65, 0, 0),
(5774200, 28, 630.376, 3628.29, 134.65, 0, 0),
(5774200, 29, 651.876, 3608.79, 145.4, 0, 0),
(5774200, 30, 674.376, 3601.04, 146.9, 0, 0),
(5774200, 31, 714.876, 3602.29, 140.9, 0, 0),
(5774200, 32, 730.876, 3601.54, 140.9, 0, 0),
(5774200, 33, 737.028, 3596.41, 140.606, 0, 0),
(5774200, 34, 739.532, 3587.64, 140.657, 0, 0),
(5774200, 35, 742.032, 3560.39, 140.657, 0, 0),
(5774200, 36, 753.532, 3533.89, 139.407, 0, 0),
(5774200, 37, 755.532, 3516.64, 138.657, 0, 0),
(5774200, 38, 745.782, 3496.89, 135.907, 0, 0),
(5774200, 39, 729.547, 3486.77, 128.211, 0, 0);

-- ========================================
-- Addons
-- ========================================
DELETE FROM `creature_template_addon` WHERE `entry` IN (57740, 57741, 57742, 57743, 59496, 59497, 59498, 59499);
INSERT INTO `creature_template_addon` (`entry`, `PathId`, `mount`, `MountCreatureId`, `StandState`, `AnimTier`, `VisFlags`, `SheathState`, `PvPFlags`, `emote`, `aiAnimKit`, 
`movementAnimKit`, `meleeAnimKit`, `visibilityDistanceType`, `auras`) VALUES 
-- Cart Yak at Dai-Lo Farmstead
(59496, 0, 0, 0, 0, 0, 0, 1, 0, 0, 0, 0, 0, 0, '108692'),
(59497, 0, 0, 0, 0, 0, 1, 1, 0, 0, 0, 0, 0, 0, '108692 94567 82358'),
(59498, 0, 0, 0, 0, 0, 0, 1, 0, 0, 0, 0, 0, 0, ''),
(59499, 0, 0, 0, 0, 0, 1, 1, 0, 0, 0, 0, 0, 0, '82358 94567'),
-- Cart Yak at Forbidden forest
(57740, 0, 0, 0, 0, 0, 0, 1, 0, 0, 0, 0, 0, 0, '108692'),
(57741, 0, 0, 0, 0, 0, 1, 1, 0, 0, 0, 0, 0, 0, '108692 49417 49415'),
(57742, 0, 0, 0, 0, 0, 0, 1, 0, 0, 0, 0, 0, 0, ''),
(57743, 0, 0, 0, 0, 0, 1, 1, 0, 0, 0, 0, 0, 0, '49415 49417');
-- Cart Yak at Singing Pools
DELETE FROM `creature_template_addon` WHERE `entry` IN (57208,57207,57710,57709);
INSERT INTO `creature_template_addon` (`entry`, `PathId`, `mount`, `MountCreatureID`, `StandState`, `AnimTier`, `VisFlags`, `SheathState`, `PvPFlags`, `emote`, `aiAnimKit`, `movementAnimKit`, `meleeAnimKit`, `visibilityDistanceType`, `auras`) VALUES 
(57207, 0, 0, 0, 0, 0, 1, 0, 0, 0, 0, 0, 0, 0, ''),
(57208, 0, 0, 0, 0, 0, 1, 0, 0, 0, 0, 0, 0, 0, '108692'),
(57709, 0, 0, 0, 0, 0, 1, 1, 0, 0, 0, 0, 0, 0, '84886 94570'),
(57710, 0, 0, 0, 0, 0, 1, 1, 0, 0, 0, 0, 0, 0, '108692 94570 84886');

-- ========================================
-- Difficulty Records
-- ========================================
DELETE FROM `creature_template_difficulty` WHERE `entry` IN (57208, 57207, 57710, 57709, 57740, 57741, 57742, 57743, 59496, 59497, 59498, 59499);
INSERT INTO `creature_template_difficulty` VALUES
-- Cart Yak at Singing Pools
(57207, 0, 0, 0, 80, 4, 1, 1, 1, 1, 26777, 0, 0, 0, 0, 0, 0, 0, 0, 268435456, 0, 0, 0, 0, 0, 0, 0, 56647),
(57208, 0, 0, 0, 80, 4, 1, 1, 1, 1, 26775, 0, 0, 0, 0, 0, 0, 0, 0, 0, 0, 256, 0, 0, 0, 0, 0, 56647),
(57709, 0, 0, 0, 80, 4, 1, 1, 1, 0.2, 26264, 0, 0, 0, 0, 0, 0, 0, 0, 268435456, 0, 0, 0, 0, 0, 0, 0, 56647),
(57710, 0, 0, 0, 80, 4, 1, 1, 1, 0.2, 26262, 0, 0, 0, 0, 0, 0, 0, 0, 0, 0, 256, 0, 0, 0, 0, 0, 56647),
-- Cart Yak at Dai-Lo Farmstead
(59496, 0, 0, 0, 80, 4, 1, 1, 1, 1, 23227, 0, 0, 0, 0, 0, 0, 0, 0, 0, 0, 256, 0, 0, 0, 0, 0, 56647),
(59497, 0, 0, 0, 80, 4, 1, 1, 1, 0.2, 23225, 0, 0, 0, 0, 0, 0, 0, 0, 0, 0, 256, 0, 0, 0, 0, 0, 56647),
(59498, 0, 0, 0, 80, 4, 1, 1, 1, 1, 23223, 0, 0, 0, 0, 0, 0, 0, 0, 268435456, 0, 0, 0, 0, 0, 0, 0, 56647),
(59499, 0, 0, 0, 80, 4, 1, 1, 1, 0.2, 23221, 0, 0, 0, 0, 0, 0, 0, 0, 268435456, 0, 0, 0, 0, 0, 0, 0, 56647),
-- Cart Yak at Forbidden forest
(57740, 0, 0, 0, 80, 4, 1, 1, 1, 1, 26236, 0, 0, 0, 0, 0, 0, 0, 0, 0, 0, 256, 0, 0, 0, 0, 0, 56647),
(57741, 0, 0, 0, 80, 4, 1, 1, 1, 0.2, 26235, 0, 0, 0, 0, 0, 0, 0, 0, 0, 0, 256, 0, 0, 0, 0, 0, 56647),
(57742, 0, 0, 0, 80, 4, 1, 1, 1, 1, 26231, 0, 0, 0, 0, 0, 0, 0, 0, 268435456, 0, 0, 0, 0, 0, 0, 0, 56647),
(57743, 0, 0, 0, 80, 4, 1, 1, 1, 0.2, 26229, 0, 0, 0, 0, 0, 0, 0, 0, 268435456, 0, 0, 0, 0, 0, 0, 0, 56647);

-- Rope spell conditions
DELETE FROM `conditions` WHERE `SourceTypeOrReferenceId`=13 AND `SourceEntry`=108627;
INSERT INTO `conditions` (`SourceTypeOrReferenceId`, `SourceGroup`, `SourceEntry`, `SourceId`, `ElseGroup`, `ConditionTypeOrReference`, `ConditionTarget`, `ConditionValue1`, `ConditionValue2`, `ConditionValue3`, `ConditionStringValue1`, `NegativeCondition`, `ErrorType`, `ErrorTextId`, `ScriptName`, `Comment`) VALUES
(13, 1, 108627, 0, 0, 51, 0, 5, 57207, 0, '', 0, 0, 0, '', 'Ox Cart Rope Left can only hit Nourished Yak'),
(13, 1, 108627, 0, 1, 51, 0, 5, 59498, 0, '', 0, 0, 0, '', 'Ox Cart Rope Left can only hit Nourished Yak'),
(13, 1, 108627, 0, 2, 51, 0, 5, 57742, 0, '', 0, 0, 0, '', 'Ox Cart Rope Left can only hit Nourished Yak');