-- NPC: 60858 Deepscale Fleshripper (phase 544)
-- NPC: 60780 Deepscale Ravager (phase 544)
-- NPC: 56360 Deepscale Tormentor (phase 1835)
-- NPC: 60722 Deepscale Tormentor
-- NPC: 56007 Darkened Horror (phase 1835)
-- NPC: 56008 Darkened Terror (phase 1835)
-- NPC: 60685 Deepscale Aggressor
-- NPC: 56009 Vordraka
-- NPC: 53705 Pangolin
-- NPC: 56172 Ash moth
-- NPC: 56174 Tiger cub

-- NPC: 55940 Jojo at the Alliance camp
-- NPC: 55942 Ji at the Hut
-- NPC: 55999 Injured Sailor (phase 1835)
-- NPC: 56362 Skyseeker Sailor (phase 1835)
-- NPC: 56476 Injured Sailor Rescue controller (phase 1835)
-- NPC: 56236 Injured Sailor (spawn)
-- NPC: 60897 Injured Sailor
-- NPC: 60900 Ji summoned at the Hut
-- NPC: 56416 Aysa fighting Vordraka
-- NPC: 55943 Wei Palerage
-- NPC: 55944 Delora Lionheart
-- NPC: 60042 Korga
-- NPC: 60055 Makael Bay
-- NPC: 67186 Provisioner Drog
-- NPC: 67185 Provisioner Phelps
-- NPC: 60895 Alliance Priest
-- NPC: 60729 Aysa at the explosion
-- NPC: 60741 Ji at the explosion
-- NPC: 56417 Aysa after explosion?
-- NPC: 56418 Ji after Vordraka
-- NPC: 57739 Ji After healed Shenzinsu
-- NPC: 56013 Spirit of Master Shang
-- NPC: 60877 Alliance Priest
-- NPC: 60878 Alliance Priest
-- NPC: 60770 Horde Druid
-- NPC: 60834 Horde Druid
-- NPC: 60851 Delora Lionheart (during healing)
-- NPC: 60852 Korga (during healing)
-- NPC: 57317 Skyseeker Sailor (during healing)
-- NPC: 60854 Escaped Horde Crewman (during healing)
-- NPC: 60853 Makael Bay (during healing)
-- NPC: 60873 Skyseeker Sailor (during healing)
-- NPC: 56419 Jojo (during healing)
-- NPC: 60896 Horde Druid

DELETE FROM `creature_template_addon` WHERE `entry` IN (55943, 60042, 67186, 55942, 55944, 60055, 60900, 67185, 55999, 56236, 56362, 56416, 56476, 60895, 55940,
60858, 60780, 56360, 60722, 56007, 56008, 60685, 56009, 60729, 60741, 56417, 56418, 57739, 56013, 60877, 60878, 60770, 60834, 60851, 60852, 57317, 60854, 
53705,  56172, 56174, 60897,60873,56419, 60853, 56000, 60896, 60898);
INSERT INTO `creature_template_addon` (`entry`, `PathId`, `mount`, `MountCreatureId`, `StandState`, `AnimTier`, `VisFlags`, `SheathState`, `PvPFlags`, `emote`, `aiAnimKit`, 
`movementAnimKit`, `meleeAnimKit`, `visibilityDistanceType`, `auras`) VALUES 
(60898, 0, 0, 0, 3, 0, 0, 1, 0, 0, 0, 0, 0, 0, ''),
('55943', '0', '0', '0', '0', '0', '0', '1', '0', '0', '0', '0', '0', '0', '110846'),
('60042', '0', '0', '0', '0', '0', '0', '1', '0', '0', '0', '0', '0', '0', ''),
('67186', '0', '0', '0', '0', '0', '0', '1', '0', '0', '0', '0', '0', '0', ''),
('55942', '0', '0', '0', '0', '0', '0', '1', '0', '0', '0', '0', '0', '0', ''),
('55944', '0', '0', '0', '0', '0', '1', '1', '0', '0', '0', '0', '0', '0', '80797'),
('60055', '0', '0', '0', '0', '0', '0', '1', '0', '0', '0', '0', '0', '0', ''),
('60900', '0', '0', '0', '0', '0', '0', '1', '0', '0', '0', '0', '0', '0', ''),
('67185', '0', '0', '0', '0', '0', '0', '1', '0', '0', '0', '0', '0', '0', ''),
('55999', '0', '0', '0', '0', '0', '0', '1', '0', '0', '0', '0', '0', '0', '108806'),
('56236', '0', '0', '0', '3', '0', '0', '1', '0', '0', '0', '0', '0', '0', '46598'),
('60897', '0', '0', '0', '3', '0', '0', '1', '0', '0', '0', '0', '0', '0', ''),
('55940', '0', '0', '0', '0', '0', '0', '1', '0', '0', '0', '0', '0', '0', '115672 80797'),
('56362', '0', '0', '0', '0', '0', '0', '1', '0', '333', '0', '0', '0', '0', ''),
('56416', '0', '0', '0', '0', '0', '1', '1', '0', '0', '0', '0', '0', '0', '83305'),
('56476', '0', '0', '0', '0', '3', '0', '1', '0', '0', '0', '0', '0', '0', ''),
('60895', '0', '0', '0', '1', '0', '0', '1', '0', '0', '0', '0', '0', '0', ''),
('56007', '0', '0', '0', '0', '0', '0', '1', '0', '0', '0', '0', '0', '0', ''),
('56008', '0', '0', '0', '0', '0', '0', '1', '0', '0', '0', '0', '0', '0', ''),
('56009', '0', '0', '0', '0', '0', '0', '1', '0', '0', '0', '0', '0', '3', ''),
('56360', '0', '0', '0', '0', '0', '0', '1', '0', '27', '0', '0', '0', '0', ''),
('60685', '0', '0', '0', '0', '0', '0', '1', '0', '0', '0', '0', '0', '0', ''),
('60722', '0', '0', '0', '0', '0', '0', '1', '0', '0', '0', '0', '0', '0', '96733'),
('60780', '0', '0', '0', '0', '0', '0', '1', '0', '0', '0', '0', '0', '0', ''),
('60858', '0', '0', '0', '0', '0', '0', '1', '0', '0', '0', '0', '0', '0', ''),
('56013', '0', '0', '0', '0', '0', '1', '1', '0', '0', '0', '0', '0', '0', '82343'),
('56417', '0', '0', '0', '0', '0', '0', '1', '0', '27', '0', '0', '0', '0', ''),
('56418', '0', '0', '0', '0', '0', '0', '1', '0', '510', '0', '0', '0', '0', ''),
('57317', '0', '0', '0', '0', '0', '0', '1', '0', '333', '0', '0', '0', '0', ''),
('57739', '0', '0', '0', '0', '0', '0', '1', '0', '0', '0', '0', '0', '0', ''),
('60729', '0', '0', '0', '0', '0', '0', '1', '0', '0', '0', '0', '0', '0', '117496'),
('60741', '0', '0', '0', '0', '0', '0', '1', '0', '0', '0', '0', '0', '0', '117598'),
('60770', '0', '0', '0', '0', '0', '0', '1', '0', '0', '0', '0', '0', '0', '117950'),
('60834', '0', '0', '0', '0', '0', '0', '1', '0', '0', '0', '0', '0', '0', '46598'),
('60851', '0', '0', '0', '0', '0', '0', '1', '0', '0', '0', '0', '0', '0', '131501'),
('60852', '0', '0', '0', '0', '0', '0', '1', '0', '0', '0', '0', '0', '0', '131502'),
('60854', '0', '0', '0', '0', '0', '0', '1', '0', '425', '0', '0', '0', '0', ''),
('60877', '0', '0', '0', '0', '0', '0', '1', '0', '0', '0', '0', '0', '0', '117950'),
('60878', '0', '0', '0', '0', '0', '0', '1', '0', '0', '0', '0', '0', '0', '46598'),
('53705', '0', '0', '0', '0', '0', '0', '1', '0', '0', '0', '0', '0', '0', ''),
(56000, 0, 0, 0, 0, 0, 0, 1, 0, 0, 0, 0, 0, 0, '96733'),
(60896, 0, 0, 0, 8, 0, 0, 1, 0, 0, 0, 0, 0, 0, ''),
('56172', '0', '0', '0', '0', '3', '0', '1', '0', '0', '0', '0', '0', '0', ''),
('56174', '0', '0', '0', '0', '0', '0', '1', '0', '0', '0', '0', '0', '0', '120703'),
('56419', '0', '0', '0', '0', '0', '0', '1', '0', '0', '0', '0', '0', '0', '115672'),
('60873', '0', '0', '0', '0', '0', '4', '1', '0', '0', '0', '0', '0', '0', '29266 28559'),
('60853', '0', '0', '0', '0', '0', '0', '1', '0', '0', '0', '0', '0', '0', '128526');

DELETE FROM `creature_template_difficulty` WHERE `entry` IN (55943, 60042, 67186, 55942, 55944, 60055, 60900, 67185, 55999, 56236, 56362, 56416, 56476, 60895, 55940,
60858, 60780, 56360, 60722, 56007, 56008, 60685, 56009, 60729, 60741, 56417, 56418, 57739, 56013, 60877, 60878, 60770, 60834, 60851, 60852, 57317, 60854, 
53705, 56172, 56174, 60897,60873,56419, 60853, 56000, 60896, 60898);
INSERT INTO `creature_template_difficulty` VALUES
(60898, 0, 0, 0, 80, 4, 1, 1, 1, 0.01, 20571, 0, 0, 0, 0, 0, 0, 0, 0, 268435456, 0, 0, 0, 0, 0, 0, 0, 56647),
(60896, 0, 0, 0, 80, 4, 1, 1, 1, 0.2, 20575, 4096, 0, 0, 0, 0, 0, 0, 0, 268435456, 0, 0, 0, 0, 0, 0, 0, 56647),
(53705, 0, 0, 0, 80, 4, 1, 1, 1, 0.2, 32103, 0, 0, 0, 53705, 0, 1, 10, 10, 268435456, 0, 0, 0, 0, 0, 0, 0, 56647),
(55940, 0, 0, 0, 80, 4, 1, 1, 1, 0.2, 28872, 0, 0, 0, 0, 0, 0, 0, 0, 268435456, 0, 0, 0, 0, 0, 0, 0, 56647),
(55942, 0, 0, 0, 80, 4, 1, 1, 1, 1, 28868, 0, 0, 0, 0, 0, 0, 0, 0, 268435456, 0, 0, 0, 0, 0, 0, 0, 56647),
(55943, 0, 0, 0, 80, 4, 1, 1, 1, 0.2, 28866, 0, 0, 0, 0, 0, 0, 0, 0, 268435712, 0, 0, 0, 0, 0, 0, 0, 56647),
(55944, 0, 0, 0, 80, 4, 1, 1, 1, 0.2, 28864, 0, 0, 0, 0, 0, 0, 0, 0, 268435456, 0, 0, 0, 0, 0, 0, 0, 56647),
(56000, 0, 0, 0, 80, 4, 1, 1, 1, 0.2, 28835, 0, 0, 0, 0, 0, 0, 0, 0, 268435712, 0, 0, 0, 0, 0, 0, 0, 56647),
(55999, 0, 0, 0, 80, 4, 1, 1, 1, 1, 28837, 0, 0, 0, 0, 0, 0, 0, 0, 268435712, 0, 0, 0, 0, 0, 0, 0, 56647),
(56007, 0, 0, 0, 80, 4, 1, 1, 1, 1, 28821, 0, 0, 0, 56007, 0, 0, 0, 0, 0, 0, 256, 0, 0, 0, 0, 0, 56647),
(56008, 0, 0, 0, 80, 4, 1, 1, 1, 0.2, 28819, 0, 0, 0, 56008, 56008, 0, 10, 20, 0, 0, 256, 0, 0, 0, 0, 0, 56647),
(56009, 0, 0, 0, 80, 4, 12, 1, 1, 0.2, 28817, 2147483648, 0, 0, 56009, 56009, 0, 20, 30, 268435456, 0, 0, 0, 0, 0, 0, 0, 56647),
(56013, 0, 0, 0, 80, 4, 1, 1, 1, 0.2, 28810, 0, 0, 0, 0, 0, 0, 0, 0, 268435456, 0, 0, 0, 0, 0, 0, 0, 56647),
(56172, 0, 0, 0, 80, 4, 1, 1, 1, 0.2, 28494, 1, 0, 0, 56172, 0, 0, 0, 0, 805306368, 0, 0, 0, 0, 0, 0, 0, 56647),
(56174, 0, 0, 0, 80, 4, 0.5, 1, 1, 0.2, 28481, 0, 0, 0, 56174, 0, 56174, 3, 3, 268435456, 0, 0, 0, 0, 0, 0, 0, 56647),
(56236, 0, 0, 0, 80, 4, 1, 1, 1, 1, 28355, 0, 0, 0, 0, 0, 0, 0, 0, 268435456, 0, 0, 0, 0, 0, 0, 0, 56647),
(56360, 0, 0, 0, 80, 4, 1, 1, 1, 1, 28122, 0, 0, 0, 56360, 56360, 0, 0, 0, 0, 0, 256, 0, 0, 0, 0, 0, 56647),
(56362, 0, 0, 0, 80, 4, 1, 1, 1, 0.2, 28120, 0, 0, 0, 0, 0, 0, 0, 0, 268435456, 0, 0, 0, 0, 0, 0, 0, 56647),
(56416, 0, 0, 0, 80, 4, 1, 1, 1, 0.2, 28022, 4096, 0, 0, 0, 0, 0, 0, 0, 268435456, 0, 262144, 0, 0, 0, 0, 0, 56647),
(56417, 0, 0, 0, 80, 4, 1, 1, 1, 0.2, 28020, 4096, 0, 0, 0, 0, 0, 0, 0, 268435456, 0, 262144, 0, 0, 0, 0, 0, 56647),
(56418, 0, 0, 0, 80, 4, 1, 1, 1, 0.2, 28018, 4096, 0, 0, 0, 0, 0, 0, 0, 268435456, 0, 262144, 0, 0, 0, 0, 0, 56647),
(56419, 0, 0, 0, 80, 4, 1, 1, 1, 0.2, 28016, 4096, 0, 0, 0, 0, 0, 0, 0, 268435456, 0, 262144, 0, 0, 0, 0, 0, 56647),
(56476, 0, 0, 0, 80, 4, 1, 1, 1, 0.2, 27911, 1024, 0, 0, 0, 0, 0, 0, 0, 64, 0, 0, 0, 0, 0, 0, 0, 56647),
(57317, 0, 0, 0, 80, 4, 1, 1, 1, 0.2, 26603, 4096, 0, 0, 0, 0, 0, 0, 0, 268435456, 0, 0, 0, 0, 0, 0, 0, 56647),
(57739, 0, 0, 0, 80, 4, 1, 1, 1, 0.2, 26238, 0, 0, 0, 0, 0, 0, 0, 0, 268435456, 0, 0, 0, 0, 0, 0, 0, 56647),
(60042, 0, 0, 0, 80, 4, 1, 1, 1, 0.2, 22060, 0, 0, 0, 0, 0, 0, 0, 0, 268435456, 0, 0, 0, 0, 0, 0, 0, 56647),
(60055, 0, 0, 0, 80, 4, 1, 1, 1, 1, 22029, 0, 0, 0, 0, 0, 0, 0, 0, 268435456, 0, 0, 0, 0, 0, 0, 0, 56647),
(60685, 0, 0, 0, 80, 4, 0.5, 1, 1, 1, 20951, 0, 0, 0, 0, 0, 0, 0, 0, 0, 0, 256, 0, 0, 0, 0, 0, 56647),
(60722, 0, 0, 0, 80, 4, 1, 1, 1, 0.2, 20879, 0, 0, 0, 0, 0, 0, 0, 0, 256, 0, 256, 0, 0, 0, 0, 0, 56647),
(60729, 0, 0, 0, 80, 4, 1, 1, 1, 1, 20865, 0, 0, 0, 0, 0, 0, 0, 0, 268435456, 0, 0, 0, 0, 0, 0, 0, 56647),
(60741, 0, 0, 0, 80, 4, 1, 1, 1, 1, 20831, 0, 0, 0, 0, 0, 0, 0, 0, 268435456, 0, 0, 0, 0, 0, 0, 0, 56647),
(60770, 0, 0, 0, 80, 4, 1.2, 1, 1, 0.01, 20770, 4096, 0, 0, 0, 0, 0, 0, 0, 268435456, 0, 0, 0, 0, 0, 0, 0, 56647),
(60780, 0, 0, 0, 80, 4, 0.5, 1, 1, 1, 20750, 0, 0, 0, 60780, 0, 0, 0, 0, 0, 0, 256, 0, 0, 0, 0, 0, 56647),
(60834, 0, 0, 0, 80, 4, 1.2, 1, 1, 0.2, 20680, 4096, 0, 0, 0, 0, 0, 0, 0, 268435712, 0, 0, 0, 0, 0, 0, 0, 56647),
(60851, 0, 0, 0, 80, 4, 5, 1, 1, 0.2, 20664, 4096, 0, 0, 0, 0, 0, 0, 0, 268435456, 0, 0, 0, 0, 0, 0, 0, 56647),
(60852, 0, 0, 0, 80, 4, 5, 1, 1, 0.01, 20662, 4096, 0, 0, 0, 0, 0, 0, 0, 268435456, 0, 0, 0, 0, 0, 0, 0, 56647),
(60853, 0, 0, 0, 80, 4, 3, 1, 1, 0.01, 20660, 4096, 0, 0, 0, 0, 0, 0, 0, 268435456, 0, 0, 0, 0, 0, 0, 0, 56647),
(60854, 0, 0, 0, 80, 4, 1, 1, 1, 0.01, 20658, 4096, 0, 0, 0, 0, 0, 0, 0, 268435456, 0, 0, 0, 0, 0, 0, 0, 56647),
(60858, 0, 0, 0, 80, 4, 0.5, 1, 1, 1, 20650, 0, 0, 0, 60858, 0, 0, 0, 0, 0, 0, 256, 0, 0, 0, 0, 0, 56647),
(60873, 0, 0, 0, 80, 4, 1, 1, 1, 0.2, 20620, 0, 0, 0, 0, 0, 0, 0, 0, 268435712, 0, 0, 0, 0, 0, 0, 0, 56647),
(60877, 0, 0, 0, 80, 4, 1.2, 1, 1, 0.2, 20614, 4096, 0, 0, 0, 0, 0, 0, 0, 268435456, 0, 0, 0, 0, 0, 0, 0, 56647),
(60878, 0, 0, 0, 80, 4, 1.2, 1, 1, 0.2, 20612, 4096, 0, 0, 0, 0, 0, 0, 0, 268435712, 0, 0, 0, 0, 0, 0, 0, 56647),
(60895, 0, 0, 0, 80, 4, 1, 1, 1, 0.01, 20577, 4096, 0, 0, 0, 0, 0, 0, 0, 268435456, 0, 0, 0, 0, 0, 0, 0, 56647),
(60897, 0, 0, 0, 80, 4, 1, 1, 1, 0.2, 20573, 0, 0, 0, 0, 0, 0, 0, 0, 268435456, 0, 0, 0, 0, 0, 0, 0, 56647),
(60900, 0, 0, 0, 80, 4, 1, 1, 1, 1, 20569, 0, 0, 0, 0, 0, 0, 0, 0, 268435456, 0, 0, 0, 0, 0, 0, 0, 56647),
(67185, 0, 0, 0, 80, 4, 1, 1, 1, 0.2, 61213, 0, 0, 0, 0, 0, 0, 0, 0, 268435456, 0, 0, 0, 0, 0, 0, 0, 56647),
(67186, 0, 0, 0, 80, 4, 1, 1, 1, 0.2, 61214, 0, 0, 0, 0, 0, 0, 0, 0, 268435456, 0, 0, 0, 0, 0, 0, 0, 56647);

-- Shared reference loot table for TheWanderingIsle - starter zone
DELETE FROM `reference_loot_template` WHERE `entry` IN (1, 2, 3, 4, 5, 6, 7, 8); -- starter zone
INSERT INTO `reference_loot_template` (`entry`, `Item`, `Chance`, `LootMode`, `MinCount`, `MaxCount`, `comment`) VALUES
-- Weapons
(1, 1411, 1.77078, 1, 1, 1, 'Withered Staff'),
(1, 1412, 1.51453, 1, 1, 1, 'Cracked Sledge'),
(1, 1413, 1.88088, 1, 1, 1, 'Feeble Sword'),
(1, 1414, 1.24009, 1, 1, 1, 'Cracked Sledge'),
(1, 1415, 1.2789, 1, 1, 1, 'Beaten Battle Axe'),
(1, 1416, 2.19436, 1, 1, 1, 'Rusty Hatchet'),
(1, 1417, 1.89063, 1, 1, 1, 'Beaten Battle Axe'),
(1, 1418, 2.82132, 1, 1, 1, 'Worn Leather Belt'),
(1, 1419, 1.4512, 1, 1, 1, 'Worn Leather Boots'),
(1, 1420, 2.82132, 1, 1, 1, 'Worn Leather Bracers'),
(1, 1421, 0.831601, 1, 1, 1, 'Worn Leather Gloves'),
(1, 1422, 1, 1, 1, 1, 'Worn Leather Vest'),
(1, 1425, 1, 1, 1, 1, 'Patchwork Shoes'),
(1, 1426, 1, 1, 1, 1, 'Patchwork Gloves'),
(1, 1427, 1.42646, 1, 1, 1, 'Patchwork Bracers'),
(1, 2138, 3.1348, 1, 1, 1, 'Sharpened Letter Opener'),
(1, 2213, 3.1348, 1, 1, 1, 'Worn Large Shield'),
(1, 2635, 1.64668, 1, 1, 1, 'Loose Chain Belt'),
(1, 2643, 1, 1, 1, 1, 'Loose Chain Gloves'),
(1, 2645, 1, 1, 1, 1, 'Loose Chain Pants'),
(1, 2646, 0.752185, 1, 1, 1, 'Loose Chain Vest'),
(1, 2648, 0.823338, 1, 1, 1, 'Loose Chain Boots'),
(1, 2773, 1.52725, 1, 1, 1, 'Cracked Shortbow'),
(1, 2957, 0.164766, 1, 1, 1, 'Journeyman\'s Vest'),
(1, 2960, 0.6737, 1, 1, 1, 'Journeyman\'s Gloves'),
(1, 4658, 0.800813, 1, 1, 1, 'Warrior\'s Cloak'),
(1, 4665, 0.507453, 1, 1, 1, 'Burnt Cloak'),
(1, 6269, 0.158428, 1, 1, 1, 'Pioneer Trousers'),
(1, 6513, 3.394, 1, 1, 1, 'Disciple\'s Sash'),
(1, 6519, 0.2772, 1, 1, 1, 'Pioneer Bracers'),
(1, 9742, 0.348543, 1, 1, 1, 'Simple Cord'),
(1, 3168, 12.847, 1, 1, 1, 'Chipped Scale'),
(1, 3189, 4.82046, 1, 1, 1, 'Small Claw'),
(1, 3190, 2.67413, 1, 1, 1, 'Wood Chopper'),
(1, 8181, 1, 1, 1, 1, 'Hunting Rifle'),
(1, 1433, 1.20406, 1, 1, 1, 'Patchwork Armor'),
(1, 2967, 0.190575, 1, 1, 1, 'Warrior\'s Boots'),
(1, 2968, 0.41044, 1, 1, 1, 'Warrior\'s Gloves'),
(1, 4563, 1.34174, 1, 1, 1, 'Billy Club'),
(1, 4565, 1.51453, 1, 1, 1, 'Simple Dagger'),
(1, 8177, 1.60329, 1, 1, 1, 'Practice Sword'),
(1, 8178, 1.54336, 1, 1, 1, 'Training Sword'),
(1, 8180, 0.433125, 1, 1, 1, 'Hunting Bow'),
(1, 766, 2, 1, 1, 1, 'Flanged Mace'),
(1, 767, 2, 1, 1, 1, 'Long Bo Staff'),
(1, 4560, 2.36104, 1, 1, 1, 'Fine Scimitar'),
(1, 8182, 1.77078, 1, 1, 1, 'Pellet Rifle'),
(1, 1429, 1.24009, 1, 1, 1, 'Patchwork Cloak'),
(1, 1431, 0.885391, 1, 1, 1, 'Patchwork Pants'),
(1, 2212, 1, 1, 1, 1, 'Cracked Buckler'),
(1, 3373, 1.42646, 1, 1, 1, 'Patchwork Bracers'),
(1, 4562, 0.848926, 1, 1, 1, 'Severing Axe'),
(1, 4659, 0.497216, 1, 1, 1, 'Warrior\'s Girdle'),
(1, 4662, 0.43437, 1, 1, 1, 'Warrior\'s Girdle'),
(1, 4663, 0.894988, 1, 1, 1, 'Journeyman\'s Belt'),
(1, 1438, 0.383657, 1, 1, 1, 'Warrior\'s Shield'),
(1, 2140, 1, 1, 1, 1, 'Carving Knife'),
(1, 15895, 0.155131, 1, 1, 1, 'Burnt Buckler'),
(1, 4677, 0.139825, 1, 1, 1, 'Veteran Cloak'),
(1, 9744, 0.124378, 1, 1, 1, 'Simple Bands'),
(1, 9751, 0.101691, 1, 1, 1, 'Nomad Sandals'),
(1, 15932, 0.2079, 1, 1, 1, 'Disciple\'s Stein'),
(1, 4690, 0.10395, 1, 1, 1, 'Hunting Belt'),
(1, 5069, 1.55925, 1, 1, 1, 'Fire Wand'),
(1, 6506, 0.10395, 1, 1, 1, 'Infantry Boots'),
(1, 6507, 0.250597, 1, 1, 1, 'Infantry Bracers'),
(1, 6509, 0.31185, 1, 1, 1, 'Infantry Belt'),
(1, 6517, 0.450451, 1, 1, 1, 'Pioneer Belt'),
(1, 6518, 0.138973, 1, 1, 1, 'Pioneer Boots'),
(1, 6521, 0.138973, 1, 1, 1, 'Pioneer Gloves'),
(1, 7108, 0.250627, 1, 1, 1, 'Infantry Shield'),
(1, 9745, 0.25677, 1, 1, 1, 'Simple Cape'),
(1, 9746, 0.1386, 1, 1, 1, 'Simple Gloves'),
(1, 9753, 0.155925, 1, 1, 1, 'Nomad Buckler'),
(1, 9761, 0.1386, 1, 1, 1, 'Cadet Cloak'),
(1, 15925, 0.190575, 1, 1, 1, 'Journeyman\'s Stave'),
(1, 2075, 0.119401, 1, 1, 1, 'Heavy Mace'),
(1, 7351, 0.250627, 1, 1, 1, 'Disciple\'s Boots'),
(1, 9743, 0.310945, 1, 1, 1, 'Simple Shoes'),
(1, 1378, 2, 1, 1, 1, 'Frayed Pants'),
(1, 2656, 0.281373, 1, 1, 1, 'Flimsy Chain Vest'),
(1, 3365, 0.253236, 1, 1, 1, 'Frayed Bracers'),
-- Consumable
(1, 117, 43.8596, 1, 1, 1, 'Tough Jerky'),
(1, 159, 17, 1, 1, 1, 'Refreshing Spring Water'),
(1, 118, 4.70219, 1, 1, 1, 'Minor Healing Potion'),
(1, 4536, 6.45078, 1, 1, 1, 'Shiny Red Apple'),
(1, 858, 2.3891, 1, 1, 1, 'Lesser Healing Potion'),
(1, 2455, 14.7335, 1, 1, 1, 'Minor Mana Potion'),
(1, 4604, 4.88067, 1, 1, 1, 'Forest Mushroom Cap'),
(1, 4605, 5.16981, 1, 1, 1, 'Red-Speckled Mushroom'),
(1, 1179, 3.48648, 1, 1, 1, 'Ice Cold Milk'),
(1, 2287, 6, 1, 1, 1, 'Haunch of Meat'),
-- Patterns
(1, 2598, 1, 1, 1, 1, 'Pattern: Red Linen Robe'),
(1, 3609, 1, 1, 1, 1, 'Plans: Copper Chain Vest'),
(1, 6271, 0.349562, 1, 1, 1, 'Pattern: Red Linen Vest'),
(1, 4408, 0.281373, 1, 1, 1, 'Schematic: Mechanical Squirrel Box'),
(1, 2555, 0.281373, 1, 1, 1, 'Recipe: Swiftness Potion'),
-- Bags & Pouches
(1, 805, 3.29206, 1, 1, 1, 'Small Red Pouch'),
(1, 828, 6, 1, 1, 1, 'Small Blue Pouch'),
(1, 4496, 2.67413, 1, 1, 1, 'Small Brown Pouch'),
(1, 5571, 3.37648, 1, 1, 1, 'Small Black Pouch'),
(1, 5572, 2.72932, 1, 1, 1, 'Small Green Pouch'),
(1, 2657, 0.165247, 1, 1, 1, 'Red Leather Bag'),
-- Beasts
(2, 62328, 76.5975, 1, 1, 1, 'Shed Fur'),
(2, 62391, 60.8494, 1, 1, 1, 'Cat Hair'),
(2, 76728, 16.2392, 1, 1, 1, 'Cracked Claw'),
(2, 55973, 12, 1, 1, 1, 'Rabbit\'s Foot'),
(2, 3189, 4.82046, 1, 1, 1, 'Small Claw'),
(2, 3176, 4.2068, 1, 1, 1, 'Tiny Fang'),
(2, 3177, 9.16431, 1, 1, 1, 'Tiny Fang'),
(2, 54633, 27.6282, 1, 1, 1, 'Shattered Jaws'),
(2, 5134, 4.58884, 1, 1, 1, 'Small Furry Paw'),
(2, 5135, 0.575043, 1, 1, 1, 'Thin Black Claw'),
(2, 7074, 32.766, 1, 1, 1, 'Chipped Claw'),
(2, 7097, 81, 1, 1, 1, 'Leg Meat'),
(2, 56195, 82.766, 1, 1, 1, 'Shattered Exoskeleton Fragment'),
(2, 56197, 0.215983, 1, 1, 1, 'Hairy Maxilla'),
-- Water related beasts or with scales
(3, 56234, 73.7535, 1, 1, 1, 'Smooth Scale'),
(3, 3168, 12.847, 1, 1, 1, 'Chipped Scale'),
(3, 54634, 72.5179, 1, 1, 1, 'Shredded Flipper'),
-- Humanoids
(4, 2589, 77.5519, 1, 1, 1, 'Linen Cloth'),
(4, 774, 9.41698, 1, 1, 1, 'Malachite'),
-- Elementals
(5, 55983, 77.1939, 1, 1, 1, 'Inert Elemental Speck'),
(5, 55983, 0.181159, 1, 1, 1, 'Inert Elemental Scintilla'),
-- Boars
(6, 771, 0.181159, 1, 1, 1, 'Chipped Boar Tusk'),
-- Birds
(7, 4757, 9.74771, 1, 1, 1, 'Cracked Egg Shells'),
(7, 4775, 8.23012, 1, 1, 1, 'Cracked Bill'),
(7, 17056, 1, 1, 1, 1, 'Light Feather'),
-- Murlocs
(8, 1468, 0.112549, 1, 1, 1, 'Murloc Fin'),
(8, 54634, 72.5179, 1, 1, 1, 'Shredded Flipper');

-- Quest Items
DELETE FROM creature_loot_template
WHERE (Entry, Item) IN (
    (54130, 72071),
    (55504, 74296),
    (55601, 74615),
    (55632, 74296),
    (55632, 74615),
    (57466, 74615),
    (55633, 74296),
    (55634, 74615),
    (55640, 74615),
    (56008, 74615),
    (56360, 74615),
    (55946, 74296),
    (55946, 74615),
    (56007, 74296),
    (56007, 74615),
    (60780, 74615)
);

INSERT INTO creature_loot_template
(Entry, ItemType, Item, Chance, QuestRequired, LootMode, GroupId, MinCount, MaxCount, Comment)
VALUES
(54130, 0, 72071, 85, 1, 1, 0, 1, 1, 'Stolen Training Supplies'),
(55504, 0, 74296, 100, 1, 1, 0, 1, 1, 'Stolen Carrot'),
(55601, 0, 74615, 100, 1, 1, 0, 1, 1, 'Paint Soaked Brush'),
(55632, 0, 74296, 100, 1, 1, 0, 1, 1, 'Stolen Carrot'),
(55632, 0, 74615, 100, 1, 1, 0, 1, 1, 'Paint Soaked Brush'),
(57466, 0, 74615, 100, 1, 1, 0, 1, 1, 'Paint Soaked Brush'),
(55633, 0, 74296, 100, 1, 1, 0, 1, 1, 'Stolen Carrot'),
(55634, 0, 74615, 100, 1, 1, 0, 1, 1, 'Paint Soaked Brush'),
(55640, 0, 74615, 100, 1, 1, 0, 1, 1, 'Paint Soaked Brush'),
(56008, 0, 74615, 100, 1, 1, 0, 1, 1, 'Paint Soaked Brush'),
(56360, 0, 74615, 100, 1, 1, 0, 1, 1, 'Paint Soaked Brush'),
(55946, 0, 74296, 100, 1, 1, 0, 1, 1, 'Stolen Carrot'),
(55946, 0, 74615, 100, 1, 1, 0, 1, 1, 'Paint Soaked Brush'),
(56007, 0, 74296, 100, 1, 1, 0, 1, 1, 'Stolen Carrot'),
(56007, 0, 74615, 100, 1, 1, 0, 1, 1, 'Paint Soaked Brush'),
(60780, 0, 74615, 100, 1, 1, 0, 1, 1, 'Paint Soaked Brush');
