-- Westfall Custom DB changes
-- These are changes made from approximation of live behavior OR
-- Reviving old/deprecated quests
-- Certain mechanics done "differently" due to missing sniff info (like phases, spells etc)
-- These should NOT be required for the main content to work and are optional

-- Phases
DELETE FROM `phase_area` WHERE `PhaseId` IN (50004, 50005);
INSERT INTO `phase_area` VALUES
(40, 50004, 'Westfall - Furlbrows 1 - Defias Brotherhood'),
(40, 50005, 'Westfall - Furlbrows 2 - Return of the Defias (Vanessa)');

-- Phase Conditions
DELETE FROM `conditions` WHERE `SourceTypeOrReferenceId` = 26 AND `SourceGroup` IN (50004, 50005);
INSERT INTO `conditions` VALUES
-- Phase 50004 allows the OLD Furlbrows npcs to be again visible for the old quests
-- This includes ALL the OLD Defias mobs around westfall.
-- They will be gone after the quest The Defias Brotherhood is completed
-- At that point the new quest line can be started
('26', '50004', '0', '0', '0', '47', '0', '166', '64', '0', '', '1', '0', '0', '', 'Westfall - Add phase 50004 if 166 IS NOT rewarded'),
-- Phase 50005 is the phase for the new/post Cata storyline
-- It starts after the quest The Defias Brotherhood
('26', '50005', '0', '0', '0', '47', '0', '166', '64', '0', '', '0', '0', '0', '', 'Westfall - Add phase 50005 if 166 IS rewarded'),
('26', '50005', '0', '0', '0', '47', '0', '26322', '74', '0', '', '1', '0', '0', '', 'Westfall - Add phase 50005 if 26322 IS NOT in progress, complete or rewarded');

INSERT INTO `conditions` (`SourceTypeOrReferenceId`, `SourceGroup`, `SourceEntry`, `SourceId`, `ElseGroup`, `ConditionTypeOrReference`, `ConditionTarget`, `ConditionValue1`, `ConditionValue2`, `ConditionValue3`, `ConditionStringValue1`, `NegativeCondition`, `Comment`) VALUES 
(26, 50005, 40, 0, 1, 47, 0, 26761, 64, 0, '', 0, 'Player has quest 26761 rewarded');

-- Reactivating old/deprecated quests for Deadmines
-- These start in various places
DELETE FROM `disables` WHERE `entry` IN (167,168) AND `sourceType` = 1; -- quest source

DELETE FROM `creature_queststarter` WHERE `quest` IN (167,168);
INSERT INTO `creature_queststarter` (`id`, `quest`, `VerifiedBuild`) VALUES 
(656, 167, 0),
(656, 168, 0);

DELETE FROM `creature_questender` WHERE `quest` IN (167,168);
INSERT INTO `creature_questender` (`id`, `quest`, `VerifiedBuild`) VALUES
(656, 167, 0),
(656, 168, 0);

-- Reactivating old/deprecated quests in Westfall
DELETE FROM `disables` WHERE `entry` IN (9, 22, 36, 64, 109, 151, 103) AND `sourceType` = 1; -- quest source
DELETE FROM `creature_queststarter` WHERE `quest` IN (9, 22, 36, 109, 64, 151, 103);
INSERT INTO `creature_queststarter` (`id`, `quest`, `VerifiedBuild`) VALUES 
('900000', '64', '0'),
('900001', '36', '0'),
('900001', '151', '0'),
('900000', '109', '0'),
('392', '103', '0'),
('235', '22', '0'),
('233', '9', '0');

DELETE FROM `creature_questender` WHERE `quest` IN (9, 22, 36, 109, 64, 151, 184, 103);
INSERT INTO `creature_questender` (`id`, `quest`, `VerifiedBuild`) VALUES 
('900000', '64', '0'),
('900000', '184', '0'),
('235', '36', '0'),
('900001', '151', '0'),
('234', '109', '0'),
('392', '103', '0'),
('235', '22', '0'),
('233', '9', '0');


-- Quest Templates
UPDATE `quest_template` SET `ContentTuningID` = '6', `Expansion` = '0' WHERE `ID` IN (9, 22, 36, 109, 64, 103, 151,167,168);
DELETE FROM `quest_template_addon` WHERE `ID` IN (109);
INSERT INTO `quest_template_addon` (`ID`, `PrevQuestID`) VALUES
(109, 64);


-- Reactivating old/deprecated quests in Sentinel Hill
DELETE FROM `disables` WHERE (`sourceType` = '1') and `entry` IN (12, 13, 14, 102, 153, 65, 132, 135, 141, 142, 155, 166);
DELETE FROM `disables` WHERE (`sourceType` = '1') and `entry` IN (6181, 6281);

-- Quest Templates
UPDATE `quest_template` SET `ContentTuningID` = '6', `Expansion` = 0, `AllowableRaces` = 18446744073709551615 WHERE `ID` IN (12, 13, 14, 102, 153, 65, 132, 135, 141, 142, 155, 166, 6181, 6281);

-- Creature Quest Relations
DELETE FROM `creature_queststarter` WHERE `quest` IN (12, 13, 14, 102, 153, 65, 132, 135, 141, 142, 155, 166, 6181, 6281);
INSERT INTO `creature_queststarter` (`id`, `quest`, `VerifiedBuild`) VALUES 
('523', '6281', '0'),
('491', '6181', '0'),
('821', '102', '0'),
('878', '153', '0'),
('234', '12', '0'),
('234', '13', '0'),
('234', '14', '0'),
('234', '65', '0'),
('266', '132', '0'),
('234', '135', '0'),
('332', '141', '0'),
('234', '142', '0'),
('467', '155', '0'),
('234', '166', '0');

DELETE FROM `creature_questender` WHERE `quest` IN (12, 13, 14, 102, 153, 65, 132, 135, 141, 142, 155, 166, 6181,6281);
INSERT INTO `creature_questender` (`id`, `quest`, `VerifiedBuild`) VALUES 
('1323', '6281', '0'),
('523', '6181', '0'),
('821', '102', '0'),
('878', '153', '0'),
('234', '12', '0'),
('234', '13', '0'),
('234', '14', '0'),
('266', '65', '0'),
('234', '132', '0'),
('332', '135', '0'),
('234', '141', '0'),
('234', '142', '0'),
('234', '155', '0'),
('234', '166', '0');


-- Adding the old mobs back

DELETE FROM `creature_template` WHERE `entry` IN (900000, 900001, 900002);
INSERT INTO creature_template (entry, KillCredit1, KillCredit2, name, femaleName, subname, TitleAlt, IconName, RequiredExpansion, VignetteID, faction, npcflag, speed_walk, speed_run, scale, Classification, dmgschool, BaseAttackTime, RangeAttackTime, BaseVariance, RangeVariance, unit_class, unit_flags, unit_flags2, unit_flags3, family, trainer_class, type, VehicleId, AIName, MovementType, ExperienceModifier, RacialLeader, movementId, WidgetSetID, WidgetSetUnitConditionID, RegenHealth, CreatureImmunitiesId, flags_extra, ScriptName, StringId, VerifiedBuild) VALUES
('900000', '0', '0', 'Farmer Furlbrow', '', '', NULL, NULL, '0', '0', '12', '2', '1', '1.14286', '1', '0', '0', '1500', '2000', '1', '1', '1', '537133824', '2048', '0', '0', '0', '7', '0', 'SmartAI', '0', '1', '0', '0', '0', '0', '1', '0', '66', '', NULL, '66384'),
('900001', '0', '0', 'Verna Furlbrow', '', '', NULL, NULL, '0', '0', '12', '2', '1', '1.14286', '1', '0', '0', '1500', '2000', '1', '1', '1', '537133824', '2048', '0', '0', '0', '7', '0', 'SmartAI', '0', '1', '0', '0', '0', '0', '1', '0', '66', '', NULL, '66384'),
('900002', '0', '0', 'Old Blanchy', '', '', NULL, NULL, '0', '0', '35', '0', '1', '1.28571', '1', '0', '0', '2000', '2000', '1', '1', '1', '768', '2048', '0', '299', '0', '1', '0', '', '0', '1', '0', '0', '0', '0', '1', '0', '64', '', NULL, '66384');

DELETE FROM `creature_template_difficulty` WHERE `entry` IN (900000, 900001, 900002, 467, 550);
INSERT INTO `creature_template_difficulty` (`Entry`,`DifficultyID`,`LevelScalingDeltaMin`,`LevelScalingDeltaMax`,`ContentTuningID`,`HealthScalingExpansion`,`HealthModifier`,`ManaModifier`,`ArmorModifier`,`DamageModifier`,`CreatureDifficultyID`,`TypeFlags`,`TypeFlags2`,`TypeFlags3`,`LootID`,`PickPocketLootID`,`SkinLootID`,`GoldMin`,`GoldMax`,`StaticFlags1`,`StaticFlags2`,`StaticFlags3`,`StaticFlags4`,`StaticFlags5`,`StaticFlags6`,`StaticFlags7`,`StaticFlags8`,`VerifiedBuild`) VALUES 
('900000', '0', '0', '0', '6', '0', '1', '1', '1', '1', '124', '0', '0', '0', '0', '0', '0', '0', '0', '256', '0', '0', '0', '0', '0', '0', '0', '63906'),
('900001', '0', '0', '0', '6', '0', '1', '1', '1', '1', '125', '0', '0', '0', '0', '0', '0', '0', '0', '256', '0', '0', '0', '0', '0', '0', '0', '63906'),
('900002', '0', '0', '0', '6', '0', '1', '1', '1', '1', '396', '1', '0', '0', '0', '0', '0', '0', '0', '256', '0', '0', '0', '0', '0', '0', '0', '63906'),
('467', '0', '0', '0', '6', '0', '0.7', '1', '1', '0.2', '314', '4096', '0', '0', '0', '0', '0', '0', '0', '524288', '0', '0', '0', '0', '0', '0', '0', '-1'),
('550', '0', '0', '0', '6', '0', '1', '1', '1', '1', '380', '0', '0', '0', '550', '550', '0', '17', '28', '524288', '0', '0', '0', '0', '0', '0', '0', '-1');

-- duplicate models for the new Furlbrows
DELETE FROM `creature_template_model` WHERE `CreatureID` IN (900000, 900001, 900002);
INSERT INTO `creature_template_model` (`CreatureID`, `Idx`, `CreatureDisplayID`, `DisplayScale`, `Probability`, `VerifiedBuild`) VALUES
(900000, 0, 1944, 1, 1, 66384),
(900001, 0, 1692, 1, 1, 66384),
(900002, 0, 236, 1, 1, 66384);

-- Smart Scripts
DELETE FROM `smart_scripts` WHERE `source_Type` = 0 AND `entryorguid` IN (900000, 900001, 467);
DELETE FROM `smart_scripts` WHERE `source_Type` = 0 AND `entryorguid` IN (449, 594, 42653) AND `id` = 2;
DELETE FROM `smart_scripts` WHERE `source_Type` = 0 AND `entryorguid` IN (589) AND `id` = 3;
DELETE FROM `smart_scripts` WHERE `source_Type` = 0 AND `entryorguid` IN (1065) AND `id` = 4;
INSERT INTO smart_scripts (entryorguid, source_type, id, link, Difficulties,
event_type, event_phase_mask, event_chance, event_flags,
event_param1, event_param2, event_param3, event_param4, event_param5, event_param_string,
action_type, action_param1, action_param2, action_param3, action_param4, action_param5, action_param6, action_param7, action_param_string,
target_type, target_param1, target_param2, target_param3, target_param4, target_param_string,
target_x, target_y, target_z, target_o,
comment)
VALUES
(900000, 0, 0, 0, '', 1, 0, 100, 0, 35000, 45000, 35000, 45000, 0, '',
 1, 0, 0, 0, 0, 0, 0, 0, '',
 1, 0, 0, 0, 0, '',
 0, 0, 0, 0,
 'Farmer Furlbrow - OOC Timer - Say Group 0 every 45s'),
 (900001, 0, 0, 0, '', 1, 0, 100, 0, 45000, 45000, 45000, 45000, 0, '',
 1, 0, 0, 0, 0, 0, 0, 0, '',
 1, 0, 0, 0, 0, '',
 0, 0, 0, 0,
 'Verna Furlbrow - OOC Timer - Say Group 0 every 45s'),
('449', '0', '2', '0', '', '4', '0', '30', '0', '0', '0', '0', '0', '0', '', '1', '0', '0', '1', '0', '0', '0', '0', NULL, '7', '0', '0', '0', '0', NULL, '0', '0', '0', '0', 'Defias Hencheman - On Aggro - Say Line 0 (No Repeat)'),
('42653', '0', '2', '0', '', '4', '0', '30', '0', '0', '0', '0', '0', '0', '', '1', '0', '0', '1', '0', '0', '0', '0', NULL, '7', '0', '0', '0', '0', NULL, '0', '0', '0', '0', 'Jango Spothide - On Aggro - Say Line 0 (No Repeat)'),
('594', '0', '2', '0', '', '4', '0', '30', '0', '0', '0', '0', '0', '0', '', '1', '0', '0', '1', '0', '0', '0', '0', NULL, '7', '0', '0', '0', '0', NULL, '0', '0', '0', '0', 'Defias Knuckleduster - On Aggro - Say Line 0 (No Repeat)'),
('589', '0', '3', '0', '', '4', '0', '30', '0', '0', '0', '0', '0', '0', '', '1', '0', '0', '1', '0', '0', '0', '0', NULL, '7', '0', '0', '0', '0', NULL, '0', '0', '0', '0', 'Defias Pillager - On Aggro - Say Line 0 (No Repeat)'),
('1065', '0', '4', '0', '', '4', '0', '30', '0', '0', '0', '0', '0', '0', '', '1', '0', '0', '1', '0', '0', '0', '0', NULL, '7', '0', '0', '0', '0', NULL, '0', '0', '0', '0', 'Riverpaw Shaman - On Aggro - Say Line 0 (No Repeat)'),
('467', '0', '0', '1', '', '19', '0', '100', '0', '155', '0', '0', '0', '0', '', '64', '1', '0', '0', '0', '0', '0', '0', NULL, '7', '0', '0', '0', '0', NULL, '0', '0', '0', '0', 'Defias Traitor - On Quest Taken - Store Targetlist'),
('467', '0', '1', '2', '', '61', '0', '100', '0', '0', '0', '0', '0', '0', '', '1', '1', '0', '0', '0', '0', '0', '0', NULL, '12', '1', '0', '0', '0', NULL, '0', '0', '0', '0', 'Defias Traitor - On Quest Defias Brotherhood Taken - Say Line 1'),
('467', '0', '2', '0', '', '61', '0', '100', '0', '0', '0', '0', '0', '0', '', '53', '1', '3', '0', '0', '0', '0', '0', NULL, '1', '0', '0', '0', '0', NULL, '0', '0', '0', '0', 'Defias Traitor - On Quest Defias Brotherhood Taken - Start Waypoint'),
('467', '0', '3', '4', '', '40', '0', '100', '0', '36', '3', '0', '0', '0', '', '53', '1', '5', '0', '0', '0', '0', '0', NULL, '1', '0', '0', '0', '0', NULL, '0', '0', '0', '0', 'Defias Traitor - On WP Reached - Start WP Walk Path'),
('467', '0', '4', '0', '', '61', '0', '100', '0', '0', '0', '0', '0', '0', '', '1', '2', '0', '0', '0', '0', '0', '0', NULL, '1', '0', '0', '0', '0', NULL, '0', '0', '0', '0', 'Defias Traitor - On WP Reached - Say Line 2'),
('467', '0', '5', '6', '', '40', '0', '100', '0', '9', '5', '0', '0', '0', '', '1', '3', '0', '0', '0', '0', '0', '0', NULL, '1', '0', '0', '0', '0', NULL, '0', '0', '0', '0', 'Defias Traitor - On WP Reached - Say Line 3'),
('467', '0', '6', '0', '', '61', '0', '100', '0', '0', '0', '0', '0', '0', '', '152', '155', '0', '0', '0', '0', '0', '0', NULL, '12', '1', '0', '0', '0', NULL, '0', '0', '0', '0', 'Defias Traitor - On WP Reached - Complete Quest'),
('467', '0', '7', '0', '', '40', '0', '100', '0', '10', '5', '0', '0', '0', '', '41', '3000', '0', '0', '0', '0', '0', '0', NULL, '1', '0', '0', '0', '0', NULL, '0', '0', '0', '0', 'Defias Traitor - On WP Reached - Despawn'),
('467', '0', '8', '0', '', '6', '0', '100', '0', '0', '0', '0', '0', '0', '', '6', '155', '0', '0', '0', '0', '0', '0', NULL, '12', '1', '0', '0', '0', NULL, '0', '0', '0', '0', 'Defias Traitor - On Death - Fail quest'),
('467', '0', '9', '0', '', '4', '0', '30', '0', '0', '0', '0', '0', '0', '', '1', '0', '0', '1', '0', '0', '0', '0', NULL, '7', '0', '0', '0', '0', NULL, '0', '0', '0', '0', 'Defias Traitor - On Aggro - Say Line 0 (No Repeat)');


-- Add NEW phase for existing creatures
UPDATE `creature` SET `PhaseId` = 50005 WHERE `guid` IN (276241, 276256, 276238, 276261, 276262, 276239, 276257, 276258, 276259, 276260);
UPDATE `creature` SET `PhaseId` = 50005 WHERE `guid` IN (224151,224156,224161,224164,224170,224171,224177,224180,224181,224152,224153,
224158,224160,224166,224173,224182,224185,224154,224155,224157,224159,224162,224167,224169,224174,224176,224178,224179,224163,224165,
224168,224172,224175,224183,224184,275323,275164);

UPDATE `creature` SET `PhaseId` = 50005 WHERE `id` IN (54373,54371,54372,42407,42384,42386,42383,42391,42390,42385,42400,42677) AND `PhaseId` IN (0,169);


SET @CGUID := 900000;
DELETE FROM `creature_addon` WHERE `guid` = @CGUID+283;
INSERT INTO `creature_addon` (guid, PathId) VALUES (@CGUID+283, 4);

-- Creature spawns for OLD story (The Defias Brotherhood))
DELETE FROM `creature` WHERE `guid` in (@CGUID+128, @CGUID+129, @CGUID+130) OR `id` IN (900000, 900001, 900002);
DELETE FROM `creature` WHERE `guid` BETWEEN @CGUID+131 AND @CGUID+307;
INSERT INTO `creature` (guid, id, map, zoneId, areaId, spawnDifficulties, phaseUseFlags, PhaseId, PhaseGroup, terrainSwapMap, modelid, equipment_id, position_x, position_y, position_z, orientation, spawntimesecs, wander_distance, currentwaypoint, curHealthPct, MovementType, npcflag, unit_flags, unit_flags2, unit_flags3, ScriptName, StringId, VerifiedBuild) VALUES
(@CGUID+128, '900000', '0', '40', '916', '0', '0', '50004', '0', '-1', '0', '0', '-9845.67', '908.615', '30.2339', '1.25925', '300', '0', '0', '100', '0', NULL, NULL, NULL, NULL, '', NULL, '0'),
(@CGUID+129, '900001', '0', '40', '916', '0', '0', '50004', '0', '-1', '0', '0', '-9846.88', '909.397', '30.2058', '0.529411', '300', '0', '0', '100', '0', NULL, NULL, NULL, NULL, '', NULL, '0'),
(@CGUID+130, '900002', '0', '40', '916', '0', '0', '50004', '0', '-1', '0', '0', '-9848.07', '912.605', '30.3397', '5.49706', '300', '0', '0', '100', '0', NULL, NULL, NULL, NULL, '', NULL, '0'),
(@CGUID+131, '121', '0', '40', '917', '0', '0', '50004', '0', '-1', '0', '1', '-10760.6', '887.112', '35.9499', '1.8592', '300', '0', '0', '100', '0', NULL, '32768', NULL, NULL, '', NULL, '0'),
(@CGUID+132, '121', '0', '40', '917', '0', '0', '50004', '0', '-1', '0', '1', '-10778.4', '900.557', '34.2905', '3.63155', '300', '10', '0', '100', '1', NULL, '32768', NULL, NULL, '', NULL, '0'),
(@CGUID+133, '121', '0', '40', '922', '0', '0', '50004', '0', '-1', '0', '1', '-11286.6', '1003.59', '93.8531', '5.4755', '300', '10', '0', '100', '1', NULL, '32768', NULL, NULL, '', NULL, '0'),
(@CGUID+134, '121', '0', '40', '920', '0', '0', '50004', '0', '-1', '0', '1', '-11249.3', '1160.31', '89.0338', '6.05507', '300', '0', '0', '100', '0', NULL, '32768', NULL, NULL, '', NULL, '0'),
(@CGUID+135, '121', '0', '40', '920', '0', '0', '50004', '0', '-1', '0', '1', '-11227.6', '1186.13', '90.4088', '1.23839', '300', '10', '0', '100', '1', NULL, '32768', NULL, NULL, '', NULL, '0'),
(@CGUID+136, '121', '0', '40', '920', '0', '0', '50004', '0', '-1', '0', '1', '-11277.9', '1520.15', '80.2267', '1.9987', '300', '10', '0', '100', '1', NULL, '32768', NULL, NULL, '', NULL, '0'),
(@CGUID+137, '121', '0', '40', '920', '0', '0', '50004', '0', '-1', '0', '1', '-11314.6', '1720.49', '36.9659', '2.99404', '300', '0', '0', '100', '0', NULL, '32768', NULL, NULL, '', NULL, '0'),
(@CGUID+138, '121', '0', '40', '920', '0', '0', '50004', '0', '-1', '0', '1', '-11322.3', '1729.38', '37.0876', '4.48294', '300', '0', '0', '100', '0', NULL, '32768', NULL, NULL, '', NULL, '0'),
(@CGUID+139, '122', '0', '40', '917', '0', '0', '50004', '0', '-1', '0', '1', '-10764.5', '894.108', '35.9581', '4.65798', '300', '0', '0', '100', '0', NULL, '32768', NULL, NULL, '', NULL, '0'),
(@CGUID+140, '122', '0', '40', '917', '0', '0', '50004', '0', '-1', '0', '1', '-10755.9', '893.287', '35.9569', '3.42053', '300', '0', '0', '100', '0', NULL, '32768', NULL, NULL, '', NULL, '0'),
(@CGUID+141, '122', '0', '40', '917', '0', '0', '50004', '0', '-1', '0', '1', '-10767.1', '898.213', '34.767', '3.95724', '300', '10', '0', '100', '1', NULL, '32768', NULL, NULL, '', NULL, '0'),
(@CGUID+142, '122', '0', '40', '917', '0', '0', '50004', '0', '-1', '0', '1', '-10756.9', '870.277', '35.4261', '0.0904293', '300', '0', '0', '100', '0', NULL, '32768', NULL, NULL, '', NULL, '0'),
(@CGUID+143, '122', '0', '40', '922', '0', '0', '50004', '0', '-1', '0', '1', '-11275.1', '1021.64', '94.3743', '2.74624', '300', '0', '0', '100', '0', NULL, '32768', NULL, NULL, '', NULL, '0'),
(@CGUID+144, '122', '0', '40', '922', '0', '0', '50004', '0', '-1', '0', '1', '-11279.4', '1024.1', '95.5327', '5.83067', '300', '0', '0', '100', '0', NULL, '32768', NULL, NULL, '', NULL, '0'),
(@CGUID+145, '122', '0', '40', '920', '0', '0', '50004', '0', '-1', '0', '1', '-11238.7', '1153.14', '89.0472', '2.10047', '300', '0', '0', '100', '0', NULL, '32768', NULL, NULL, '', NULL, '0'),
(@CGUID+146, '122', '0', '40', '920', '0', '0', '50004', '0', '-1', '0', '1', '-11245.6', '1153.78', '89.0967', '0.548273', '300', '0', '0', '100', '0', NULL, '32768', NULL, NULL, '', NULL, '0'),
(@CGUID+147, '122', '0', '40', '920', '0', '0', '50004', '0', '-1', '0', '1', '-11191.6', '1197.71', '86.6465', '0.146682', '300', '10', '0', '100', '1', NULL, '32768', NULL, NULL, '', NULL, '0'),
(@CGUID+148, '122', '0', '40', '920', '0', '0', '50004', '0', '-1', '0', '1', '-11168.5', '1205.76', '78.8108', '1.57565', '300', '10', '0', '100', '1', NULL, '32768', NULL, NULL, '', NULL, '0'),
(@CGUID+149, '122', '0', '40', '920', '0', '0', '50004', '0', '-1', '0', '1', '-11140', '1189.16', '68.3135', '2.78897', '300', '10', '0', '100', '1', NULL, '32768', NULL, NULL, '', NULL, '0'),
(@CGUID+150, '122', '0', '40', '920', '0', '0', '50004', '0', '-1', '0', '1', '-11136.4', '1245.01', '77.4862', '3.3101', '300', '10', '0', '100', '1', NULL, '32768', NULL, NULL, '', NULL, '0'),
(@CGUID+151, '122', '0', '40', '920', '0', '0', '50004', '0', '-1', '0', '1', '-11174.3', '1304.97', '95.8018', '3.24405', '300', '0', '0', '100', '0', NULL, '32768', NULL, NULL, '', NULL, '0'),
(@CGUID+152, '122', '0', '40', '920', '0', '0', '50004', '0', '-1', '0', '1', '-11177.2', '1323.61', '93.2492', '3.38542', '300', '0', '0', '100', '0', NULL, '32768', NULL, NULL, '', NULL, '0'),
(@CGUID+153, '122', '0', '40', '920', '0', '0', '50004', '0', '-1', '0', '1', '-11207.9', '1343.03', '96.2819', '4.51465', '300', '0', '0', '100', '0', NULL, '32768', NULL, NULL, '', NULL, '0'),
(@CGUID+154, '122', '0', '40', '920', '0', '0', '50004', '0', '-1', '0', '1', '-11213.5', '1314.9', '89.6881', '4.8451', '300', '10', '0', '100', '1', NULL, '32768', NULL, NULL, '', NULL, '0'),
(@CGUID+155, '122', '0', '40', '920', '0', '0', '50004', '0', '-1', '0', '1', '-11286.3', '1365.58', '94.4671', '2.51144', '300', '0', '0', '100', '0', NULL, '32768', NULL, NULL, '', NULL, '0'),
(@CGUID+156, '122', '0', '40', '920', '0', '0', '50004', '0', '-1', '0', '1', '-11291.7', '1390.67', '93.5157', '1.90552', '300', '10', '0', '100', '1', NULL, '32768', NULL, NULL, '', NULL, '0'),
(@CGUID+157, '122', '0', '40', '920', '0', '0', '50004', '0', '-1', '0', '1', '-11255.4', '1390.16', '89.5377', '5.40389', '300', '10', '0', '100', '1', NULL, '32768', NULL, NULL, '', NULL, '0'),
(@CGUID+158, '122', '0', '40', '920', '0', '0', '50004', '0', '-1', '0', '1', '-11262.5', '1544.64', '74.1953', '0.684066', '300', '10', '0', '100', '1', NULL, '32768', NULL, NULL, '', NULL, '0'),
(@CGUID+159, '122', '0', '40', '920', '0', '0', '50004', '0', '-1', '0', '1', '-11248.2', '1560.05', '70.6895', '1.67966', '300', '10', '0', '100', '1', NULL, '32768', NULL, NULL, '', NULL, '0'),
(@CGUID+160, '122', '0', '40', '920', '0', '0', '50004', '0', '-1', '0', '1', '-11281.2', '1580.46', '67.3042', '2.82415', '300', '10', '0', '100', '1', NULL, '32768', NULL, NULL, '', NULL, '0'),
(@CGUID+161, '122', '0', '40', '920', '0', '0', '50004', '0', '-1', '0', '1', '-11295.9', '1565.61', '71.1469', '5.05699', '300', '10', '0', '100', '1', NULL, '32768', NULL, NULL, '', NULL, '0'),
(@CGUID+162, '122', '0', '40', '920', '0', '0', '50004', '0', '-1', '0', '1', '-11266.6', '1613.04', '59.1569', '1.43701', '300', '10', '0', '100', '1', NULL, '32768', NULL, NULL, '', NULL, '0'),
(@CGUID+163, '122', '0', '40', '920', '0', '0', '50004', '0', '-1', '0', '1', '-11329.7', '1717.26', '37.7311', '0.202397', '300', '10', '0', '100', '1', NULL, '32768', NULL, NULL, '', NULL, '0'),
(@CGUID+164, '122', '0', '40', '920', '0', '0', '50004', '0', '-1', '0', '1', '-11321.7', '1712.37', '37.8317', '0.89297', '300', '10', '0', '100', '1', NULL, '32768', NULL, NULL, '', NULL, '0'),
(@CGUID+165, '449', '0', '40', '917', '0', '0', '50004', '0', '-1', '0', '0', '-10783.6', '914.14', '34.135', '4.0791', '300', '10', '0', '100', '1', NULL, '32768', NULL, NULL, '', NULL, '0'),
(@CGUID+166, '449', '0', '40', '917', '0', '0', '50004', '0', '-1', '0', '0', '-10752.9', '880.94', '35.7814', '1.72567', '300', '10', '0', '100', '1', NULL, '32768', NULL, NULL, '', NULL, '0'),
(@CGUID+167, '449', '0', '40', '922', '0', '0', '50004', '0', '-1', '0', '0', '-11269.2', '1004.1', '88.7102', '5.90251', '300', '10', '0', '100', '1', NULL, '32768', NULL, NULL, '', NULL, '0'),
(@CGUID+168, '449', '0', '40', '920', '0', '0', '50004', '0', '-1', '0', '0', '-11191.9', '1232.61', '87.9491', '1.30399', '300', '10', '0', '100', '1', NULL, '32768', NULL, NULL, '', NULL, '0'),
(@CGUID+169, '449', '0', '40', '920', '0', '0', '50004', '0', '-1', '0', '0', '-11241.7', '1265.15', '89.0532', '0.844075', '300', '10', '0', '100', '1', NULL, '32768', NULL, NULL, '', NULL, '0'),
(@CGUID+170, '449', '0', '40', '920', '0', '0', '50004', '0', '-1', '0', '0', '-11289.1', '1365.1', '94.906', '0.890615', '300', '0', '0', '100', '0', NULL, '32768', NULL, NULL, '', NULL, '0'),
(@CGUID+171, '449', '0', '40', '920', '0', '0', '50004', '0', '-1', '0', '0', '-11288.8', '1369.07', '95.2292', '4.85134', '300', '0', '0', '100', '0', NULL, '32768', NULL, NULL, '', NULL, '0'),
(@CGUID+172, '449', '0', '40', '920', '0', '0', '50004', '0', '-1', '0', '0', '-11283.7', '1650.94', '52.0799', '1.5525', '300', '10', '0', '100', '1', NULL, '32768', NULL, NULL, '', NULL, '0'),
(@CGUID+173, '449', '0', '40', '920', '0', '0', '50004', '0', '-1', '0', '0', '-11252.3', '1673.7', '45.5236', '0.85383', '300', '10', '0', '100', '1', NULL, '32768', NULL, NULL, '', NULL, '0');

INSERT INTO `creature`
(guid, id, map, zoneId, areaId, PhaseId, position_x, position_y, position_z, orientation, spawntimesecs, wander_distance, MovementType, curHealthPct) VALUES
(@CGUID+174, 480, 0, 40, 916, 50004, -9899.81, 1014.58, 33.1021, 2.4945, 120, 10, 1, 100),
(@CGUID+175, 480, 0, 40, 916, 50004, -9888.45, 1029.92, 33.2239, 1.29987, 120, 10, 1, 100),
(@CGUID+176, 480, 0, 40, 916, 50004, -9884.91, 1012.66, 32.4921, 5.65349, 120, 10, 1, 100),
(@CGUID+177, 480, 0, 40, 916, 50004, -9869.65, 1016.56, 32.7775, 0.61599, 120, 10, 1, 100),
(@CGUID+178, 480, 0, 40, 40, 50004, -9971.62, 1080.07, 42.0848, 2.55812, 120, 10, 1, 100),
(@CGUID+179, 480, 0, 40, 40, 50004, -9986.91, 1090.26, 40.8899, 5.70351, 120, 10, 1, 100),
(@CGUID+180, 480, 0, 40, 40, 50004, -9956.94, 1075.69, 39.8649, 1.84501, 120, 10, 1, 100),
(@CGUID+181, 480, 0, 40, 109, 50004, -9986.07, 1134.79, 43.5638, 1.87089, 120, 10, 1, 100),
(@CGUID+182, 480, 0, 40, 109, 50004, -9996.21, 1153.53, 43.2372, 3.80586, 120, 10, 1, 100),
(@CGUID+183, 480, 0, 40, 109, 50004, -9971.11, 1138.98, 43.2571, 5.31846, 120, 10, 1, 100),
(@CGUID+184, 480, 0, 40, 109, 50004, -9999.38, 1119.2, 43.526, 6.21426, 120, 10, 1, 100),
(@CGUID+185, 480, 0, 40, 916, 50004, -9811.83, 985.927, 29.1312, 3.25388, 120, 10, 1, 100),
(@CGUID+186, 480, 0, 40, 916, 50004, -9828.17, 951.856, 29.1312, 3.25388, 120, 10, 1, 100),
(@CGUID+187, 480, 0, 40, 916, 50004, -9846.42, 970.621, 29.1312, 1.27616, 120, 10, 1, 100),
(@CGUID+188, 480, 0, 40, 916, 50004, -9821.65, 1003.68, 29.1312, 1.03315, 120, 10, 1, 100),
(@CGUID+189, 480, 0, 40, 916, 50004, -9780.87, 979.251, 29.1312, 3.56651, 120, 10, 1, 100),
(@CGUID+190, 480, 0, 40, 916, 50004, -9806.41, 967.694, 29.1312, 3.56651, 120, 10, 1, 100);

INSERT INTO `creature` (guid, id, map, zoneId, areaId, PhaseId, position_x, position_y, position_z, orientation, spawntimesecs, wander_distance, curHealthPct, MovementType, unit_flags) VALUES
(@CGUID+191, '95', '0', '40', '918', '50004', '-10258.3', '1385.06', '39.869', '1.37796', '300', '10', '100', '1', '32768'),
(@CGUID+192, '95', '0', '40', '918', '50004', '-10302.7', '1344.23', '40.3426', '0.719052', '300', '10', '100', '1', '32768'),
(@CGUID+193, '95', '0', '40', '918', '50004', '-10298.5', '1354.54', '40.3822', '4.01888', '300', '10', '100', '1', '32768'),
(@CGUID+194, '95', '0', '40', '918', '50004', '-10301.4', '1401.81', '40.1545', '0.647799', '300', '10', '100', '1', '32768'),
(@CGUID+195, '95', '0', '40', '918', '50004', '-10288.7', '1405.26', '40.0367', '3.58184', '300', '0', '100', '0', '32768'),
(@CGUID+196, '95', '0', '40', '918', '50004', '-10316.7', '1412.91', '40.3687', '3.74851', '300', '10', '100', '1', '32768'),
(@CGUID+197, '95', '0', '40', '918', '50004', '-10325.1', '1408.13', '41.3702', '5.5376', '300', '10', '100', '1', '32768'),
(@CGUID+198, '95', '0', '40', '40', '50004', '-10422', '1377.13', '64.9324', '2.61547', '300', '10', '100', '1', '32768'),
(@CGUID+199, '95', '0', '40', '40', '50004', '-10427.9', '1374.48', '65.1811', '1.04976', '300', '10', '100', '1', '32768'),
(@CGUID+200, '95', '0', '40', '40', '50004', '-10424.2', '1273.43', '41.3622', '2.9503', '300', '10', '100', '1', '32768'),
(@CGUID+201, '95', '0', '40', '40', '50004', '-10324.2', '1225.18', '37.3533', '5.39866', '300', '10', '100', '1', '32768'),
(@CGUID+202, '95', '0', '40', '111', '50004', '-9948.84', '1362.48', '43.0434', '0.0367038', '300', '10', '100', '1', '32768'),
(@CGUID+203, '95', '0', '40', '111', '50004', '-9910.24', '1371.87', '47.2581', '4.88654', '300', '10', '100', '1', '32768'),
(@CGUID+204, '95', '0', '40', '111', '50004', '-9991.92', '1449.64', '42.3882', '3.34992', '300', '10', '100', '1', '32768'),
(@CGUID+205, '95', '0', '40', '111', '50004', '-10005.7', '1498.3', '43.1487', '2.64699', '300', '10', '100', '1', '32768'),
(@CGUID+206, '95', '0', '40', '111', '50004', '-9939.48', '1477.19', '70.6708', '3.79599', '300', '10', '100', '1', '32768'),
(@CGUID+207, '95', '0', '40', '111', '50004', '-9860.1', '1417.6', '57.9608', '2.19506', '300', '0', '100', '0', '32768'),
(@CGUID+208, '481', '0', '40', '916', '50004', '-9855.55', '1030.22', '33.1186', '2.37995', '300', '0', '100', '0', '32768'),
(@CGUID+209, '481', '0', '40', '916', '50004', '-9864.93', '1041.04', '33.5028', '0.346347', '300', '10', '100', '1', '32768'),
(@CGUID+210, '481', '0', '40', '916', '50004', '-9849.21', '1059.34', '33.0625', '5.01207', '300', '10', '100', '1', '32768'),
(@CGUID+211, '481', '0', '40', '916', '50004', '-9838.03', '1043.26', '34.0415', '3.54557', '300', '10', '100', '1', '32768'),
(@CGUID+212, '481', '0', '40', '916', '50004', '-9848.39', '1041.04', '34.0095', '4.18898', '300', '0', '100', '0', '32768'),
(@CGUID+213, '481', '0', '40', '916', '50004', '-9850.72', '1037.01', '34.0095', '5.42817', '300', '10', '100', '1', '32768'),
(@CGUID+214, '481', '0', '40', '916', '50004', '-9851.38', '1024.64', '32.8403', '2.71553', '300', '0', '100', '0', '32768'),
(@CGUID+215, '504', '0', '40', '919', '50004', '-10730.2', '1464.97', '50.6798', '1.39562', '300', '10', '100', '1', '32768'),
(@CGUID+216, '504', '0', '40', '40', '50004', '-10429.8', '1379.78', '65.3961', '6.08618', '300', '10', '100', '1', '32768'),
(@CGUID+217, '504', '0', '40', '40', '50004', '-10430.2', '1280.5', '40.8758', '4.60121', '300', '10', '100', '1', '32768'),
(@CGUID+218, '504', '0', '40', '918', '50004', '-10308', '1368.04', '40.1578', '3.03157', '300', '10', '100', '1', '32768'),
(@CGUID+219, '504', '0', '40', '918', '50004', '-10315.7', '1391.67', '40.505', '3.44563', '300', '10', '100', '1', '32768'),
(@CGUID+220, '504', '0', '40', '918', '50004', '-10314.1', '1401.95', '41.3226', '3.21117', '300', '10', '100', '1', '32768'),
(@CGUID+221, '504', '0', '40', '918', '50004', '-10309.6', '1398.41', '41.3226', '0.652507', '300', '0', '100', '0', '32768'),
(@CGUID+222, '504', '0', '40', '918', '50004', '-10278.8', '1389.16', '40.0213', '5.37494', '300', '0', '100', '0', '32768'),
(@CGUID+223, '504', '0', '40', '918', '50004', '-10265', '1388.64', '39.604', '4.08469', '300', '10', '100', '1', '32768'),
(@CGUID+224, '504', '0', '40', '111', '50004', '-10002.2', '1473.63', '40.6414', '0.710253', '300', '0', '100', '0', '32768'),
(@CGUID+225, '504', '0', '40', '111', '50004', '-9936.78', '1479.21', '41.9216', '0.424654', '300', '10', '100', '1', '32768'),
(@CGUID+226, '504', '0', '40', '111', '50004', '-9988.88', '1472.96', '42.3898', '3.33718', '300', '10', '100', '1', '32768'),
(@CGUID+227, '504', '0', '40', '111', '50004', '-9983.48', '1430', '44.7023', '3.29964', '300', '10', '100', '1', '32768'),
(@CGUID+228, '504', '0', '40', '111', '50004', '-9995.19', '1385.4', '46.8039', '2.39263', '300', '0', '100', '0', '32768'),
(@CGUID+229, '504', '0', '40', '111', '50004', '-10015.8', '1412.53', '40.683', '1.89274', '300', '10', '100', '1', '32768'),
(@CGUID+230, '504', '0', '40', '40', '50004', '-10186.1', '1911.66', '37.0206', '2.11637', '300', '10', '100', '1', '32768'),
(@CGUID+231, '504', '0', '40', '40', '50004', '-10196.3', '1915.58', '37.3811', '0.322758', '300', '10', '100', '1', '32768'),
(@CGUID+232, '504', '0', '40', '918', '50004', '-10269.8', '1376.14', '40.597', '4.01909', '300', '10', '100', '1', '32768'),
(@CGUID+233, '589', '0', '40', '113', '50004', '-10429.1', '1897.57', '9.09348', '1.75812', '300', '10', '100', '1', '32768'),
(@CGUID+234, '589', '0', '40', '113', '50004', '-10408.3', '1922.3', '8.94413', '1.06974', '300', '10', '100', '1', '32768'),
(@CGUID+235, '589', '0', '40', '113', '50004', '-10386.4', '1918.2', '11.1612', '1.42755', '300', '10', '100', '1', '32768'),
(@CGUID+236, '589', '0', '40', '113', '50004', '-10443', '1920.6', '10.3403', '5.44049', '300', '10', '100', '1', '32768'),
(@CGUID+237, '589', '0', '40', '113', '50004', '-10482', '1977.68', '9.61757', '5.84092', '300', '10', '100', '1', '32768'),
(@CGUID+238, '589', '0', '40', '113', '50004', '-10469.1', '1997.32', '8.16476', '3.78826', '300', '10', '100', '1', '32768'),
(@CGUID+239, '589', '0', '40', '113', '50004', '-10498', '1978.89', '11.1761', '5.90883', '300', '10', '100', '1', '32768'),
(@CGUID+240, '589', '0', '40', '113', '50004', '-10505.9', '1959.5', '8.20094', '2.44002', '300', '10', '100', '1', '32768'),
(@CGUID+241, '589', '0', '40', '113', '50004', '-10553.7', '1966.33', '-3.78327', '3.72196', '300', '10', '100', '1', '32768'),
(@CGUID+242, '589', '0', '40', '113', '50004', '-10530.3', '2002.51', '-8.92994', '3.89636', '300', '10', '100', '1', '32768'),
(@CGUID+243, '589', '0', '40', '113', '50004', '-10532.7', '2000.01', '-9.04364', '0.523656', '300', '10', '100', '1', '32768'),
(@CGUID+244, '590', '0', '40', '111', '50004', '-9889.32', '1372.15', '46.5083', '6.12926', '300', '10', '100', '1', '32768'),
(@CGUID+245, '590', '0', '40', '109', '50004', '-9922.01', '1361.03', '47.5754', '3.07187', '300', '10', '100', '1', '32768'),
(@CGUID+246, '590', '0', '40', '111', '50004', '-9864.92', '1416.8', '58.4721', '3.777', '300', '10', '100', '1', '32768'),
(@CGUID+247, '590', '0', '40', '111', '50004', '-9842.66', '1446.28', '56.3675', '1.44887', '300', '10', '100', '1', '32768'),
(@CGUID+248, '590', '0', '40', '111', '50004', '-9966.44', '1499.74', '56.6615', '3.50215', '300', '10', '100', '1', '32768'),
(@CGUID+249, '590', '0', '40', '111', '50004', '-9980.79', '1507.56', '53.5391', '3.4661', '300', '10', '100', '1', '32768'),
(@CGUID+250, '590', '0', '40', '111', '50004', '-9994.28', '1408.45', '40.9967', '3.9907', '300', '10', '100', '1', '32768'),
(@CGUID+251, '590', '0', '40', '111', '50004', '-10026.9', '1419.36', '41.2918', '6.18357', '300', '0', '100', '0', '32768'),
(@CGUID+252, '590', '0', '40', '111', '50004', '-10015.8', '1423.36', '41.0477', '3.93617', '300', '0', '100', '0', '32768'),
(@CGUID+253, '590', '0', '40', '111', '50004', '-10027.7', '1490.43', '40.9575', '2.02927', '300', '10', '100', '1', '32768'),
(@CGUID+254, '590', '0', '40', '40', '50004', '-10171.8', '1933.11', '37.4573', '1.02004', '300', '10', '100', '1', '32768'),
(@CGUID+255, '590', '0', '40', '2', '50004', '-10163.8', '1927.55', '36.4827', '0.191896', '300', '10', '100', '1', '32768'),
(@CGUID+256, '590', '0', '40', '40', '50004', '-10188.6', '1920.08', '37.3185', '3.22527', '300', '0', '100', '0', '32768'),
(@CGUID+257, '590', '0', '40', '40', '50004', '-10195.7', '1902.26', '36.5942', '3.65066', '300', '10', '100', '1', '32768'),
(@CGUID+258, '590', '0', '40', '40', '50004', '-10196.3', '1897.05', '36.2654', '3.25495', '300', '0', '100', '0', '32768'),
(@CGUID+259, '590', '0', '40', '113', '50004', '-10447.3', '1905.4', '8.28885', '1.43167', '300', '0', '100', '0', '32768'),
(@CGUID+260, '590', '0', '40', '113', '50004', '-10427.9', '1929.42', '8.5318', '3.9931', '300', '10', '100', '1', '32768'),
(@CGUID+261, '590', '0', '40', '113', '50004', '-10460.9', '1931.95', '8.95455', '2.53664', '300', '10', '100', '1', '32768'),
(@CGUID+262, '590', '0', '40', '113', '50004', '-10480.3', '1933.95', '7.17064', '5.33369', '300', '10', '100', '1', '32768'),
(@CGUID+263, '590', '0', '40', '113', '50004', '-10462.4', '1958.02', '8.37132', '2.25667', '300', '10', '100', '1', '32768'),
(@CGUID+264, '590', '0', '40', '113', '50004', '-10516.7', '1976.74', '3.26134', '0.563683', '300', '10', '100', '1', '32768'),
(@CGUID+265, '590', '0', '40', '113', '50004', '-10502.6', '1976.6', '10.7515', '3.75423', '300', '10', '100', '1', '32768'),
(@CGUID+266, '590', '0', '40', '113', '50004', '-10541.2', '1947.72', '1.78258', '2.31811', '300', '10', '100', '1', '32768'),
(@CGUID+267, '590', '0', '40', '113', '50004', '-10582.3', '1975.59', '-3.55723', '0.556624', '300', '10', '100', '1', '32768'),
(@CGUID+268, '590', '0', '40', '113', '50004', '-10591.2', '1993.95', '-4.93468', '5.37678', '300', '10', '100', '1', '32768'),
(@CGUID+269, '590', '0', '40', '219', '50004', '-10764.7', '1673.21', '45.1821', '4.63211', '300', '10', '100', '1', '32768'),
(@CGUID+270, '590', '0', '40', '219', '50004', '-10748', '1681', '45.5123', '6.24783', '300', '10', '100', '1', '32768'),
(@CGUID+271, '590', '0', '40', '219', '50004', '-10732.6', '1663.68', '44.844', '0.202002', '300', '10', '100', '1', '32768'),
(@CGUID+272, '590', '0', '40', '219', '50004', '-10732.5', '1656.42', '44.6608', '0.82755', '300', '10', '100', '1', '32768'),
(@CGUID+273, '590', '0', '40', '219', '50004', '-10755.7', '1657.5', '45.1809', '4.51003', '300', '10', '100', '1', '32768'),
(@CGUID+274, '590', '0', '40', '219', '50004', '-10753.9', '1666.97', '45.2237', '3.12265', '300', '10', '100', '1', '32768'),
(@CGUID+275, '590', '0', '40', '219', '50004', '-10672.8', '1745.87', '40.557', '3.63453', '300', '10', '100', '1', '32768'),
(@CGUID+276, '590', '0', '40', '219', '50004', '-10720.5', '1727.37', '42.1742', '4.09052', '300', '0', '100', '0', '32768'),
(@CGUID+277, '590', '0', '40', '219', '50004', '-10730.3', '1860.5', '32.4781', '0.553903', '300', '10', '100', '1', '32768'),
(@CGUID+278, '590', '0', '40', '219', '50004', '-10722.2', '1862.67', '32.1618', '1.17656', '300', '10', '100', '1', '32768'),
(@CGUID+279, '590', '0', '40', '219', '50004', '-10721', '1849.55', '34.6524', '1.31355', '300', '10', '100', '1', '32768'),
(@CGUID+280, '590', '0', '40', '40', '50004', '-10886.7', '1840.65', '71.825', '3.3703', '300', '10', '100', '1', '32768'),
(@CGUID+281, '590', '0', '40', '40', '50004', '-10894.5', '1821.25', '67.9936', '4.09981', '300', '10', '100', '1', '32768');

INSERT INTO `creature` (guid, id, map, zoneId, areaId, spawnDifficulties, phaseUseFlags, PhaseId, PhaseGroup, terrainSwapMap, modelid, equipment_id, position_x, position_y, position_z, orientation, spawntimesecs, wander_distance, currentwaypoint, curHealthPct, MovementType, npcflag, unit_flags, unit_flags2, unit_flags3, ScriptName, StringId, VerifiedBuild) VALUES
(@CGUID+284, '594', '0', '0', '0', '0', '0', '50004', '0', '-1', '0', '1', '-11081.5', '1422.72', '49.5783', '1.76165', '120', '10', '0', '100', '1', NULL, NULL, NULL, NULL, '', NULL, '0'),
(@CGUID+285, '594', '0', '0', '0', '0', '0', '50004', '0', '-1', '0', '1', '-11120.1', '1476.05', '50.3147', '4.31079', '120', '10', '0', '100', '1', NULL, NULL, NULL, NULL, '', NULL, '0'),
(@CGUID+286, '594', '0', '0', '0', '0', '0', '50004', '0', '-1', '0', '1', '-11056', '1420.29', '44.1693', '5.00103', '120', '10', '0', '100', '1', NULL, NULL, NULL, NULL, '', NULL, '0'),
(@CGUID+287, '594', '0', '0', '0', '0', '0', '50004', '0', '-1', '0', '1', '-11077.7', '1459.79', '44.2017', '2.58925', '120', '10', '0', '100', '1', NULL, NULL, NULL, NULL, '', NULL, '0'),
(@CGUID+288, '594', '0', '0', '0', '0', '0', '50004', '0', '-1', '0', '1', '-11076.4', '1472.4', '43.6134', '6.12328', '120', '10', '0', '100', '1', NULL, NULL, NULL, NULL, '', NULL, '0'),
(@CGUID+289, '594', '0', '0', '0', '0', '0', '50004', '0', '-1', '0', '1', '-11109', '1511.67', '43.7326', '2.96688', '120', '10', '0', '100', '1', NULL, NULL, NULL, NULL, '', NULL, '0'),
(@CGUID+290, '594', '0', '0', '0', '0', '0', '50004', '0', '-1', '0', '1', '-11092.9', '1508.85', '43.0415', '2.68071', '120', '10', '0', '100', '1', NULL, NULL, NULL, NULL, '', NULL, '0'),
(@CGUID+291, '594', '0', '0', '0', '0', '0', '50004', '0', '-1', '0', '1', '-11099.5', '1525.47', '43.3143', '3.20665', '120', '10', '0', '100', '1', NULL, NULL, NULL, NULL, '', NULL, '0'),
(@CGUID+292, '594', '0', '0', '0', '0', '0', '50004', '0', '-1', '0', '1', '-11085.6', '1529.19', '43.2892', '1.13846', '120', '10', '0', '100', '1', NULL, NULL, NULL, NULL, '', NULL, '0'),
(@CGUID+293, '594', '0', '0', '0', '0', '0', '50004', '0', '-1', '0', '1', '-11056.4', '1556.02', '43.3267', '4.04917', '120', '10', '0', '100', '1', NULL, NULL, NULL, NULL, '', NULL, '0'),
(@CGUID+294, '594', '0', '0', '0', '0', '0', '50004', '0', '-1', '0', '1', '-11046.1', '1457.2', '45.321', '4.71522', '120', '10', '0', '100', '1', NULL, NULL, NULL, NULL, '', NULL, '0'),
(@CGUID+295, '594', '0', '0', '0', '0', '0', '50004', '0', '-1', '0', '1', '-11039.5', '1535.41', '45.6806', '2.95261', '120', '10', '0', '100', '1', NULL, NULL, NULL, NULL, '', NULL, '0'),
(@CGUID+296, '594', '0', '0', '0', '0', '0', '50004', '0', '-1', '0', '1', '-11023.5', '1542.04', '44.2486', '5.76007', '120', '10', '0', '100', '1', NULL, NULL, NULL, NULL, '', NULL, '0'),
(@CGUID+297, '594', '0', '0', '0', '0', '0', '50004', '0', '-1', '0', '1', '-11032.9', '1547.33', '43.3267', '0.924268', '120', '10', '0', '100', '1', NULL, NULL, NULL, NULL, '', NULL, '0'),
(@CGUID+298, '594', '0', '0', '0', '0', '0', '50004', '0', '-1', '0', '1', '-10981', '1577.34', '44.9959', '3.25132', '120', '10', '0', '100', '1', NULL, NULL, NULL, NULL, '', NULL, '0'),
(@CGUID+299, '594', '0', '0', '0', '0', '0', '50004', '0', '-1', '0', '1', '-10989.8', '1461.75', '43.9848', '6.16356', '120', '10', '0', '100', '1', NULL, NULL, NULL, NULL, '', NULL, '0'),
(@CGUID+300, '594', '0', '0', '0', '0', '0', '50004', '0', '-1', '0', '1', '-10983', '1488.59', '50.608', '3.71941', '120', '10', '0', '100', '1', NULL, NULL, NULL, NULL, '', NULL, '0'),
(@CGUID+301, '594', '0', '0', '0', '0', '0', '50004', '0', '-1', '0', '1', '-10981.8', '1491.13', '43.1269', '1.66518', '120', '10', '0', '100', '1', NULL, NULL, NULL, NULL, '', NULL, '0'),
(@CGUID+302, '594', '0', '0', '0', '0', '0', '50004', '0', '-1', '0', '1', '-10963.4', '1479.9', '43.3168', '4.67029', '120', '10', '0', '100', '1', NULL, NULL, NULL, NULL, '', NULL, '0'),
(@CGUID+303, '594', '0', '0', '0', '0', '0', '50004', '0', '-1', '0', '1', '-10960.5', '1496.29', '50.608', '0.687608', '120', '10', '0', '100', '1', NULL, NULL, NULL, NULL, '', NULL, '0'),
(@CGUID+304, '594', '0', '0', '0', '0', '0', '50004', '0', '-1', '0', '1', '-10975.2', '1564.66', '45.6184', '5.68512', '120', '10', '0', '100', '1', NULL, NULL, NULL, NULL, '', NULL, '0'),
(@CGUID+305, '594', '0', '0', '0', '0', '0', '50004', '0', '-1', '0', '1', '-10953.1', '1492.03', '43.7371', '0.803321', '120', '10', '0', '100', '1', NULL, NULL, NULL, NULL, '', NULL, '0'),
(@CGUID+306, '594', '0', '0', '0', '0', '0', '50004', '0', '-1', '0', '1', '-10953.6', '1568.06', '47.0608', '3.14159', '120', '10', '0', '100', '1', NULL, NULL, NULL, NULL, '', NULL, '0'),
(@CGUID+307, '17234', '0', '40', '5289', '0', '0', '0', '0', '-1', '0', '0', '-11135.7', '545.992', '70.3372', '0.24347', '300', '0', '0', '100', '0', NULL, NULL, NULL, NULL, '', NULL, '0');

-- Special Spawns for quests
INSERT INTO `creature` (guid, id, map, zoneId, areaId, spawnDifficulties, phaseUseFlags, PhaseId, PhaseGroup, terrainSwapMap, modelid, equipment_id, position_x, position_y, position_z, orientation, spawntimesecs, wander_distance, currentwaypoint, curHealthPct, MovementType, npcflag, unit_flags, unit_flags2, unit_flags3, ScriptName, StringId, VerifiedBuild) VALUES
(@CGUID+282, '467', '0', '40', '108', '0', '0', '50004', '0', '-1', '0', '0', '-10509.2', '1066.37', '55.065', '1.77615', '300', '0', '0', '100', '0', NULL, NULL, NULL, NULL, '', NULL, '0'),
(@CGUID+283, '550', '0', '40', '40', '0', '0', '50004', '0', '-1', '0', '1', -11024.3,	1458.48,	42.9396,	4.59736, '120', '0', '0', '100', '2', NULL, NULL, NULL, NULL, '', NULL, '0');

-- Waypoints
UPDATE `creature` SET `MovementType` = 2 WHERE `guid` IN (274368,274351,274427,274382,274372); -- path movement

DELETE FROM `creature_addon` WHERE `guid` IN (274368,274351,274427,274382,274372);
INSERT INTO `creature_addon` (`guid`, `PathId`, `SheathState`, `PvPFlags`, `auras`) VALUES 
(274372, 4238303, 1, 0, '79116'), -- Transient in Deadmines
(274382, 4238302, 1, 0, '79116'), -- Transient in Deadmines
(274427, 4238301, 1, 0, '79116'), -- Transient in Deadmines
(274351, 4240003, 1, 0, '79116'), -- Transient in Deadmines
(274368, 4240003, 1, 0, '79143'); -- Hobo with Cart in Deadmines

DELETE FROM `waypoint_path` WHERE `PathId` IN (4238303,4238302,4240003,4238301, 3,4,5);
INSERT INTO `waypoint_path` VALUES
(4238301, 0, 0, NULL, 'Westfall - Transient - Deadmines'),
(4238302, 0, 0, NULL, 'Westfall - Transient - Deadmines'),
(4238303, 0, 0, NULL, 'Westfall - Transient - Deadmines'),
(4240003, 0, 0, NULL, 'Westfall - Hobo with cart - Deadmines'), 
(3, 1, 0, null, 'Westfall - Defias Traitor'),
(4, 0, 0, null, 'Westfall - Defias Messenger'),
(5, 0, 0, null, 'Westfall - Defias Traitor Moonbrook');

DELETE FROM `waypoint_path_node` WHERE `PathId` IN (4238303,4238302,4238301,4240003, 3,4,5);
INSERT INTO `waypoint_path_node` VALUES
(4238303, 1, -11182, 1576.03, 24.1553, 5.84309, 0),
(4238303, 2, -11163.5, 1571.44, 22.5923, 6.13935, 0),
(4238303, 3, -11159.6, 1571.03, 22.5828, 5.41841, 0),
(4238303, 4, -11141, 1544.36, 20.1651, 5.33813, 0),
(4238303, 5, -11139.3, 1537.02, 19.7504, 4.49313, 0),
(4238303, 6, -11146.1, 1525.32, 20.7342, 3.18313, 0),
(4238303, 7, -11169.5, 1536.02, 19.9906, 2.67874, 0),
(4238303, 8, -11175.8, 1551.48, 19.9604, 1.95501, 0),
(4238303, 9, -11176.6, 1569.74, 22.5448, 1.63068, 0),
(4238303, 10, -11189, 1575.65, 26.4382, 3.26212, 0),
(4238303, 11, -11209.3, 1572.45, 29.4696, 3.35418, 0),
(4238303, 12, -11218.9, 1559.22, 33.3249, 4.12341, 0),
(4238303, 13, -11217.5, 1548.38, 34.1001, 5.26846, 0),
(4238303, 14, -11223.3, 1550.91, 32.9521, 2.07235, 0),
(4238303, 15, -11217.6, 1565.1, 32.0465, 0.612994, 0),
(4238303, 16, -11195.7, 1582.21, 27.6839, 5.97218, 0),

(4238302, 1, -11178, 1543.37, 19.4216, 3.45429, 0),
(4238302, 2, -11185.8, 1530.49, 20.4366, 4.19823, 0),
(4238302, 3, -11203.1, 1509.08, 17.3797, 3.98836, 0),
(4238302, 4, -11202.2, 1490.14, 13.9736, 5.17282, 0),
(4238302, 5, -11191.7, 1477.98, 14.9537, 5.03319, 0),
(4238302, 6, -11188.6, 1468.7, 15.0048, 5.71268, 0),
(4238302, 7, -11180.4, 1471.09, 16.4553, 0.28731, 0),
(4238302, 8, -11178.8, 1475.79, 16.2109, 1.64502, 0),
(4238302, 9, -11191.2, 1483.07, 15.5558, 2.56914, 0),
(4238302, 10, -11199.9, 1490.8, 14.0547, 1.83756, 0),
(4238302, 11, -11202.9, 1501.65, 17.1094, 1.20184, 0),
(4238302, 12, -11195.9, 1516.6, 19.2387, 0.97627, 0),
(4238302, 13, -11178.8, 1522.45, 18.2686, 0.353946, 0),
(4238302, 14, -11171.9, 1533.4, 19.477, 1.00364, 0),
(4238302, 15, -11170.6, 1540.23, 20.267, 2.70045, 0),

(4238301, 1, -11110.9, 1497.18, 24.2159, 0.061902, 0),
(4238301, 2, -11095.7, 1509.6, 28.2102, 0.892233, 0),
(4238301, 3, -11089, 1519.67, 29.6063, 2.17417, 0),
(4238301, 4, -11097.4, 1528.64, 30.2799, 3.51559, 0),
(4238301, 5, -11112, 1515.61, 31.5496, 3.87757, 0),
(4238301, 6, -11125.6, 1506.32, 36.0225, 4.06156, 0),
(4238301, 7, -11106.5, 1522.14, 30.5692, 0.713447, 0),
(4238301, 8, -11095.5, 1526.76, 30.1916, 6.22302, 0),
(4238301, 9, -11090.8, 1515.32, 29.4149, 3.98468, 0),
(4238301, 10, -11111.5, 1494.38, 24.4253, 3.59243, 0),
(4238301, 11, -11130.9, 1503.09, 23.627, 2.33129, 0),
(4238301, 12, -11146.9, 1524.05, 20.4505, 1.04911, 0),
(4238301, 13, -11138.6, 1539.16, 19.8891, 1.12996, 0),
(4238301, 14, -11140.7, 1549.31, 20.6282, 1.86385, 0),
(4238301, 15, -11157.4, 1568.86, 22.0493, 2.25667, 0),
(4238301, 16, -11169.4, 1568.68, 22.3564, 3.39782, 0),
(4238301, 17, -11170.5, 1544.67, 20.4058, 4.66635, 0),
(4238301, 18, -11168, 1533.2, 19.9528, 5.26441, 0),
(4238301, 19, -11147.2, 1522.04, 20.2218, 5.53318, 0),

(4240003, 1, -11208.1, 1677.03, 24.5295, 4.58455, 0),
(4240003, 2, -11209.5, 1667.22, 24.7272, 4.43082, 0),
(4240003, 3, -11212.2, 1658.22, 25.7177, 4.4269, 0),
(4240003, 4, -11211, 1644.41, 27.3123, 4.76693, 0),
(4240003, 5, -11211.8, 1635.2, 27.0338, 3.89907, 0),
(4240003, 6, -11223.5, 1628.55, 27.0289, 3.56908, 0),
(4240003, 7, -11231.5, 1630.13, 26.7231, 2.81278, 0),
(4240003, 8, -11234.5, 1632.89, 26.5932, 2.39594, 0),
(4240003, 9, -11245.7, 1646.61, 29.558, 2.31567, 0),
(4240003, 10, -11248.8, 1656.22, 33.1934, 1.90887, 0),
(4240003, 11, -11246.3, 1662.11, 33.3699, 0.611809, 0),
(4240003, 12, -11230.8, 1659.98, 33.5091, 5.74265, 0),
(4240003, 13, -11225.6, 1648.39, 33.9413, 4.80352, 0),
(4240003, 14, -11225.3, 1616.3, 32.6977, 4.73895, 0),
(4240003, 15, -11226, 1595.42, 32.4059, 4.52285, 0),
(4240003, 16, -11245.5, 1588.69, 34.1772, 3.51407, 0),
(4240003, 17, -11255.3, 1585.41, 33.5575, 4.32973, 0),
(4240003, 18, -11260.7, 1561.53, 34.1304, 4.88748, 0),
(4240003, 19, -11251.3, 1558.41, 33.9527, 5.96925, 0),
(4240003, 20, -11232.1, 1551.75, 34.8483, 5.75327, 0),
(4240003, 21, -11222.1, 1544.35, 33.1359, 4.92802, 0),
(4240003, 22, -11228, 1531.4, 36.2529, 4.21596, 0),
(4240003, 23, -11248.5, 1510.45, 37.5943, 3.88436, 0),
(4240003, 24, -11267.2, 1510.81, 37.6786, 3.20879, 0),
(4240003, 25, -11274.2, 1511.56, 37.4076, 2.61408, 0),
(4240003, 26, -11278.1, 1518.17, 37.8605, 1.37456, 0),
(4240003, 27, -11275.3, 1521.85, 37.7794, 5.65324, 0),
(4240003, 28, -11256.8, 1509.7, 37.18, 6.01234, 0),
(4240003, 29, -11246.7, 1514.19, 37.6682, 0.524716, 0),
(4240003, 30, -11226.8, 1533.92, 36.2362, 0.873185, 0),
(4240003, 31, -11223.3, 1547.19, 32.8667, 2.56076, 0),
(4240003, 32, -11245.5, 1557.01, 34.1097, 3.06908, 0),
(4240003, 33, -11258.9, 1557.93, 34.3166, 1.95484, 0),
(4240003, 34, -11253.8, 1582.69, 33.8108, 1.32595, 0),
(4240003, 35, -11242.1, 1592.9, 33.6668, 0.558446, 0),
(4240003, 36, -11226.2, 1598.65, 32.4113, 0.887156, 0),
(4240003, 37, -11225.9, 1628.72, 34.1178, 1.5335, 0),
(4240003, 38, -11226.2, 1649.78, 33.9313, 2.07935, 0),
(4240003, 39, -11234.9, 1661.44, 33.3501, 3.29432, 0),
(4240003, 40, -11248.4, 1657.95, 33.3409, 4.91063, 0),
(4240003, 41, -11242.7, 1642.11, 27.8467, 5.2457, 0),
(4240003, 42, -11231.7, 1628.76, 26.7942, 6.24489, 0),
(4240003, 43, -11215.4, 1628.17, 27.7002, 1.12409, 0),
(4240003, 44, -11211.2, 1651.73, 27.0678, 1.42486, 0),


('3', '1', '-10508.4', '1068', '55.21', NULL, '3000'),
('3', '2', '-10518.3', '1074.84', '53.96', NULL, '0'),
('3', '3', '-10534.8', '1081.92', '49.88', NULL, '0'),
('3', '4', '-10546.5', '1084.88', '50.13', NULL, '0'),
('3', '5', '-10555.3', '1084.45', '45.75', NULL, '0'),
('3', '6', '-10566.6', '1083.53', '42.1', NULL, '0'),
('3', '7', '-10575.8', '1082.34', '39.46', NULL, '0'),
('3', '8', '-10585.7', '1081.08', '37.77', NULL, '0'),
('3', '9', '-10600.1', '1078.19', '36.23', NULL, '0'),
('3', '10', '-10608.7', '1076.08', '35.88', NULL, '0'),
('3', '11', '-10621.3', '1073', '35.4', NULL, '0'),
('3', '12', '-10638.1', '1060.18', '33.61', NULL, '0'),
('3', '13', '-10655.9', '1038.99', '33.48', NULL, '0'),
('3', '14', '-10664.7', '1030.54', '32.7', NULL, '0'),
('3', '15', '-10708.7', '1033.86', '33.32', NULL, '0'),
('3', '16', '-10754.4', '1017.93', '32.79', NULL, '0'),
('3', '17', '-10802.3', '1018.01', '32.16', NULL, '0'),
('3', '18', '-10832.6', '1009.04', '32.71', NULL, '0'),
('3', '19', '-10866.6', '1006.51', '31.71', NULL, '0'),
('3', '20', '-10880', '1005.1', '32.84', NULL, '0'),
('3', '21', '-10892.5', '1001.32', '34.46', NULL, '0'),
('3', '22', '-10906.1', '997.11', '36.15', NULL, '0'),
('3', '23', '-10922.3', '1002.23', '35.74', NULL, '0'),
('3', '24', '-10936.3', '1023.38', '36.52', NULL, '0'),
('3', '25', '-10933.3', '1052.61', '35.85', NULL, '0'),
('3', '26', '-10940.2', '1077.66', '36.49', NULL, '0'),
('3', '27', '-10957.1', '1099.33', '36.83', NULL, '0'),
('3', '28', '-10956.5', '1119.9', '36.73', NULL, '0'),
('3', '29', '-10939.3', '1150.75', '37.42', NULL, '0'),
('3', '30', '-10915.1', '1202.09', '36.55', NULL, '0'),
('3', '31', '-10892.6', '1257.03', '33.37', NULL, '0'),
('3', '32', '-10891.9', '1306.66', '35.45', NULL, '0'),
('3', '33', '-10896.2', '1327.86', '37.77', NULL, '0'),
('3', '34', '-10906', '1368.05', '40.91', NULL, '0'),
('3', '35', '-10910.2', '1389.33', '42.62', NULL, '0'),
('3', '36', '-10915.4', '1417.72', '42.93', NULL, '0'),
('5', '1', '-10926.4', '1421.18', '43.04', NULL, '5000'),
('5', '2', '-10952.3', '1421.74', '43.4', NULL, '0'),
('5', '3', '-10980', '1411.38', '42.79', NULL, '0'),
('5', '4', '-11006.1', '1420.47', '43.26', NULL, '0'),
('5', '5', '-11022', '1450.59', '43.09', NULL, '0'),
('5', '6', '-11025.4', '1491.59', '43.15', NULL, '0'),
('5', '7', '-11036.1', '1508.32', '43.28', NULL, '0'),
('5', '8', '-11060.7', '1526.72', '43.19', NULL, '0'),
('5', '9', '-11072.8', '1527.77', '43.2', NULL, '5000'),
('5', '10', '-11082.6064', '1563.2647', '49.005043', NULL, '0'),
(4, '1', '-11024.3', '1458.48', '42.9863', NULL, '0'),
(4, '2', '-11018.3', '1434.54', '43.1113', NULL, '0'),
(4, '3', '-10999.9', '1416.52', '43.1031', NULL, '0'),
(4, '4', '-10983.1', '1410.91', '42.9781', NULL, '0'),
(4, '5', '-10965.8', '1418.47', '43.1677', NULL, '0'),
(4, '6', '-10933.5', '1423.93', '43.0427', NULL, '0'),
(4, '7', '-10915.6', '1419.7', '42.8789', NULL, '0'),
(4, '8', '-10910.1', '1432.67', '42.5049', NULL, '0'),
(4, '9', '-10900', '1445.11', '41.7178', NULL, '0'),
(4, '10', '-10885.3', '1457.35', '40.7271', NULL, '0'),
(4, '11', '-10866.9', '1466.69', '41.7989', NULL, '0'),
(4, '12', '-10833.4', '1477.93', '44.4321', NULL, '0'),
(4, '13', '-10799.9', '1489.47', '46.8256', NULL, '0'),
(4, '14', '-10766.5', '1498.05', '47.711', NULL, '0'),
(4, '15', '-10733', '1502.48', '48.0632', NULL, '0'),
(4, '16', '-10700.1', '1502.66', '47.1882', NULL, '0'),
(4, '17', '-10666.7', '1507.09', '46.5445', NULL, '0'),
(4, '18', '-10633.3', '1539.86', '47.3145', NULL, '0'),
(4, '19', '-10667.883', '1583.91', '46.4434', NULL, '0'),
(4, '20', '-10721.698', '1647.605', '44.61', NULL, '0'),
(4, '21', '-10717.006', '1680.911', '43.9908', NULL, '0'),
(4, '22', '-10700.7578', '1700.7963', '43.4392', NULL, '0'),
(4, '23', '-10696.847', '1716.668', '42.3017', NULL, '0'),
(4, '24', '-10675.016', '1725.013', '40.7612', NULL, '0'),
(4, '25', '-10636.189', '1754.706', '38.1362', NULL, '3000'),
(4, '26', '-10601.779', '1785.478', '38.8058', NULL, '0'),
(4, '27', '-10543.838', '1837.1979', '40.8245', NULL, '0'),
(4, '28', '-10492.468', '1882.43', '39.4609', NULL, '0'),
(4, '29', '-10504.968', '1910.896', '38.8501', NULL, '0'),
(4, '30', '-10492', '1931.586', '40.9078', NULL, '0'),
(4, '31', '-10457.536', '2060.087', '10.9544', NULL, '0'),
(4, '32', '-10332.693', '2052.937', '5.6977', NULL, '0'),
(4, '33', '-10387.7', '1944.877', '9.9998', NULL, '0'),
(4, '34', '-10439', '1920.27', '10.5826', NULL, '0'),
(4, '35', '-10458.1', '1931.1', '9.11068', NULL, '0'),
(4, '36', '-10472.5', '1938.23', '7.89757', NULL, '0'),
(4, '37', '-10464', '1955.49', '8.93939', NULL, '0'),
(4, '38', '-10477.6', '1976.32', '9.24443', NULL, '0'),
(4, '39', '-10501.4', '1972.82', '10.7568', NULL, '0'),
(4, '40', '-10511.7', '1961.35', '7.41663', NULL, '0'),
(4, '41', '-10523.6', '1943.46', '4.23074', NULL, '0'),
(4, '42', '-10548.2', '1951.47', '-0.460234', NULL, '0'),
(4, '43', '-10568.6', '1978.86', '-5.38337', NULL, '10000'),
(4, '44', '-10555.8', '1958.8', '-3.3736', NULL, '0'),
(4, '45', '-10542.3', '1947.6', '1.62642', NULL, '0'),
(4, '46', '-10524.9', '1942.46', '4.34905', NULL, '0'),
(4, '47', '-10516.4', '1948.99', '4.69907', NULL, '0'),
(4, '48', '-10503.2', '1973.02', '10.3947', NULL, '0'),
(4, '49', '-10475.6', '1974.96', '9.28033', NULL, '0'),
(4, '50', '-10464', '1957.86', '8.6916', NULL, '0'),
(4, '51', '-10471.7', '1938.27', '7.97253', NULL, '0'),
(4, '52', '-10457.9', '1932.24', '9.2374', NULL, '0'),
(4, '53', '-10436.6', '1916.33', '9.53566', NULL, '0'),
(4, '54', '-10439', '1920.27', '10.5826', NULL, '0'),
(4, '55', '-10387.7', '1944.877', '9.9998', NULL, '0'),
(4, '56', '-10191.29', '2004.419', '9.7157', NULL, '0'),
(4, '57', '-10202.331', '1956.168', '17.8424', NULL, '0'),
(4, '58', '-10219.575', '1935.483', '33.0515', NULL, '0'),
(4, '59', '-10199.778', '1898.516', '36.467', NULL, '0'),
(4, '60', '-10198.942', '1861.44', '33.839', NULL, '0'),
(4, '61', '-10156.501', '1824.674', '35.4381', NULL, '0'),
(4, '62', '-10167.032', '1746.066', '32.367', NULL, '0'),
(4, '63', '-10179.462', '1705.937', '34.7874', NULL, '0'),
(4, '64', '-10211.058', '1693.706', '32.8145', NULL, '0'),
(4, '65', '-10241.719', '1670.571', '35.317', NULL, '0'),
(4, '66', '-10238.278', '1665.909', '35.2135', NULL, '0'),
(4, '67', '-10234.514', '1656.857', '35.3926', NULL, '0'),
(4, '68', '-10228.497', '1649.714', '36.0204', NULL, '0'),
(4, '69', '-10223.5', '1642.29', '38.3598', NULL, '0'),
(4, '70', '-10205.1', '1605.19', '46.0555', NULL, '0'),
(4, '71', '-10185.6', '1586.09', '45.8647', NULL, '0'),
(4, '72', '-10164.2', '1572.13', '44.8373', NULL, '0'),
(4, '73', '-10123.5', '1555.31', '42.3237', NULL, '0'),
(4, '74', '-10108.4', '1541.78', '42.2112', NULL, '0'),
(4, '75', '-10085.1', '1516.22', '42.4478', NULL, '0'),
(4, '76', '-10067.8', '1486.12', '46.4501', NULL, '0'),
(4, '77', '-10052.9', '1467.47', '45.4537', NULL, '0'),
(4, '78', '-10014.5', '1459.66', '41.2095', NULL, '0'),
(4, '79', '-9991.49', '1458.64', '41.4995', NULL, '0'),
(4, '80', '-9976.18', '1457.13', '45.0206', NULL, '0'),
(4, '81', '-9948.04', '1454.6', '40.4763', NULL, '0'),
(4, '82', '-9933.26', '1441.73', '39.1431', NULL, '0'),
(4, '83', '-9923.84', '1443.33', '39.3621', NULL, '0'),
(4, '84', '-9900.19', '1457.97', '40.8349', NULL, '0'),
(4, '85', '-9881.88', '1450.04', '43.709', NULL, '0'),
(4, '86', '-9875.23', '1450.28', '42.8109', NULL, '0'),
(4, '87', '-9859.63', '1457.97', '41.3427', NULL, '0'),
(4, '88', '-9849.83', '1453.91', '40.5755', NULL, '0'),
(4, '89', '-9843.56', '1445.74', '39.0059', NULL, '0'),
(4, '90', '-9823.62', '1423.47', '36.7852', NULL, '0'),
(4, '91', '-9821.87', '1412.5', '36.499', NULL, '0'),
(4, '92', '-9826.46', '1406.79', '36.9153', NULL, '0'),
(4, '93', '-9835.87', '1401.99', '38.0764', NULL, '0'),
(4, '94', '-9842.13', '1396.29', '37.3674', NULL, '10000'),
(4, '95', '-9823.06', '1411.54', '36.3635', NULL, '0'),
(4, '96', '-9822.35', '1420.64', '36.5567', NULL, '0'),
(4, '97', '-9834.79', '1435.69', '37.6628', NULL, '0'),
(4, '98', '-9853.21', '1456.05', '40.9653', NULL, '0'),
(4, '99', '-9870.27', '1455.45', '42.3767', NULL, '0'),
(4, '100', '-9882.26', '1448.69', '43.7431', NULL, '0'),
(4, '101', '-9898.55', '1456.87', '41.1526', NULL, '0'),
(4, '102', '-9906.68', '1454.73', '40.4808', NULL, '0'),
(4, '103', '-9932.6', '1441.31', '39.124', NULL, '0'),
(4, '104', '-9950.89', '1456.18', '40.5866', NULL, '0'),
(4, '105', '-9967.03', '1455.99', '44.5031', NULL, '0'),
(4, '106', '-9991.21', '1458.52', '41.5305', NULL, '0'),
(4, '107', '-10012.2', '1466.57', '40.9185', NULL, '0'),
(4, '108', '-10050.7', '1470.6', '45.6082', NULL, '0'),
(4, '109', '-10070', '1490.06', '46.4594', NULL, '0'),
(4, '110', '-10089.4', '1518.78', '41.9798', NULL, '0'),
(4, '111', '-10121.4', '1553.17', '42.3523', NULL, '0'),
(4, '112', '-10158.6', '1569.76', '44.1323', NULL, '0'),
(4, '113', '-10185.4', '1584.59', '45.8592', NULL, '0'),
(4, '114', '-10216.366', '1627.8', '40.8814', NULL, '0'),
(4, '115', '-10227.625', '1616.561', '40.2565', NULL, '0'),
(4, '116', '-10232.323', '1611.419', '39.4674', NULL, '0'),
(4, '117', '-10234.66', '1608.861', '39.0059', NULL, '0'),
(4, '118', '-10230.224', '1602.757', '40.3569', NULL, '0'),
(4, '119', '-10220.722', '1591.725', '44.3326', NULL, '0'),
(4, '120', '-10222.997', '1585.7', '43.9176', NULL, '0'),
(4, '121', '-10227.125', '1574.763', '43.3822', NULL, '0'),
(4, '122', '-10235.848', '1551.333', '41.8177', NULL, '0'),
(4, '123', '-10243.65', '1540.035', '40.861', NULL, '0'),
(4, '124', '-10250.292', '1532.326', '40.7696', NULL, '0'),
(4, '125', '-10271.046', '1513.673', '39.9509', NULL, '0'),
(4, '126', '-10324.468', '1455.922', '38.9189', NULL, '0'),
(4, '127', '-10395.531', '1464.046', '42.0069', NULL, '0'),
(4, '128', '-10455.44', '1479.465', '47.0926', NULL, '0'),
(4, '129', '-10512.222', '1486.291', '51.439', NULL, '0'),
(4, '130', '-10549.615', '1519.685', '48.1653', NULL, '0'),
(4, '131', '-10576.7', '1557.12', '47.438', NULL, '0'),
(4, '132', '-10601.5', '1555.4', '47.4711', NULL, '0'),
(4, '133', '-10625.3', '1545.97', '47.1961', NULL, '0'),
(4, '134', '-10642.9', '1533.3', '47.3155', NULL, '0'),
(4, '135', '-10663.4', '1510.29', '46.5769', NULL, '0'),
(4, '136', '-10676.3', '1504.88', '46.0457', NULL, '0'),
(4, '137', '-10706.1', '1503.8', '47.5113', NULL, '0'),
(4, '138', '-10719.3', '1503.75', '48.4023', NULL, '0'),
(4, '139', '-10741.6', '1501.3', '47.8971', NULL, '0'),
(4, '140', '-10779', '1495.48', '47.7248', NULL, '0'),
(4, '141', '-10814.5', '1484.85', '45.5877', NULL, '0'),
(4, '142', '-10847.3', '1473.48', '43.427', NULL, '0'),
(4, '143', '-10875.3', '1462.61', '41.51', NULL, '0'),
(4, '144', '-10891.5', '1454.56', '41.0618', NULL, '0'),
(4, '145', '-10904.6', '1442.63', '41.8719', NULL, '0'),
(4, '146', '-10912.3', '1429.66', '42.6348', NULL, '0'),
(4, '147', '-10916.2', '1420.05', '42.7921', NULL, '0'),
(4, '148', '-10942.5', '1424.95', '43.1856', NULL, '0'),
(4, '149', '-10957.7', '1422.2', '43.1459', NULL, '0'),
(4, '150', '-10979.7', '1411.7', '42.7758', NULL, '0'),
(4, '151', '-10992.3', '1412.79', '42.9071', NULL, '0'),
(4, '152', '-11011.4', '1426.53', '43.0596', NULL, '0'),
(4, '153', '-11021.4', '1442.32', '43.0378', NULL, '0'),
(4, '154', '-11024.3', '1459.81', '42.9215', NULL, '0');