-- Moonbrook area fixes (includes Deadmines outside instance)

-- NPC: 43515 Trigger Dawn of a new day

-- wrong faction for hobos
UPDATE `creature_template` SET `faction` =2280 WHERE `entry` IN (42386, 42390,42384,42391);

DELETE FROM `creature_template_addon` WHERE `entry` IN (119390);
INSERT INTO `creature_template_addon` VALUES
(119390, 0, 0, 0, 1, 0, 0, 1, 0, 0, 0, 0, 0, 0, '79116'); -- Marcus hobo

DELETE FROM `creature_template_difficulty` WHERE `Entry` IN (599,596,625,623,624,626);
INSERT INTO `creature_template_difficulty` (`Entry`,`DifficultyID`,`LevelScalingDeltaMin`,`LevelScalingDeltaMax`,`ContentTuningID`,`HealthScalingExpansion`,`HealthModifier`,`ManaModifier`,`ArmorModifier`,`DamageModifier`,`CreatureDifficultyID`,`TypeFlags`,`TypeFlags2`,`TypeFlags3`,`LootID`,`PickPocketLootID`,`SkinLootID`,`GoldMin`,`GoldMax`,`StaticFlags1`,`StaticFlags2`,`StaticFlags3`,`StaticFlags4`,`StaticFlags5`,`StaticFlags6`,`StaticFlags7`,`StaticFlags8`,`VerifiedBuild`) VALUES 
(596, 0, 0, 0, 6, 0, 1.5, 2, 1, 1, 407, 0, 0, 0, 596, 596, 0, 70, 80, 268435456, 0, 0, 0, 0, 0, 0, 0, 64978), -- Brainwashed Noble
(599, 0, 0, 0, 6, 0, 1.5, 2, 1, 1, 410, 0, 0, 0, 599, 599, 0, 70, 80, 268435456, 0, 0, 0, 0, 0, 0, 0, 67602), -- Marisa dupaige
(623, 0, 0, 0, 6, 0, 1, 1, 1, 0.2, 432, 0, 0, 0, 623, 623, 0, 90, 100, 0, 0, 0, 0, 0, 0, 0, 0, 64978), -- Skeletal Miner
(624, 0, 0, 0, 6, 0, 1, 1, 1, 0.2, 433, 0, 0, 0, 624, 624, 0, 80, 90, 0, 0, 0, 0, 0, 0, 0, 0, 64978), -- Undead Excavator
(625, 0, 0, 0, 6, 0, 1, 1, 1, 0.2, 434, 0, 0, 0, 625, 625, 0, 70, 80, 0, 0, 0, 0, 0, 0, 0, 0, 64978), -- Undead Dynamiter
(626, 0, 0, 0, 6, 0, 1.2, 1, 1, 0.2, 435, 0, 0, 0, 626, 626, 0, 70, 70, 0, 0, 0, 0, 0, 0, 0, 0, 64978); -- Foreman Thistlenettle

UPDATE `creature` SET `spawntimesecs` = 3600 WHERE `id` = 599; -- Marisa has an hour respawn timer
UPDATE `creature` SET `ID` = 42400 WHERE `guid` IN (274691,274657); -- wrong spawn, should be hobo with cart

-- Update Z position for birds
UPDATE `creature` SET `position_z` = (`position_z` + 5) WHERE `guid` IN (274721,274722,274585,274588,274690);

-- wander distance for citizens at moonbrook
UPDATE `creature` SET `wander_distance` = 5, `MovementType` = 1 WHERE `guid` IN 
(274725,274630,274626,274523,274524,274496,274436,274539,274468,274470,274590,274453,274446,274449,
274434,274429,274426,274445,274447,274450,274385,274383,274380,274377,274378,274381,274358,274360,
274354,274370,274355,274357); 

DELETE FROM `creature_addon` WHERE `guid` IN (274760,274691,274657,274532,274443,274425,274423,274444,274431,
274387,274386,274375,274373,274374,274362,274361,274371,274391,274349,274350,274356);
INSERT INTO `creature_addon` (`guid`, `PathId`, `SheathState`, `PvPFlags`, `auras`) VALUES 
-- Waypoints
(274691, 4240001, 1, 0, '79143'), -- Hobo with Cart at Moonbrook
(274657, 4240002, 1, 0, '79143'), -- Hobo with Cart at Moonbrook
(274760, 4240700, 1, 1, ''); -- Guard at Moonbrook pathing
-- Hobos sitting down
INSERT INTO `creature_addon` (`guid`, `StandState`, `SheathState`, `auras`) VALUES 
(274423, 3, 1, ''),
(274375, 3, 1, ''),
(274356, 3, 1, ''),
(274349, 3, 1, ''),
(274374, 1, 1, ''),
(274362, 1, 1, ''),
(274350, 1, 1, ''),
(274361, 1, 1, ''),
(274373, 1, 1, ''),
(274371, 1, 1, ''),
(274391, 1, 1, ''),
(274431, 1, 1, ''),
(274386, 1, 1, ''),
(274387, 1, 1, ''),
(274532, 1, 1, ''),
(274444, 1, 1, ''),
(274425, 1, 1, ''),
(274443, 1, 1, '');

-- fix position for hobo
UPDATE `creature` SET `position_x` = -11135.8, `position_y` = 1515.65, `position_z` = 23.3943, `orientation` = 3.45395  WHERE `guid` = 274387;

UPDATE `creature` SET `MovementType` = 2 WHERE `guid` IN (274760,274691,274657); -- path movement

-- Quest: 26297 The dawning of a new day
UPDATE `quest_template_addon` SET `ScriptName` = 'quest_26297_the_dawning_of_a_new_day' WHERE ID = 26297;

UPDATE `creature_template` SET `ScriptName` = 'npc_custom_moonbrook_player_trigger' WHERE `entry` = 43515;

SET @CGUID := 900000;
DELETE FROM `creature` WHERE `guid` IN (@CGUID+821);
INSERT INTO `creature` VALUES
(@CGUID+821, 43515, 0, 40, 20, 0, 0, 0, 0, -1, 0, 0, -11021.1, 1487.15, 43.1937, 4.60869, 300, 0, 0, 100, 0, NULL, NULL, NULL, NULL, '', '', 0);

-- Quest: 26320 A vision of the past
UPDATE `creature_template` SET `ScriptName` = 'npc_vision_of_the_past', `VehicleId` = 916 WHERE `entry` = 42693;
UPDATE `creature_template` SET `ScriptName` = 'npc_vision_defias_pirate' WHERE `entry` = 657;
UPDATE `creature_template` SET `Faction` = 1771 WHERE `entry` = 639;

UPDATE `creature_template_addon` SET `auras` = '29266 6433' WHERE (`entry` = '646'); -- Mr Smite

DELETE FROM `vehicle_template` WHERE `creatureId` = 42693;
INSERT INTO `vehicle_template` (`creatureId`, `despawnDelayMs`, `Pitch`, `CustomFlags`) VALUES
(42693, 0, 0, 0);

DELETE FROM `creature_template_difficulty` WHERE `Entry` IN (639,846,42702);
INSERT INTO `creature_template_difficulty` (`Entry`,`DifficultyID`,`LevelScalingDeltaMin`,`LevelScalingDeltaMax`,`ContentTuningID`,`HealthScalingExpansion`,`HealthModifier`,`ManaModifier`,`ArmorModifier`,`DamageModifier`,`CreatureDifficultyID`,`TypeFlags`,`TypeFlags2`,`TypeFlags3`,`LootID`,`PickPocketLootID`,`SkinLootID`,`GoldMin`,`GoldMax`,`StaticFlags1`,`StaticFlags2`,`StaticFlags3`,`StaticFlags4`,`StaticFlags5`,`StaticFlags6`,`StaticFlags7`,`StaticFlags8`,`VerifiedBuild`) VALUES 
(846, 0, 0, 0, 6, 0, 1, 1, 1, 1, 619, 0, 0, 0, 846, 0, 0, 19, 29, 0, 0, 0, 0, 0, 0, 0, 0, 63305), -- Rotten Ghoul
(639, 1, 2, 2, 2872, 0, 1, 1, 1, 1, 442, 0, 0, 0, 0, 0, 0, 0, 0, 268435456, 0, 0, 0, 0, 0, 0, 0, 57689),
(639, 2, 2, 2, 2872, 0, 8, 1, 1, 1.7, 442, 0, 0, 0, 639, 639, 0, 51, 421, 268435456, 0, 0, 0, 0, 0, 0, 0, -1),
(639, 24, 2, 2, 2872, 0, 1, 1, 1, 1, 442, 0, 0, 0, 0, 0, 0, 0, 0, 268435456, 0, 0, 0, 0, 0, 0, 0, 57689),
(42702, 0, 0, 0, 202, 0, 3, 4.5775, 1, 1, 52977, 0, 0, 0, 0, 0, 0, 0, 0, 268435456, 0, 0, 0, 0, 0, 0, 0, 64978),
(42702, 1, 2, 2, 202, 0, 3, 4.5775, 1, 1, 52977, 0, 0, 0, 0, 0, 0, 0, 0, 268435456, 0, 0, 0, 0, 0, 0, 0, 0);

UPDATE `creature_template` SET `AIName` = 'SmartAI' WHERE `entry` = 42699; -- Alliance Warrior
UPDATE `creature_template` SET `AIName` = 'SmartAI' WHERE `entry` = 42700; -- Alliance Rogue
UPDATE `creature_template` SET `AIName` = 'SmartAI' WHERE `entry` = 42701; -- Alliance Hunter
UPDATE `creature_template` SET `AIName` = 'SmartAI' WHERE `entry` = 42702; -- Alliance Mage
UPDATE `creature_template` SET `AIName` = 'SmartAI' WHERE `entry` = 42703; -- Alliance Priest
DELETE FROM `smart_scripts` WHERE `entryorguid` IN (42699,42700,42701,42702,42703) AND `source_type` = 0;
INSERT INTO `smart_scripts` VALUES
(42699, 0, 0, 0, '', 0, 0, 100, 0, 0, 1000, 5000, 6000, 0, '', 11, 8078, 0, 0, 0, 0, 0, 0, '', 1, 0, 0, 0, 0, '', 0, 0, 0, 0, 'Alliance Warrior - In Combat - Cast Thunderclap'),
(42700, 0, 0, 0, '', 0, 0, 100, 0, 0, 1000, 1000, 2000, 0, '', 11, 15692, 0, 0, 0, 0, 0, 0, '', 2, 0, 0, 0, 0, '', 0, 0, 0, 0, 'Alliance Rogue - In Combat - Cast Eviscerate'),
(42701, 0, 0, 0, '', 0, 0, 100, 0, 0, 2000, 6000, 6000, 0, '', 11, 78754, 0, 0, 0, 0, 0, 0, '', 2, 0, 0, 0, 0, '', 0, 0, 0, 0, 'Alliance Hunter - In Combat - Cast Arcane Shot'),
(42701, 0, 1, 0, '', 0, 0, 100, 0, 0, 1000, 1000, 2000, 0, '', 11, 79610, 0, 0, 0, 0, 0, 0, '', 2, 0, 0, 0, 0, '', 0, 0, 0, 0, 'Alliance Hunter - In Combat - Cast Shoot'),
(42702, 0, 0, 0, '', 0, 0, 100, 0, 0, 2000, 6000, 6000, 0, '', 11, 12675, 0, 0, 0, 0, 0, 0, '', 2, 0, 0, 0, 0, '', 0, 0, 0, 0, 'Alliance Mage - In Combat - Cast Frostbolt'),
(42702, 0, 1, 0, '', 0, 0, 100, 0, 0, 1000, 1000, 2000, 0, '', 11, 11921, 0, 0, 0, 0, 0, 0, '', 2, 0, 0, 0, 0, '', 0, 0, 0, 0, 'Alliance Mage - In Combat - Cast Fireball'),
(42703, 0, 0, 0, '', 0, 0, 100, 0, 0, 2000, 6000, 6000, 0, '', 11, 25058, 0, 0, 0, 0, 0, 0, '', 26, 30, 0, 0, 0, '', 0, 0, 0, 0, 'Alliance Mage - In Combat - Cast Renew'),
(42703, 0, 1, 0, '', 0, 0, 100, 0, 0, 1000, 1000, 2000, 0, '', 11, 12039, 0, 0, 0, 0, 0, 0, '', 26, 30, 0, 0, 0, '', 0, 0, 0, 0, 'Alliance Mage - In Combat - Cast Heal');

-- Required object for Incense burner
SET @OGUID := 900000;
DELETE FROM `gameobject` WHERE `guid` = @OGUID+70;
INSERT INTO `gameobject` VALUES
(@OGUID+70, '204039', '36', '1581', '1581', '1', '0', '0', '0', '-1', '-14.8352', '-386.401', '62.7048', '4.90635', '-0', '-0', '-0.635317', '0.772252', '300', '255', '1', '', NULL, '0');

SET @CGUID := 900822;
DELETE FROM `creature` WHERE `guid` BETWEEN @CGUID+0 AND @CGUID+64;
INSERT INTO `creature` VALUES
-- Spawns for DM Vision
(@CGUID+0, '646', '36', '1581', '1581', '1,2,24', '0', '231', '0', '-1', '0', '1', '-22.8472', '-797.283', '20.3745', '1.0472', '3600', '0', '0', '100', '0', NULL, NULL, NULL, NULL, '', NULL, '24015'),
(@CGUID+1, '647', '36', '1581', '1581', '1,2,24', '0', '231', '0', '-1', '0', '1', '-65.4444', '-807.17', '41.1571', '4.50295', '3600', '0', '0', '100', '0', NULL, NULL, NULL, NULL, '', NULL, '24015'),
(@CGUID+2, '657', '36', '1581', '1581', '1,2,24', '0', '231', '0', '-1', '0', '1', '-30.58', '-843.105', '19.3284', '3.82227', '3600', '0', '0', '100', '0', NULL, NULL, NULL, NULL, '', NULL, '0'),
(@CGUID+3, '657', '36', '1581', '1581', '1,2,24', '0', '231', '0', '-1', '0', '1', '-85.1105', '-856.553', '17.3856', '3.36848', '3600', '0', '0', '100', '0', NULL, NULL, NULL, NULL, '', NULL, '0'),
(@CGUID+4, '657', '36', '1581', '1581', '1,2,24', '0', '231', '0', '-1', '0', '1', '-20.7975', '-835.39', '19.7428', '3.63029', '3600', '0', '0', '100', '0', NULL, NULL, NULL, NULL, '', NULL, '0'),
(@CGUID+5, '657', '36', '1581', '1581', '1,2,24', '0', '231', '0', '-1', '0', '1', '-96.4404', '-721.125', '8.53125', '3.94444', '3600', '0', '0', '100', '0', NULL, NULL, NULL, NULL, '', NULL, '24015'),
(@CGUID+6, '657', '36', '1581', '1581', '1,2,24', '0', '231', '0', '-1', '0', '1', '-15.1033', '-724.563', '8.09061', '1.32645', '3600', '0', '0', '100', '0', NULL, NULL, NULL, NULL, '', NULL, '24015'),
(@CGUID+7, '657', '36', '1581', '1581', '1,2,24', '0', '231', '0', '-1', '0', '1', '-90.0405', '-720.556', '8.7372', '5.91667', '3600', '0', '0', '100', '0', NULL, NULL, NULL, NULL, '', NULL, '24015'),
(@CGUID+8, '657', '36', '1581', '1581', '1,2,24', '0', '231', '0', '-1', '0', '1', '-41.0659', '-730.668', '9.1289', '4.62512', '3600', '0', '0', '100', '0', NULL, NULL, NULL, NULL, '', NULL, '24015'),
(@CGUID+9, '657', '36', '1581', '1581', '1,2,24', '0', '231', '0', '-1', '0', '1', '-60.324', '-731.84', '9.03298', '2.1293', '3600', '0', '0', '100', '0', NULL, NULL, NULL, NULL, '', NULL, '24015'),
(@CGUID+10, '657', '36', '1581', '1581', '1,2,24', '0', '231', '0', '-1', '0', '1', '-98.6803', '-778.761', '22.3866', '3.03687', '3600', '0', '0', '100', '0', NULL, NULL, NULL, NULL, '', NULL, '24015'),
(@CGUID+11, '657', '36', '1581', '1581', '1,2,24', '0', '231', '0', '-1', '0', '1', '-90.1573', '-785.626', '26.9823', '2.96706', '3600', '0', '0', '100', '0', NULL, NULL, NULL, NULL, '', NULL, '24015'),
(@CGUID+12, '657', '36', '1581', '1581', '1,2,24', '0', '231', '0', '-1', '0', '1', '-57.3139', '-783.428', '18.192', '2.56563', '3600', '0', '0', '100', '0', NULL, NULL, NULL, NULL, '', NULL, '24015'),
(@CGUID+13, '657', '36', '1581', '1581', '1,2,24', '0', '231', '0', '-1', '0', '1', '-75.4199', '-783.754', '26.4547', '3.01942', '3600', '0', '0', '100', '0', NULL, NULL, NULL, NULL, '', NULL, '24015'),
(@CGUID+14, '657', '36', '1581', '1581', '1,2,24', '0', '231', '0', '-1', '0', '1', '-103.699', '-722.274', '8.72363', '4.95674', '3600', '0', '0', '100', '0', NULL, NULL, NULL, NULL, '', NULL, '24015'),
(@CGUID+15, '657', '36', '1581', '1581', '1,2,24', '0', '231', '0', '-1', '0', '1', '-83.1362', '-776.099', '26.9217', '0.226893', '3600', '0', '0', '100', '0', NULL, NULL, NULL, NULL, '', NULL, '24015'),
(@CGUID+16, '657', '36', '1581', '1581', '1,2,24', '0', '231', '0', '-1', '0', '1', '-50.1355', '-723.342', '9.07696', '1.48353', '3600', '0', '0', '100', '0', NULL, NULL, NULL, NULL, '', NULL, '24015'),
(@CGUID+17, '657', '36', '1581', '1581', '1,2,24', '0', '231', '0', '-1', '0', '1', '-28.8178', '-795.674', '19.3963', '6.02139', '3600', '0', '0', '100', '0', NULL, NULL, NULL, NULL, '', NULL, '24015'),
(@CGUID+18, '657', '36', '1581', '1581', '1,2,24', '0', '231', '0', '-1', '0', '1', '6.70123', '-766.381', '9.71319', '2.25148', '3600', '0', '0', '100', '0', NULL, NULL, NULL, NULL, '', NULL, '24015'),
(@CGUID+19, '657', '36', '1581', '1581', '1,2,24', '0', '231', '0', '-1', '0', '1', '-77.8201', '-797.215', '38.5271', '3.94444', '3600', '0', '0', '100', '0', NULL, NULL, NULL, NULL, '', NULL, '24015'),
(@CGUID+20, '657', '36', '1581', '1581', '1,2,24', '0', '231', '0', '-1', '0', '1', '-51.5538', '-789.919', '38.7447', '2.09439', '3600', '0', '0', '100', '0', NULL, NULL, NULL, NULL, '', NULL, '24015'),
(@CGUID+21, '657', '36', '1581', '1581', '1,2,24', '0', '231', '0', '-1', '0', '1', '-130.556', '-790.178', '17.5284', '2.80998', '3600', '0', '0', '100', '0', NULL, NULL, NULL, NULL, '', NULL, '24015'),
(@CGUID+22, '657', '36', '1581', '1581', '1,2,24', '0', '231', '0', '-1', '0', '1', '-105.602', '-793.749', '28.1933', '5.20108', '3600', '0', '0', '100', '0', NULL, NULL, NULL, NULL, '', NULL, '24015'),
(@CGUID+23, '657', '36', '1581', '1581', '1,2,24', '0', '231', '0', '-1', '0', '1', '-71.1597', '-808.536', '40.6394', '2.33874', '3600', '0', '0', '100', '0', NULL, NULL, NULL, NULL, '', NULL, '24015'),
(@CGUID+24, '657', '36', '1581', '1581', '1,2,24', '0', '231', '0', '-1', '0', '1', '-110.961', '-795.765', '17.1208', '2.14675', '3600', '0', '0', '100', '0', NULL, NULL, NULL, NULL, '', NULL, '24015'),
(@CGUID+25, '657', '36', '1581', '1581', '1,2,24', '0', '231', '0', '-1', '0', '1', '-103.277', '-847.41', '17.2032', '4.04916', '3600', '0', '0', '100', '0', NULL, NULL, NULL, NULL, '', NULL, '24015'),
(@CGUID+26, '657', '36', '1581', '1581', '1,2,24', '0', '231', '0', '-1', '0', '1', '-141.861', '-874.631', '1.58354', '4.03171', '3600', '0', '0', '100', '0', NULL, NULL, NULL, NULL, '', NULL, '24015'),
(@CGUID+27, '657', '36', '1581', '1581', '1,2,24', '0', '231', '0', '-1', '0', '1', '-116.185', '-837.841', '17.1263', '3.75246', '3600', '0', '0', '100', '0', NULL, NULL, NULL, NULL, '', NULL, '24015'),
(@CGUID+28, '657', '36', '1581', '1581', '1,2,24', '0', '231', '0', '-1', '0', '1', '-19.5122', '-830.989', '19.8978', '5.89921', '3600', '0', '0', '100', '0', NULL, NULL, NULL, NULL, '', NULL, '24015'),
(@CGUID+29, '657', '36', '1581', '1581', '1,2,24', '0', '231', '0', '-1', '0', '1', '-154.996', '-891.815', '5.64332', '3.05433', '3600', '0', '0', '100', '0', NULL, NULL, NULL, NULL, '', NULL, '24015'),
(@CGUID+30, '657', '36', '1581', '1581', '1,2,24', '0', '231', '0', '-1', '0', '1', '-153.182', '-909', '8.72719', '2.61799', '3600', '0', '0', '100', '0', NULL, NULL, NULL, NULL, '', NULL, '24015'),
(@CGUID+31, '657', '36', '1581', '1581', '1,2,24', '0', '231', '0', '-1', '0', '1', '-120.761', '-835.888', '16.976', '3.56047', '3600', '0', '0', '100', '0', NULL, NULL, NULL, NULL, '', NULL, '24015'),
(@CGUID+32, '657', '36', '1581', '1581', '1,2,24', '0', '231', '0', '-1', '0', '1', '-149.177', '-918.804', '12.4227', '2.40855', '3600', '0', '0', '100', '0', NULL, NULL, NULL, NULL, '', NULL, '24015'),
(@CGUID+33, '657', '36', '1581', '1581', '1,2,24', '0', '231', '0', '-1', '0', '1', '-146.141', '-906.036', '8.17895', '4.04916', '3600', '0', '0', '100', '0', NULL, NULL, NULL, NULL, '', NULL, '24015'),
(@CGUID+34, '1732', '36', '1581', '1581', '1,2,24', '0', '231', '0', '-1', '0', '1', '-116.185', '-837.841', '17.1263', '3.75246', '3600', '0', '0', '100', '0', NULL, NULL, NULL, NULL, '', NULL, '0'),
(@CGUID+35, '1732', '36', '1581', '1581', '1,2,24', '0', '231', '0', '-1', '0', '1', '-22.5099', '-735.738', '8.68678', '5.32325', '3600', '0', '0', '100', '0', NULL, NULL, NULL, NULL, '', NULL, '24015'),
(@CGUID+36, '1732', '36', '1581', '1581', '1,2,24', '0', '231', '0', '-1', '0', '1', '-79.4919', '-782.498', '17.5752', '2.60054', '3600', '0', '0', '100', '0', NULL, NULL, NULL, NULL, '', NULL, '24015'),
(@CGUID+37, '1732', '36', '1581', '1581', '1,2,24', '0', '231', '0', '-1', '0', '1', '-32.1472', '-727.729', '8.6162', '0.575959', '3600', '0', '0', '100', '0', NULL, NULL, NULL, NULL, '', NULL, '24015'),
(@CGUID+38, '1732', '36', '1581', '1581', '1,2,24', '0', '231', '0', '-1', '0', '1', '-79.4551', '-729.106', '9.12775', '1.53589', '3600', '0', '0', '100', '0', NULL, NULL, NULL, NULL, '', NULL, '24015'),
(@CGUID+39, '1732', '36', '1581', '1581', '1,2,24', '0', '231', '0', '-1', '0', '1', '-41.9822', '-798.95', '39.4917', '5.91667', '3600', '0', '0', '100', '0', NULL, NULL, NULL, NULL, '', NULL, '24015'),
(@CGUID+40, '1732', '36', '1581', '1581', '1,2,24', '0', '231', '0', '-1', '0', '1', '-9.91802', '-740.42', '9.01033', '2.05949', '3600', '0', '0', '100', '0', NULL, NULL, NULL, NULL, '', NULL, '24015'),
(@CGUID+41, '1732', '36', '1581', '1581', '1,2,24', '0', '231', '0', '-1', '0', '1', '-41.5834', '-788.566', '18.7949', '4.86947', '3600', '0', '0', '100', '0', NULL, NULL, NULL, NULL, '', NULL, '24015'),
(@CGUID+42, '1732', '36', '1581', '1581', '1,2,24', '0', '231', '0', '-1', '0', '1', '-65.1881', '-793.155', '39.6271', '2.70526', '3600', '0', '0', '100', '0', NULL, NULL, NULL, NULL, '', NULL, '24015'),
(@CGUID+43, '1732', '36', '1581', '1581', '1,2,24', '0', '231', '0', '-1', '0', '1', '-57.4826', '-808.052', '41.8811', '0.366519', '3600', '0', '0', '100', '0', NULL, NULL, NULL, NULL, '', NULL, '24015'),
(@CGUID+44, '1732', '36', '1581', '1581', '1,2,24', '0', '231', '0', '-1', '0', '1', '-21.874', '-802.941', '19.7633', '1.72788', '3600', '0', '0', '100', '0', NULL, NULL, NULL, NULL, '', NULL, '24015'),
(@CGUID+45, '1732', '36', '1581', '1581', '1,2,24', '0', '231', '0', '-1', '0', '1', '-20.7975', '-835.39', '19.7428', '3.63029', '3600', '0', '0', '100', '0', NULL, NULL, NULL, NULL, '', NULL, '24015'),
(@CGUID+46, '1732', '36', '1581', '1581', '1,2,24', '0', '231', '0', '-1', '0', '1', '-89.8141', '-853.739', '17.3927', '1.8675', '3600', '0', '0', '100', '0', NULL, NULL, NULL, NULL, '', NULL, '24015'),
(@CGUID+47, '1732', '36', '1581', '1581', '1,2,24', '0', '231', '0', '-1', '0', '1', '-30.58', '-843.105', '19.3284', '3.82227', '3600', '0', '0', '100', '0', NULL, NULL, NULL, NULL, '', NULL, '24015'),
(@CGUID+48, '1732', '36', '1581', '1581', '1,2,24', '0', '231', '0', '-1', '0', '1', '-85.1105', '-856.553', '17.3856', '3.36848', '3600', '0', '0', '100', '0', NULL, NULL, NULL, NULL, '', NULL, '24015'),
(@CGUID+49, '3947', '36', '1581', '1581', '1,2,24', '0', '231', '0', '-1', '0', '1', '-133.066', '-767.892', '3.54365', '1.36136', '3600', '0', '0', '100', '0', NULL, NULL, NULL, NULL, '', NULL, '24015'),
(@CGUID+50, '3947', '36', '1581', '1581', '1,2,24', '0', '231', '0', '-1', '0', '1', '-76.8146', '-788.732', '38.9522', '0.837758', '3600', '0', '0', '100', '0', NULL, NULL, NULL, NULL, '', NULL, '24015'),
(@CGUID+51, '3947', '36', '1581', '1581', '1,2,24', '0', '231', '0', '-1', '0', '1', '-140.669', '-760.652', '4.81889', '1.51844', '3600', '0', '0', '100', '0', NULL, NULL, NULL, NULL, '', NULL, '24015'),
(@CGUID+52, '3947', '36', '1581', '1581', '1,2,24', '0', '231', '0', '-1', '0', '1', '-48.0472', '-684.406', '4.59633', '1.29154', '3600', '0', '0', '100', '0', NULL, NULL, NULL, NULL, '', NULL, '24015'),
(@CGUID+53, '3947', '36', '1581', '1581', '1,2,24', '0', '231', '0', '-1', '0', '1', '-186.708', '-702.193', '8.91809', '0.610865', '3600', '0', '0', '100', '0', NULL, NULL, NULL, NULL, '', NULL, '24015'),
(@CGUID+54, '3947', '36', '1581', '1581', '1,2,24', '0', '231', '0', '-1', '0', '1', '-33.8026', '-691.121', '4.71141', '5.41052', '3600', '0', '0', '100', '0', NULL, NULL, NULL, NULL, '', NULL, '24015'),
(@CGUID+55, '3947', '36', '1581', '1581', '1,2,24', '0', '231', '0', '-1', '0', '1', '-120.856', '-698.083', '8.76521', '4.4855', '3600', '0', '0', '100', '0', NULL, NULL, NULL, NULL, '', NULL, '24015'),
(@CGUID+56, '3947', '36', '1581', '1581', '1,2,24', '0', '231', '0', '-1', '0', '1', '-93.4899', '-787.39', '17.2184', '1.81514', '3600', '0', '0', '100', '0', NULL, NULL, NULL, NULL, '', NULL, '24015'),
(@CGUID+57, '3947', '36', '1581', '1581', '1,2,24', '0', '231', '0', '-1', '0', '1', '-124.068', '-683.475', '10.3886', '3.10669', '3600', '0', '0', '100', '0', NULL, NULL, NULL, NULL, '', NULL, '24015'),
(@CGUID+58, '3947', '36', '1581', '1581', '1,2,24', '0', '231', '0', '-1', '0', '1', '-99.1813', '-803.693', '30.807', '2.3911', '3600', '0', '0', '100', '0', NULL, NULL, NULL, NULL, '', NULL, '24015'),
(@CGUID+59, '3947', '36', '1581', '1581', '1,2,24', '0', '231', '0', '-1', '0', '1', '-122.882', '-789.112', '17.372', '5.44543', '3600', '0', '0', '100', '0', NULL, NULL, NULL, NULL, '', NULL, '24015'),
(@CGUID+60, '3947', '36', '1581', '1581', '1,2,24', '0', '231', '0', '-1', '0', '1', '-123.13', '-805.694', '16.9865', '5.20108', '3600', '0', '0', '100', '0', NULL, NULL, NULL, NULL, '', NULL, '24015'),
(@CGUID+61, '3947', '36', '1581', '1581', '1,2,24', '0', '231', '0', '-1', '0', '1', '-124.285', '-823.381', '16.9772', '1.97222', '3600', '0', '0', '100', '0', NULL, NULL, NULL, NULL, '', NULL, '24015'),
(@CGUID+62, '3947', '36', '1581', '1581', '1,2,24', '0', '231', '0', '-1', '0', '1', '-47.2258', '-784.883', '18.4681', '4.11898', '3600', '0', '0', '100', '0', NULL, NULL, NULL, NULL, '', NULL, '24015'),
(@CGUID+63, '3947', '36', '1581', '1581', '1,2,24', '0', '231', '0', '-1', '0', '1', '-83.3867', '-791.399', '25.8925', '5.81195', '3600', '0', '0', '100', '0', NULL, NULL, NULL, NULL, '', NULL, '24015'),
(@CGUID+64, '3947', '36', '1581', '1581', '1,2,24', '0', '231', '0', '-1', '0', '1', '-44.1057', '-853.08', '18.6352', '4.03171', '3600', '0', '0', '100', '0', NULL, NULL, NULL, NULL, '', NULL, '24015');

SET @CGUID := 900000;
DELETE FROM `creature` WHERE `guid` BETWEEN @CGUID+910 AND @CGUID+915;
INSERT INTO `creature` VALUES
-- Missing rotten ghoul spawns at graveyard
(@CGUID+910, '846', '0', '40', '20', '0', '0', '0', '0', '-1', '0', '0', '-10979', '1628.82', '46.3427', '4.35301', '300', '3', '0', '100', '1', NULL, NULL, NULL, NULL, '', NULL, '0'),
(@CGUID+911, '846', '0', '40', '20', '0', '0', '0', '0', '-1', '0', '0', '-10973.3', '1611.65', '46.0341', '1.3826', '300', '3', '0', '100', '1', NULL, NULL, NULL, NULL, '', NULL, '0'),
(@CGUID+912, '846', '0', '40', '20', '0', '0', '0', '0', '-1', '0', '0', '-10992', '1610.19', '44.8723', '3.02015', '300', '3', '0', '100', '1', NULL, NULL, NULL, NULL, '', NULL, '0'),
(@CGUID+913, '846', '0', '40', '20', '0', '0', '0', '0', '-1', '0', '0', '-10964.2', '1601.25', '47.6235', '3.15761', '300', '3', '0', '100', '1', NULL, NULL, NULL, NULL, '', NULL, '0'),
(@CGUID+914, '846', '0', '40', '20', '0', '0', '0', '0', '-1', '0', '0', '-10982.7', '1599.76', '46.1088', '5.41066', '300', '3', '0', '100', '1', NULL, NULL, NULL, NULL, '', NULL, '0'),
-- Marcus hobo
(@CGUID+915, '119390', '0', '40', '20', '0', '0', '0', '0', '-1', '0', '0', '-11058.5', '1562.44', '44.0762', '3.58245', '300', '0', '0', '100', '0', NULL, NULL, NULL, NULL, '', NULL, '0');

-- add ghouls to Nights game event 25 to spawn at night
DELETE FROM `game_event_creature` WHERE `guid` IN (@CGUID+910,@CGUID+911,@CGUID+912,@CGUID+913,@CGUID+914,274721,274722,274585,274588,274690);
INSERT INTO `game_event_creature` (`eventEntry`, `guid`) VALUES
(25, @CGUID+910), 
(25, @CGUID+911),
(25, @CGUID+912),
(25, @CGUID+913),
(25, @CGUID+914),
(-25, 274585),
(-25, 274588),
(-25, 274690),
(-25, 274721),
(-25, 274722);

-- Vultros spawns
DELETE FROM `creature` WHERE `id` = 462;
DELETE FROM `creature` WHERE `guid` BETWEEN @CGUID+916 AND @CGUID+931;
INSERT INTO `creature` (`guid`, `id`, `map`, `position_x`, `position_y`, `position_z`, `orientation`, `spawntimesecs`, `wander_distance`, `MovementType`) VALUES
(@CGUID+916, 462, 0, -10416.1, 1244.29, 52.9231, 1.12112, 3600, 10, 1),
(@CGUID+917, 462, 0, -10812.2, 1594.89, 45.5767, 3.77027, 3600, 10, 1),
(@CGUID+918, 462, 0, -10858.9, 1729.85, 39.0217, 5.03084, 3600, 10, 1),
(@CGUID+919, 462, 0, -10746.1, 1402.35, 36.2243, 5.6843, 3600, 10, 1),
(@CGUID+920, 462, 0, -10801.9, 1418.7, 38.4624, 1.94188, 3600, 10, 1),
(@CGUID+921, 462, 0, -10477.4, 1471.47, 53.6513, 5.2162, 3600, 10, 1),
(@CGUID+922, 462, 0, -10425.4, 1426.25, 49.2233, 2.22619, 3600, 10, 1),
(@CGUID+923, 462, 0, -10431.2, 1378.46, 70.494, 0.722943, 3600, 10, 1),
(@CGUID+924, 462, 0, -9955.56, 1228.82, 47.7644, 3.27077, 3600, 10, 1),
(@CGUID+925, 462, 0, -9941.29, 1098.53, 40.6962, 2.56156, 3600, 10, 1),
(@CGUID+926, 462, 0, -10730.7, 802.78, 42.7118, 3.13019, 3600, 10, 1),
(@CGUID+927, 462, 0, -10757.4, 779.167, 40.7259, 4.05696, 3600, 10, 1),
(@CGUID+928, 462, 0, -10770.2, 723.453, 42.2173, 1.87277, 3600, 10, 1),
(@CGUID+929, 462, 0, -11161.7, 845.012, 44.2314, 0.226577, 3600, 10, 1),
(@CGUID+930, 462, 0, -11124.4, 863.032, 45.5566, 0.620062, 3600, 10, 1),
(@CGUID+931, 462, 0, -11131.2, 826.004, 40.7787, 5.17773, 3600, 10, 1);

DELETE FROM `creature` WHERE `guid` BETWEEN @CGUID+932 AND @CGUID+939;
INSERT INTO `creature` VALUES
-- Deadmines (outside) spawns
(@CGUID+932, '596', '0', '40', '6510', '0', '0', '0', '0', '-1', '0', '1', '-11229.1', '1477.09', '19.0713', '3.44822', '3600', '0', '0', '100', '0', NULL, NULL, NULL, NULL, '', NULL, '0'),
(@CGUID+933, '596', '0', '40', '6510', '0', '0', '0', '0', '-1', '0', '1', '-11193.5', '1533.91', '19.8202', '0.529225', '3600', '0', '0', '100', '0', NULL, NULL, NULL, NULL, '', NULL, '0'),
(@CGUID+934, '42390', '0', '40', '6510', '0', '0', '50005', '0', '-1', '0', '0', '-11092.6', '1499.08', '49.9287', '6.23082', '120', '0', '0', '100', '0', NULL, NULL, NULL, NULL, '', NULL, '0'),
(@CGUID+935, '42391', '0', '40', '6510', '0', '0', '50005', '0', '-1', '0', '0', '-11098.4', '1498.19', '49.932', '3.14159', '120', '0', '0', '100', '0', NULL, NULL, NULL, NULL, '', NULL, '0'),
(@CGUID+936, '599', '0', '40', '6510', '0', '0', '0', '0', '-1', '0', '1', '-11218.4', '1544.83', '33.8562', '1.19144', '3600', '5', '0', '100', '1', NULL, NULL, NULL, NULL, '', NULL, '0'),
(@CGUID+937, '596', '0', '40', '6510', '0', '0', '0', '0', '-1', '0', '1', '-11251.5', '1515.33', '37.4923', '5.5862', '3600', '5', '0', '100', '1', NULL, NULL, NULL, NULL, '', NULL, '0'),
(@CGUID+938, '42391', '0', '40', '6510', '0', '0', '50005', '0', '-1', '0', '0', '-11260.5', '1566.41', '34.149', '0.227592', '120', '0', '0', '100', '0', NULL, NULL, NULL, NULL, '', NULL, '0'),
(@CGUID+939, '42391', '0', '0', '0', '0', '0', '50005', '0', '-1', '0', '0', '-11220.7', '1615.41', '33.2954', '2.98451', '120', '0', '0', '100', '0', NULL, NULL, NULL, NULL, '', NULL, '0');

DELETE FROM `creature_addon` WHERE `guid` IN (@CGUID+934,@CGUID+935,@CGUID+938,@CGUID+939);
-- Hobos sitting down
INSERT INTO `creature_addon` (`guid`, `StandState`, `SheathState`, `auras`) VALUES 
(@CGUID+934, 1, 1, ''),
(@CGUID+935, 1, 1, ''),
(@CGUID+938, 1, 1, ''),
(@CGUID+939, 1, 1, '');

SET @POOLID := 900000;
DELETE FROM `pool_template` WHERE `entry` BETWEEN @POOLID+0 AND @POOLID+5;
INSERT INTO `pool_template` (`entry`, `max_limit`, `description`) VALUES
(@POOLID+0, 1, 'Westfall - Vultros Pool'),
(@POOLID+1, 1, 'Westfall - Brainwashed Noble Pool'),
(@POOLID+2, 1, 'Westfall - Deadmines Hobo Spawn'),
(@POOLID+3, 1, 'Westfall - Deadmines Hobo Spawn'),
(@POOLID+4, 1, 'Westfall - Marisa Du Paige'),
(@POOLID+5, 1, 'Westfall - Deadmines Hobo Spawn');

DELETE FROM `pool_members` WHERE `poolSpawnId` BETWEEN @POOLID+0 AND @POOLID+5;
INSERT INTO `pool_members` (`type`, `spawnId`, `poolSpawnId`, `chance`, `description`) VALUES
(0, @CGUID+939, @POOLID+5, 0, 'Westfall - West Plains Drifter - Deadmines'),
(0, 274369, 	@POOLID+5, 0, 'Westfall - Orphan - Deadmines'),

(0, @CGUID+936, @POOLID+4, 0, 'Westfall - Marisa Du Paige - Deadmines'),
(0, 274357, 	@POOLID+4, 0, 'Westfall - Marisa Du Paige - Deadmines'),

(0, @CGUID+935, @POOLID+3, 0, 'Westfall - Small-Time Hustler - Deadmines'),
(0, 274435, 	@POOLID+3, 0, 'Westfall - Orphan - Deadmines'),

(0, @CGUID+934, @POOLID+2, 0, 'Westfall - Small-Time Hustler - Deadmines'),
(0, 274439, 	@POOLID+2, 0, 'Westfall - Orphan - Deadmines'),

(0, @CGUID+932, @POOLID+1, 0, 'Westfall - Brainwashed Noble - Deadmines'),
(0, @CGUID+933, @POOLID+1, 0, 'Westfall - Brainwashed Noble - Deadmines'),
(0, @CGUID+937, @POOLID+1, 0, 'Westfall - Brainwashed Noble - Deadmines'),

(0, @CGUID+916, @POOLID+0, 0, 'Westfall - Vultros - Silent Hill area'),
(0, @CGUID+917, @POOLID+0, 0, 'Westfall - Vultros - Alexton Farmstead'),
(0, @CGUID+918, @POOLID+0, 0, 'Westfall - Vultros - Alexton Farmstead'),
(0, @CGUID+919, @POOLID+0, 0, 'Westfall - Vultros - Stendels Pond'),
(0, @CGUID+920, @POOLID+0, 0, 'Westfall - Vultros - Stendels Pond'),
(0, @CGUID+921, @POOLID+0, 0, 'Westfall - Vultros - The Raging Chasm'),
(0, @CGUID+922, @POOLID+0, 0, 'Westfall - Vultros - The Raging Chasm'),
(0, @CGUID+923, @POOLID+0, 0, 'Westfall - Vultros - The Raging Chasm'),
(0, @CGUID+924, @POOLID+0, 0, 'Westfall - Vultros - Furlbrows Pumpkin Farm'),
(0, @CGUID+925, @POOLID+0, 0, 'Westfall - Vultros - Furlbrows Pumpkin Farm'),
(0, @CGUID+926, @POOLID+0, 0, 'Westfall - Vultros - The Dead Acre'),
(0, @CGUID+927, @POOLID+0, 0, 'Westfall - Vultros - The Dead Acre'),
(0, @CGUID+928, @POOLID+0, 0, 'Westfall - Vultros - The Dead Acre'),
(0, @CGUID+929, @POOLID+0, 0, 'Westfall - Vultros - The Dust Plains'),
(0, @CGUID+930, @POOLID+0, 0, 'Westfall - Vultros - The Dust Plains'),
(0, @CGUID+931, @POOLID+0, 0, 'Westfall - Vultros - The Dust Plains');

-- add more old defias (Pillager & Looter) at Moonbrook / Deadmines
DELETE FROM `creature` WHERE `guid` BETWEEN @CGUID+944 AND @CGUID+1003;
INSERT INTO `creature` VALUES
(@CGUID+944, 589, 0, 40, 20, 0, 0, 50004, 0, -1, 0, 1, -10969.5, 1537.03, 44.7657, 4.97528, 300, 5, 0, 100, 1, NULL, NULL, NULL, NULL, '', NULL, 0),
(@CGUID+945, 589, 0, 40, 20, 0, 0, 50004, 0, -1, 0, 1, -10962.1, 1548.91, 45.6167, 4.83011, 300, 5, 0, 100, 1, NULL, NULL, NULL, NULL, '', NULL, 0),
(@CGUID+946, 589, 0, 40, 20, 0, 0, 50004, 0, -1, 0, 1, -10962.7, 1561.05, 45.6186, 3.27709, 300, 5, 0, 100, 1, NULL, NULL, NULL, NULL, '', NULL, 0),
(@CGUID+947, 589, 0, 40, 20, 0, 0, 50004, 0, -1, 0, 1, -11001.4, 1535.21, 44.0742, 4.8063, 300, 5, 0, 100, 1, NULL, NULL, NULL, NULL, '', NULL, 0),
(@CGUID+948, 589, 0, 40, 20, 0, 0, 50004, 0, -1, 0, 1, -11021.1, 1533.67, 48.9964, 3.19611, 300, 5, 0, 100, 1, NULL, NULL, NULL, NULL, '', NULL, 0),
(@CGUID+949, 589, 0, 40, 20, 0, 0, 50004, 0, -1, 0, 1, -11022.9, 1548.39, 49.0199, 4.62714, 300, 5, 0, 100, 1, NULL, NULL, NULL, NULL, '', NULL, 0),
(@CGUID+950, 589, 0, 40, 20, 0, 0, 50004, 0, -1, 0, 1, -11045.3, 1535.67, 43.2701, 5.50957, 300, 5, 0, 100, 1, NULL, NULL, NULL, NULL, '', NULL, 0),
(@CGUID+951, 589, 0, 40, 20, 0, 0, 50004, 0, -1, 0, 1, -11002.5, 1479.54, 43.2022, 3.67104, 300, 5, 0, 100, 1, NULL, NULL, NULL, NULL, '', NULL, 0),
(@CGUID+952, 589, 0, 40, 20, 0, 0, 50004, 0, -1, 0, 1, -10992.4, 1481.89, 43.7524, 4.76449, 300, 5, 0, 100, 1, NULL, NULL, NULL, NULL, '', NULL, 0),
(@CGUID+953, 589, 0, 40, 20, 0, 0, 50004, 0, -1, 0, 1, -10992, 1480.42, 50.6089, 0.116083, 300, 5, 0, 100, 1, NULL, NULL, NULL, NULL, '', NULL, 0),
(@CGUID+954, 589, 0, 40, 20, 0, 0, 50004, 0, -1, 0, 1, -10975.4, 1492.58, 50.6081, 4.03754, 300, 5, 0, 100, 1, NULL, NULL, NULL, NULL, '', NULL, 0),
(@CGUID+955, 589, 0, 40, 20, 0, 0, 50004, 0, -1, 0, 1, -11041.4, 1437.48, 43.3792, 6.14242, 300, 5, 0, 100, 1, NULL, NULL, NULL, NULL, '', NULL, 0),
(@CGUID+956, 589, 0, 40, 20, 0, 0, 50004, 0, -1, 0, 1, -11039, 1425.68, 44.3615, 0.309684, 300, 5, 0, 100, 1, NULL, NULL, NULL, NULL, '', NULL, 0),
(@CGUID+957, 589, 0, 40, 20, 0, 0, 50004, 0, -1, 0, 1, -11011.5, 1400.54, 45.4653, 6.07611, 300, 5, 0, 100, 1, NULL, NULL, NULL, NULL, '', NULL, 0),
(@CGUID+958, 589, 0, 40, 20, 0, 0, 50004, 0, -1, 0, 1, -10988.3, 1392.99, 45.5022, 0.62615, 300, 5, 0, 100, 1, NULL, NULL, NULL, NULL, '', NULL, 0),
(@CGUID+959, 589, 0, 40, 20, 0, 0, 50004, 0, -1, 0, 1, -10962, 1391.53, 44.5177, 1.57938, 300, 5, 0, 100, 1, NULL, NULL, NULL, NULL, '', NULL, 0),
(@CGUID+960, 589, 0, 40, 20, 0, 0, 50004, 0, -1, 0, 1, -10984.4, 1368.68, 45.194, 1.77043, 300, 5, 0, 100, 1, NULL, NULL, NULL, NULL, '', NULL, 0),
(@CGUID+961, 589, 0, 40, 20, 0, 0, 50004, 0, -1, 0, 1, -11034, 1415.97, 43.4362, 1.14546, 300, 5, 0, 100, 1, NULL, NULL, NULL, NULL, '', NULL, 0),
(@CGUID+962, 589, 0, 40, 20, 0, 0, 50004, 0, -1, 0, 1, -10974.3, 1464.35, 43.2029, 2.93895, 300, 5, 0, 100, 1, NULL, NULL, NULL, NULL, '', NULL, 0),
(@CGUID+963, 589, 0, 40, 20, 0, 0, 50004, 0, -1, 0, 1, -11076.3, 1499.9, 42.8794, 3.75519, 300, 5, 0, 100, 1, NULL, NULL, NULL, NULL, '', NULL, 0),
(@CGUID+964, 589, 0, 40, 20, 0, 0, 50004, 0, -1, 0, 1, -11087.3, 1515.99, 49.7783, 4.22076, 300, 5, 0, 100, 1, NULL, NULL, NULL, NULL, '', NULL, 0),
(@CGUID+965, 589, 0, 40, 20, 0, 0, 50004, 0, -1, 0, 1, -11098.6, 1499.7, 49.852, 4.78844, 300, 5, 0, 100, 1, NULL, NULL, NULL, NULL, '', NULL, 0),
(@CGUID+966, 589, 0, 40, 20, 0, 0, 50004, 0, -1, 0, 1, -11110.2, 1485.78, 32.4136, 3.77875, 300, 5, 0, 100, 1, NULL, NULL, NULL, NULL, '', NULL, 0),
(@CGUID+967, 589, 0, 40, 6510, 0, 0, 50004, 0, -1, 0, 1, -11128.7, 1501.41, 36.2002, 1.05214, 300, 5, 0, 100, 1, NULL, NULL, NULL, NULL, '', NULL, 0),
(@CGUID+968, 589, 0, 40, 6510, 0, 0, 50004, 0, -1, 0, 1, -11088.2, 1529.24, 30.3696, 0.340198, 300, 5, 0, 100, 1, NULL, NULL, NULL, NULL, '', NULL, 0),
(@CGUID+969, 589, 0, 40, 6510, 0, 0, 50004, 0, -1, 0, 1, -11117.1, 1487.84, 23.9211, 4.31754, 300, 5, 0, 100, 1, NULL, NULL, NULL, NULL, '', NULL, 0),
(@CGUID+970, 589, 0, 40, 6510, 0, 0, 50004, 0, -1, 0, 1, -11126, 1510.16, 23.2816, 2.83533, 300, 5, 0, 100, 1, NULL, NULL, NULL, NULL, '', NULL, 0),
(@CGUID+971, 589, 0, 40, 6510, 0, 0, 50004, 0, -1, 0, 1, -11143.2, 1551.76, 20.8445, 2.22156, 300, 5, 0, 100, 1, NULL, NULL, NULL, NULL, '', NULL, 0),
(@CGUID+972, 589, 0, 40, 6510, 0, 0, 50004, 0, -1, 0, 1, -11143.9, 1566.86, 21.7414, 4.49517, 300, 5, 0, 100, 1, NULL, NULL, NULL, NULL, '', NULL, 0),
(@CGUID+973, 589, 0, 40, 6510, 0, 0, 50004, 0, -1, 0, 1, -11176.6, 1553.15, 19.9397, 4.39745, 300, 5, 0, 100, 1, NULL, NULL, NULL, NULL, '', NULL, 0),
(@CGUID+974, 589, 0, 40, 6510, 0, 0, 50004, 0, -1, 0, 1, -11185.4, 1532.33, 20.4021, 4.39745, 300, 5, 0, 100, 1, NULL, NULL, NULL, NULL, '', NULL, 0),
(@CGUID+975, 589, 0, 40, 6510, 0, 0, 50004, 0, -1, 0, 1, -11201.7, 1507.57, 17.3361, 4.39745, 300, 5, 0, 100, 1, NULL, NULL, NULL, NULL, '', NULL, 0),
(@CGUID+976, 589, 0, 40, 6510, 0, 0, 50004, 0, -1, 0, 1, -11212.5, 1484.88, 16.2944, 0.329666, 300, 5, 0, 100, 1, NULL, NULL, NULL, NULL, '', NULL, 0),
(@CGUID+977, 589, 0, 40, 6510, 0, 0, 50004, 0, -1, 0, 1, -11196.2, 1561.25, 27.0901, 1.15806, 300, 5, 0, 100, 1, NULL, NULL, NULL, NULL, '', NULL, 0),
(@CGUID+978, 589, 0, 40, 6510, 0, 0, 50004, 0, -1, 0, 1, -11241.5, 1519.36, 29.6241, 5.64048, 300, 5, 0, 100, 1, NULL, NULL, NULL, NULL, '', NULL, 0),
(@CGUID+979, 589, 0, 40, 6510, 0, 0, 50004, 0, -1, 0, 1, -11269.3, 1542.64, 28.589, 1.79769, 300, 5, 0, 100, 1, NULL, NULL, NULL, NULL, '', NULL, 0),
(@CGUID+980, 589, 0, 40, 6510, 0, 0, 50004, 0, -1, 0, 1, -11250, 1588.56, 33.763, 0.547165, 300, 5, 0, 100, 1, NULL, NULL, NULL, NULL, '', NULL, 0),
(@CGUID+981, 589, 0, 40, 6510, 0, 0, 50004, 0, -1, 0, 1, -11231.2, 1619.11, 32.9728, 2.60814, 300, 5, 0, 100, 1, NULL, NULL, NULL, NULL, '', NULL, 0),
(@CGUID+982, 589, 0, 40, 6510, 0, 0, 50004, 0, -1, 0, 1, -11233.2, 1668.93, 34.3362, 3.22964, 300, 5, 0, 100, 1, NULL, NULL, NULL, NULL, '', NULL, 0),
(@CGUID+983, 589, 0, 40, 6510, 0, 0, 50004, 0, -1, 0, 1, -11256.7, 1647.16, 33.2117, 1.44632, 300, 5, 0, 100, 1, NULL, NULL, NULL, NULL, '', NULL, 0),
(@CGUID+984, 590, 0, 40, 6510, 0, 0, 50004, 0, -1, 0, 1, -11245.9, 1656.81, 32.9258, 0.0662126, 300, 5, 0, 100, 1, NULL, NULL, NULL, NULL, '', NULL, 0),
(@CGUID+985, 590, 0, 40, 6510, 0, 0, 50004, 0, -1, 0, 1, -11224.6, 1636.76, 34.2733, 4.80044, 300, 5, 0, 100, 1, NULL, NULL, NULL, NULL, '', NULL, 0),
(@CGUID+986, 590, 0, 40, 6510, 0, 0, 50004, 0, -1, 0, 1, -11199.9, 1627.1, 28.4491, 6.11043, 300, 5, 0, 100, 1, NULL, NULL, NULL, NULL, '', NULL, 0),
(@CGUID+987, 590, 0, 40, 6510, 0, 0, 50004, 0, -1, 0, 1, -11166.2, 1636.91, 24.122, 0.651336, 300, 5, 0, 100, 1, NULL, NULL, NULL, NULL, '', NULL, 0),
(@CGUID+988, 590, 0, 40, 6510, 0, 0, 50004, 0, -1, 0, 1, -11222.6, 1600.18, 32.6221, 0.0769555, 300, 5, 0, 100, 1, NULL, NULL, NULL, NULL, '', NULL, 0),
(@CGUID+989, 590, 0, 40, 6510, 0, 0, 50004, 0, -1, 0, 1, -11264.1, 1557.59, 34.4449, 3.8546, 300, 5, 0, 100, 1, NULL, NULL, NULL, NULL, '', NULL, 0),
(@CGUID+990, 590, 0, 40, 6510, 0, 0, 50004, 0, -1, 0, 1, -11229.1, 1521.64, 36.8162, 5.43439, 300, 5, 0, 100, 1, NULL, NULL, NULL, NULL, '', NULL, 0),
(@CGUID+991, 590, 0, 40, 6510, 0, 0, 50004, 0, -1, 0, 1, -11278.5, 1512.14, 37.3751, 3.21333, 300, 5, 0, 100, 1, NULL, NULL, NULL, NULL, '', NULL, 0),
(@CGUID+992, 590, 0, 40, 6510, 0, 0, 50004, 0, -1, 0, 1, -11198.4, 1594.73, 29.1637, 0.219802, 300, 5, 0, 100, 1, NULL, NULL, NULL, NULL, '', NULL, 0),
(@CGUID+993, 590, 0, 40, 6510, 0, 0, 50004, 0, -1, 0, 1, -11192.2, 1537.93, 19.6981, 3.90435, 300, 5, 0, 100, 1, NULL, NULL, NULL, NULL, '', NULL, 0),
(@CGUID+994, 590, 0, 40, 6510, 0, 0, 50004, 0, -1, 0, 1, -11174.7, 1519.98, 19.6392, 4.44801, 300, 5, 0, 100, 1, NULL, NULL, NULL, NULL, '', NULL, 0),
(@CGUID+995, 590, 0, 40, 6510, 0, 0, 50004, 0, -1, 0, 1, -11137.5, 1493.97, 25.0916, 6.00147, 300, 5, 0, 100, 1, NULL, NULL, NULL, NULL, '', NULL, 0),
(@CGUID+996, 590, 0, 40, 6510, 0, 0, 50004, 0, -1, 0, 1, -11089.1, 1514.04, 29.5487, 5.50055, 300, 5, 0, 100, 1, NULL, NULL, NULL, NULL, '', NULL, 0),
(@CGUID+997, 590, 0, 40, 20, 0, 0, 50004, 0, -1, 0, 1, -11084.8, 1507.01, 49.7995, 1.30164, 300, 5, 0, 100, 1, NULL, NULL, NULL, NULL, '', NULL, 0),
(@CGUID+998, 590, 0, 40, 20, 0, 0, 50004, 0, -1, 0, 1, -11045.8, 1557.42, 43.4009, 3.58946, 300, 5, 0, 100, 1, NULL, NULL, NULL, NULL, '', NULL, 0),
(@CGUID+999, 590, 0, 40, 20, 0, 0, 50004, 0, -1, 0, 1, -11038, 1516.37, 43.0563, 2.59212, 300, 5, 0, 100, 1, NULL, NULL, NULL, NULL, '', NULL, 0),
(@CGUID+1000, 590, 0, 40, 20, 0, 0, 50004, 0, -1, 0, 1, -11070.2, 1486.22, 43.4477, 3.46958, 300, 5, 0, 100, 1, NULL, NULL, NULL, NULL, '', NULL, 0),
(@CGUID+1001, 590, 0, 40, 20, 0, 0, 50004, 0, -1, 0, 1, -11042.5, 1459.43, 45.3206, 2.47386, 300, 5, 0, 100, 1, NULL, NULL, NULL, NULL, '', NULL, 0),
(@CGUID+1002, 590, 0, 40, 20, 0, 0, 50004, 0, -1, 0, 1, -10991.4, 1448.94, 43.2019, 2.23142, 300, 5, 0, 100, 1, NULL, NULL, NULL, NULL, '', NULL, 0),
(@CGUID+1003, 590, 0, 40, 20, 0, 0, 50004, 0, -1, 0, 1, -10951.1, 1538.61, 44.1129, 2.79517, 300, 5, 0, 100, 1, NULL, NULL, NULL, NULL, '', NULL, 0);